frame_index_relative,timestamp_column_1_relative_ms,timestamp_column_2_relative_ms
0,0,0
1,9,2
2,19,5
3,30,18
4,40,23
5,46,28
6,58,38
7,70,43
8,78,44
9,90,46
10,100,54
11,111,61
12,119,76
13,131,81
14,138,87
15,149,99
16,159,106
17,169,116
18,178,125
19,189,142
20,199,155
21,209,157
22,221,170
23,230,179
24,240,188
25,249,197
26,261,212
27,270,222
28,279,228
29,292,240
30,303,253
31,311,265
32,322,271
33,333,287
34,342,293
35,351,299
36,361,309
37,372,328
38,381,332
39,391,339
40,402,358
41,411,365
42,421,368
43,433,380
44,441,391
45,452,409
46,462,416
47,471,422
48,481,430
49,494,441
50,503,455
51,512,459
52,523,474
53,534,487
54,542,490
55,550,507
56,562,513
57,573,521
58,581,530
59,592,541
60,602,555
61,612,565
62,623,577
63,634,587
64,643,596
65,653,604
66,665,614
67,675,624
68,684,636
69,695,647
70,705,663
71,712,669
72,722,682
73,734,690
74,744,695
75,753,703
76,762,718
77,775,728
78,782,733
79,795,749
80,803,758
81,812,766
82,824,780
83,835,783
84,843,794
85,854,813
86,866,819
87,875,824
88,885,835
89,899,846
90,903,862
91,915,868
92,924,877
93,935,888
94,945,903
95,956,910
96,964,915
97,976,925
98,985,936
99,997,958
100,1005,962
101,1016,971
102,1026,974
103,1037,991
104,1047,1003
105,1058,1006
106,1067,1015
107,1078,1037
108,1088,1041
109,1098,1066
110,1108,1072
111,1115,1075
112,1126,1081
113,1137,1087
114,1148,1098
115,1155,1102
116,1168,1120
117,1177,1132
118,1188,1138
119,1197,1145
120,1209,1163
121,1217,1165
122,1227,1180
123,1239,1191
124,1245,1197
125,1257,1218
126,1267,1219
127,1276,1224
128,1289,1235
129,1299,1251
130,1307,1267
131,1317,1268
132,1330,1283
133,1337,1292
134,1349,1296
135,1358,1306
136,1368,1320
137,1380,1329
138,1390,1340
139,1399,1347
140,1411,1359
141,1418,1370
142,1428,1382
143,1439,1393
144,1450,1405
145,1461,1415
146,1471,1421
147,1480,1430
148,1491,1439
149,1499,1455
150,1510,1457
151,1519,1469
152,1531,1481
153,1539,1488
154,1551,1499
155,1561,1512
156,1569,1526
157,1581,1532
158,1592,1542
159,1601,1551
160,1609,1556
161,1621,1571
162,1632,1583
163,1640,1587
164,1651,1602
165,1661,1609
166,1670,1626
167,1681,1629
168,1690,1648
169,1702,1653
170,1711,1660
171,1720,1674
172,1731,1682
173,1741,1692
174,1751,1705
175,1762,1714
176,1772,1728
177,1783,1732
178,1791,1755
179,1803,1758
180,1811,1764
181,1820,1770
182,1833,1781
183,1842,1792
184,1853,1803
185,1861,1811
186,1872,1823
187,1882,1829
188,1893,1840
189,1902,1849
190,1914,1865
191,1923,1870
192,1932,1881
193,1943,1891
194,1951,1897
195,1964,1913
196,1973,1922
197,1986,1938
198,1992,1942
199,2004,1961
200,2015,1967
201,2023,1973
202,2035,1983
203,2044,1999
204,2055,2003
205,2062,2015
206,2073,2021
207,2084,2034
208,2092,2043
209,2104,2051
210,2115,2068
211,2124,2074
212,2135,2083
213,2144,2093
214,2154,2104
215,2166,2114
216,2174,2122
217,2185,2136
218,2196,2146
219,2203,2157
220,2214,2161
221,2226,2172
222,2237,2190
223,2247,2197
224,2256,2206
225,2265,2211
226,2277,2223
227,2286,2234
228,2296,2247
229,2304,2252
230,2314,2275
231,2327,2289
232,2337,2292
233,2346,2296
234,2356,2308
235,2367,2320
236,2377,2330
237,2388,2339
238,2397,2348
239,2405,2354
240,2418,2368
241,2427,2380
242,2437,2389
243,2445,2404
244,2458,2409
245,2467,2415
246,2479,2427
247,2488,2440
248,2498,2446
249,2507,2460
250,2519,2466
251,2530,2480
252,2539,2507
253,2548,2514
254,2559,2515
255,2567,2517
256,2576,2528
257,2590,2540
258,2597,2549
259,2608,2558
260,2618,2570
261,2629,2576
262,2641,2591
263,2646,2598
264,2659,2606
265,2668,2619
266,2676,2624
267,2690,2638
268,2699,2649
269,2710,2657
270,2720,2669
271,2727,2681
272,2739,2692
273,2749,2696
274,2758,2707
275,2769,2719
276,2779,2732
277,2788,2740
278,2800,2752
279,2809,2761
280,2818,2776
281,2830,2779
282,2839,2795
283,2851,2801
284,2860,2816
285,2870,2830
286,2882,2832
287,2890,2842
288,2901,2849
289,2911,2860
290,2919,2870
291,2931,2879
292,2939,2889
293,2951,2900
294,2959,2907
295,2968,2915
296,2981,2930
297,2990,2947
298,3001,2953
299,3012,2959
300,3018,2966
301,3029,2979
302,3042,2993
303,3052,3004
304,3061,3009
305,3073,3021
306,3081,3032
307,3094,3044
308,3103,3053
309,3109,3060
310,3124,3074
311,3131,3082
312,3140,3093
313,3153,3105
314,3161,3115
315,3172,3124
316,3181,3132
317,3192,3151
318,3204,3152
319,3209,3159
320,3221,3169
321,3235,3187
322,3243,3197
323,3253,3199
324,3263,3213
325,3273,3231
326,3284,3236
327,3293,3243
328,3302,3252
329,3313,3260
330,3324,3273
331,3334,3281
332,3345,3296
333,3354,3315
334,3365,3317
335,3374,3320
336,3385,3333
337,3392,3343
338,3404,3354
339,3414,3362
340,3426,3376
341,3434,3387
342,3445,3405
343,3456,3407
344,3463,3412
345,3474,3422
346,3484,3435
347,3495,3443
348,3505,3458
349,3515,3470
350,3525,3478
351,3535,3485
352,3542,3491
353,3555,3507
354,3564,3518
355,3575,3521
356,3585,3540
357,3595,3550
358,3606,3556
359,3613,3563
360,3627,3578
361,3635,3596
362,3647,3600
363,3656,3604
364,3665,3615
365,3676,3625
366,3686,3637
367,3696,3647
368,3706,3654
369,3716,3674
370,3726,3682
371,3736,3690
372,3747,3698
373,3758,3709
374,3767,3716
375,3779,3729
376,3786,3737
377,3796,3746
378,3807,3768
379,3818,3769
380,3826,3774
381,3837,3793
382,3846,3803
383,3858,3810
384,3869,3820
385,3876,3825
386,3889,3839
387,3896,3850
388,3907,3853
389,3918,3873
390,3930,3879
391,3939,3887
392,3947,3894
393,3959,3907
394,3968,3919
395,3979,3929
396,3988,3936
397,3999,3946
398,4007,3963
399,4017,3966
400,4030,3981
401,4039,3988
402,4049,3998
403,4059,4011
404,4068,4018
405,4080,4036
406,4088,4047
407,4099,4055
408,4110,4061
409,4119,4078
410,4131,7561
411,4138,7575
412,4150,7577
413,4161,7579
414,4171,7583
415,4181,7587
416,4190,7596
417,4201,7598
418,4210,7603
419,4220,7605
420,4232,7607
421,4240,7611
422,4252,7613
423,4259,7615
424,4271,7619
425,4281,7622
426,4292,7628
427,4302,7642
428,4310,7648
429,4322,7651
430,4331,7656
431,4342,7665
432,4351,7666
433,4362,7675
434,4372,7680
435,4381,7682
436,4393,7684
437,4403,7695
438,4413,7705
439,4423,7707
440,4434,7717
441,4442,7725
442,4453,7727
443,4463,7730
444,4473,7732
445,4483,7735
446,4492,7737
447,4503,7741
448,4511,7742
449,4524,7747
450,4533,7752
451,4543,7756
452,4553,7761
453,4563,7766
454,4574,7768
455,4583,7772
456,4595,7782
457,4602,7784
458,4613,7790
459,4623,7796
460,4633,7798
461,4644,7800
462,4655,7801
463,4664,7809
464,4673,7811
465,4684,7812
466,4695,7814
467,4706,7825
468,4715,7829
469,4726,7835
470,4736,7837
471,4745,7842
472,4754,7848
473,4766,7850
474,4777,7851
475,4784,7866
476,4795,7872
477,4805,7887
478,4815,7892
479,4825,7894
480,4836,7904
481,4846,7906
482,4856,7907
483,4864,7909
484,4876,7911
485,4887,7912
486,4895,7914
487,4906,7918
488,4916,7920
489,4925,7922
490,4936,7923
491,4945,7925
492,4957,7930
493,4967,7932
494,4978,7936
495,4984,7940
496,4997,7941
497,5009,7946
498,5017,7951
499,5028,7957
500,5035,7961
501,5048,7964
502,5057,7966
503,5069,7968
504,5077,7978
505,5088,7983
506,5098,7985
507,5108,7996
508,5117,7999
509,5128,8004
510,5137,8008
511,5147,8014
512,5157,8016
513,5165,8020
514,5179,8024
515,5188,8027
516,5198,8039
517,5207,8043
518,5220,8048
519,5229,8052
520,5239,8055
521,5250,8056
522,5259,8058
523,5270,8065
524,5280,8067
525,5288,8069
526,5298,8077
527,5310,8083
528,5320,8097
529,5331,8098
530,5340,8100
531,5347,8105
532,5359,8107
533,5369,8109
534,5380,8114
535,5390,8117
536,5400,8119
537,5410,8121
538,5420,8130
539,5429,8134
540,5440,8148
541,5450,8150
542,5459,8158
543,5470,8159
544,5481,8161
545,5490,8163
546,5501,8165
547,5512,8169
548,5522,8177
549,5530,8179
550,5542,8189
551,5550,8192
552,5561,8197
553,5570,8202
554,5581,8204
555,5590,8205
556,5603,8220
557,5613,8227
558,5619,8232
559,5632,8237
560,5641,8240
561,5653,8245
562,5662,8247
563,5671,8249
564,5682,8251
565,5693,8252
566,5702,8253
567,5713,8255
568,5723,8256
569,5732,8257
570,5740,8259
571,5752,8261
572,5763,8264
573,5772,8275
574,5783,8281
575,5791,8282
576,5804,8287
577,5813,8292
578,5823,8305
579,5832,8306
580,5842,8311
581,5853,8313
582,5861,8317
583,5872,8319
584,5884,8326
585,5894,8327
586,5905,8329
587,5914,8331
588,5925,8332
589,5933,8334
590,5945,8336
591,5955,8341
592,5965,8346
593,5972,8348
594,5985,8354
595,5994,8363
596,6003,8369
597,6014,8376
598,6023,8381
599,6035,8383
600,6044,8389
601,6054,8402
602,6066,8410
603,6075,8413
604,6084,8415
605,6093,8419
606,6104,8430
607,6116,8435
608,6125,8437
609,6136,8439
610,6146,8441
611,6156,8446
612,6166,8448
613,6175,8451
614,6184,8452
615,6194,8463
616,6206,8469
617,6217,8470
618,6227,8477
619,6235,8481
620,6247,8483
621,6255,8493
622,6265,8495
623,6277,8501
624,6288,8503
625,6295,8504
626,6307,8509
627,6316,8517
628,6325,8521
629,6336,8527
630,6348,8537
631,6356,8539
632,6366,8541
633,6378,8544
634,6387,8546
635,6396,8548
636,6408,8553
637,6417,8555
638,6428,8578
639,6438,8585
640,6449,8591
641,6458,8600
642,6468,8603
643,6477,8605
644,6487,8611
645,6496,8621
646,6508,8623
647,6518,8624
648,6527,8626
649,6537,8628
650,6549,8641
651,6559,8649
652,6568,8653
653,6577,8662
654,6587,8666
655,6599,8667
656,6609,8675
657,6620,8682
658,6629,8683
659,6639,8687
660,6650,8693
661,6659,8695
662,6668,8702
663,6678,8703
664,6689,8706
665,6698,8708
666,6709,8711
667,6721,8712
668,6730,8718
669,6738,8721
670,6749,8725
671,6759,8726
672,6769,8728
673,6780,8729
674,6790,8734
675,6808,8735
676,6815,8738
677,6820,8740
678,6831,8747
679,6841,8750
680,6851,8763
681,6860,8767
682,6871,8773
683,6880,8777
684,6889,8783
685,6899,8787
686,6911,8789
687,6922,8790
688,6932,8792
689,6941,8793
690,6950,8803
691,6962,8808
692,6971,8809
693,6981,8811
694,6990,8817
695,7003,8825
696,7013,8826
697,7022,8831
698,7033,8835
699,7043,8843
700,7053,8845
701,7063,8846
702,7074,8852
703,7083,8853
704,7091,8855
705,7103,8858
706,7112,8859
707,7123,8864
708,7132,8865
709,7142,8866
710,7154,8877
711,7163,8883
712,7172,8890
713,7185,8892
714,7193,8895
715,7204,8899
716,7214,8910
717,7224,8919
718,7235,8930
719,7244,8931
720,7254,8939
721,7264,8941
722,7274,8946
723,7283,8958
724,7295,8960
725,7304,8963
726,7313,8967
727,7325,8968
728,7333,8970
729,7343,8979
730,7355,8982
731,7362,8989
732,7374,8996
733,7383,8996
734,7394,9000
735,7405,9005
736,7415,9007
737,7426,9011
738,7436,9013
739,7444,9018
740,7456,9025
741,7465,9027
742,7477,9028
743,7486,9029
744,7495,9044
745,7503,9047
746,7514,9049
747,7526,9052
748,7535,9057
749,7547,9058
750,7556,9060
751,7566,9061
752,7577,9063
753,7586,9064
754,7595,9071
755,7605,9073
756,7613,9078
757,7626,9083
758,7636,9091
759,7646,9093
760,7655,9097
761,7665,9100
762,7675,9102
763,7688,9106
764,7697,9110
765,7706,9115
766,7717,9117
767,7728,9118
768,7736,9127
769,7748,9129
770,7758,9136
771,7766,9138
772,7777,9143
773,7787,9151
774,7797,9153
775,7808,9155
776,7817,9163
777,7827,9165
778,7837,9168
779,7848,9169
780,7856,9176
781,7867,9182
782,7877,9183
783,7885,9191
784,7898,9194
785,7907,9201
786,7918,9209
787,7927,9216
788,7938,9219
789,7949,9221
790,7960,9225
791,7968,9229
792,7977,9236
793,7987,9238
794,7999,9239
795,8007,9240
796,8017,9242
797,8029,9243
798,8038,9255
799,8048,9257
800,8056,9258
801,8071,9259
802,8079,9261
803,8090,9262
804,8098,9264
805,8110,9268
806,8120,9270
807,8128,9274
808,8140,9279
809,8149,9284
810,8158,9291
811,8169,9294
812,8178,9295
813,8189,9296
814,8200,9298
815,8210,9300
816,8218,9302
817,8229,9313
818,8238,9316
819,8249,9318
820,8259,9323
821,8271,9324
822,8280,9326
823,8292,9327
824,8301,9328
825,8310,9329
826,8319,9332
827,8330,9334
828,8339,9335
829,8351,9340
830,8363,9342
831,8372,9350
832,8379,9354
833,8392,9357
834,8400,9370
835,8411,9370
836,8421,9372
837,8430,9375
838,8442,9378
839,8452,9384
840,8461,9386
841,8472,9392
842,8482,9407
843,8491,9411
844,8502,9419
845,8512,9423
846,8523,9425
847,8531,9427
848,8543,9432
849,8552,9440
850,8563,9449
851,8571,9452
852,8582,9453
853,8592,9458
854,8602,9459
855,8611,9461
856,8623,9462
857,8633,9463
858,8643,9465
859,8652,9467
860,8663,9469
861,8674,9470
862,8681,9472
863,8693,9473
864,8704,9475
865,8714,9477
866,8723,9484
867,8734,9488
868,8744,9492
869,8754,9493
870,8762,9495
871,8774,9496
872,8786,9497
873,8796,9499
874,8802,9504
875,8814,9508
876,8824,9510
877,8833,9512
878,8843,9518
879,8854,9519
880,8863,9520
881,8876,9533
882,8885,9535
883,8894,9537
884,8903,9538
885,8916,9540
886,8925,9541
887,8934,9542
888,8945,9547
889,8955,9552
890,8967,9557
891,8974,9561
892,8985,9563
893,8996,9564
894,9007,9567
895,9014,9576
896,9027,9577
897,9033,9579
898,9045,9580
899,9057,9584
900,9065,9598
901,9075,9602
902,9085,9606
903,9096,9607
904,9109,9612
905,9117,9621
906,9127,9624
907,9138,9625
908,9145,9626
909,9157,9629
910,9167,9639
911,9176,9640
912,9187,9641
913,9196,9647
914,9208,9648
915,9217,9650
916,9228,9654
917,9238,9664
918,9247,9666
919,9260,9668
920,9269,9669
921,9275,9674
922,9287,9679
923,9299,9681
924,9308,9684
925,9319,9689
926,9328,9691
927,9338,9694
928,9349,9697
929,9358,9698
930,9369,9712
931,9378,9713
932,9388,9715
933,9400,9717
934,9407,9720
935,9418,9722
936,9430,9725
937,9438,9726
938,9449,9737
939,9460,9738
940,9467,9740
941,9479,9741
942,9488,9743
943,9501,9745
944,9509,9750
945,9520,9752
946,9529,9757
947,9540,9767
948,9552,9768
949,9561,9771
950,9568,9772
951,9579,9773
952,9591,9776
953,9600,9777
954,9609,9780
955,9622,9785
956,9630,9790
957,9639,9793
958,9650,9795
959,9661,9799
960,9668,9800
961,9681,9803
962,9691,9805
963,9699,9806
964,9709,9807
965,9721,9808
966,9732,9810
967,9741,9815
968,9751,9820
969,9762,9821
970,9772,9826
971,9781,9837
972,9793,9838
973,9800,9842
974,9811,9846
975,9822,9848
976,9830,9853
977,9842,9858
978,9851,9860
979,9862,9861
980,9871,9863
981,9882,9864
982,9893,9865
983,9901,9867
984,9911,9868
985,9923,9870
986,9930,9880
987,9941,9889
988,9953,9902
989,9963,9913
990,9971,9921
991,9982,9936
992,9991,9943
993,10004,9951
994,10014,9965
995,10024,9971
996,10035,9983
997,10043,9997
998,10052,10004
999,10065,10016
1000,10073,10024
1001,10085,10033
1002,10092,10045
1003,10103,10051
1004,10113,10065
1005,10125,10075
1006,10133,10082
1007,10144,10091
1008,10155,10105
1009,10167,10117
1010,10173,10124
1011,10185,10131
1012,10196,10147
1013,10204,10151
1014,10215,10167
1015,10223,10179
1016,10235,10185
1017,10245,10215
1018,10255,10216
1019,10263,10223
1020,10276,10225
1021,10285,10233
1022,10296,10247
1023,10304,10252
1024,10316,10264
1025,10327,10276
1026,10335,10282
1027,10346,10292
1028,10356,10307
1029,10367,10319
1030,10378,10327
1031,10386,10342
1032,10396,10347
1033,10406,10352
1034,10416,10362
1035,10423,10372
1036,10435,10384
1037,10447,10396
1038,10454,10416
1039,10468,10424
1040,10474,10429
1041,10486,10437
1042,10499,10450
1043,10508,10458
1044,10518,10468
1045,10528,10479
1046,10536,10485
1047,10546,10494
1048,10558,10511
1049,10566,10518
1050,10577,10526
1051,10586,10536
1052,10597,10544
1053,10605,10556
1054,10618,10569
1055,10630,10588
1056,10638,10589
1057,10648,10600
1058,10659,10608
1059,10666,10615
1060,10678,10624
1061,10689,10637
1062,10698,10645
1063,10706,10656
1064,10719,10675
1065,10727,10679
1066,10737,10687
1067,10750,10703
1068,10758,10709
1069,10769,10719
1070,10778,10737
1071,10789,10740
1072,10798,10752
1073,10808,10763
1074,10819,10770
1075,10830,10784
1076,10839,10790
1077,10850,10799
1078,10858,10809
1079,10869,10827
1080,10879,10839
1081,10889,10843
1082,10896,10845
1083,10908,10855
1084,10920,10877
1085,10928,10881
1086,10941,10894
1087,10951,10898
1088,10961,10915
1089,10969,10927
1090,10979,10932
1091,10990,10944
1092,11000,10950
1093,11009,10963
1094,11020,10974
1095,11029,10980
1096,11041,10989
1097,11052,10999
1098,11061,11009
1099,11070,11021
1100,11081,11038
1101,11091,11045
1102,11100,11054
1103,11111,11058
1104,11120,11073
1105,11133,11084
1106,11142,11100
1107,11152,11104
1108,11161,11114
1109,11171,11123
1110,11180,11128
1111,11193,11140
1112,11203,11154
1113,11213,11165
1114,11222,11174
1115,11230,11180
1116,11243,11197
1117,11250,11199
1118,11262,11212
1119,11271,11226
1120,11282,11234
1121,11291,11247
1122,11304,11254
1123,11314,11264
1124,11323,11283
1125,11335,11293
1126,11342,11297
1127,11352,11309
1128,11362,11320
1129,11373,11325
1130,11383,11330
1131,11394,11347
1132,11403,11352
1133,11413,11361
1134,11423,11372
1135,11432,11384
1136,11443,11391
1137,11453,11402
1138,11462,11409
1139,11472,11420
1140,11484,11433
1141,11494,11447
1142,11504,11456
1143,11513,11461
1144,11523,11471
1145,11535,11489
1146,11543,11493
1147,11555,11505
1148,11562,11510
1149,11575,11525
1150,11586,11537
1151,11594,11545
1152,11605,11553
1153,11614,11563
1154,11625,11582
1155,11635,11589
1156,11645,11597
1157,11656,11614
1158,11664,11622
1159,11673,11624
1160,11686,11638
1161,11696,11649
1162,11706,11661
1163,11716,11664
1164,11725,11683
1165,11736,11687
1166,11745,11696
1167,11753,11708
1168,11766,11719
1169,11775,11721
1170,11785,11735
1171,11796,11746
1172,11807,11754
1173,11817,11770
1174,11828,11779
1175,11836,11787
1176,11845,11804
1177,11858,11806
1178,11868,11814
1179,11877,11825
1180,11886,11836
1181,11896,11851
1182,11909,11864
1183,11918,11870
1184,11927,11882
1185,11939,11891
1186,11947,11897
1187,11957,11908
1188,11968,11917
1189,11979,11934
1190,11988,11946
1191,11998,11954
1192,12009,11966
1193,12018,11973
1194,12027,11976
1195,12040,11986
1196,12050,11999
1197,12059,12013
1198,12069,12024
1199,12080,12031
1200,12088,12044
1201,12099,12046
1202,12108,12058
1203,12120,12068
1204,12130,12078
1205,12138,12085
1206,12149,12098
1207,12158,12106
1208,12169,12119
1209,12179,12128
1210,12189,12141
1211,12199,12150
1212,12209,12162
1213,12218,12168
1214,12229,12175
1215,12240,12188
1216,12252,12201
1217,12263,12212
1218,12270,12229
1219,12278,12230
1220,12289,12242
1221,12300,12251
1222,12310,12269
1223,12321,12273
1224,12329,12283
1225,12340,12290
1226,12349,12297
1227,12360,12321
1228,12370,12328
1229,12379,12331
1230,12391,12339
1231,12402,12357
1232,12412,12362
1233,12420,12374
1234,12432,12381
1235,12441,12393
1236,12451,12409
1237,12462,12414
1238,12470,12430
1239,12482,12432
1240,12493,12443
1241,12502,12455
1242,12513,12461
1243,12521,12468
1244,12532,12487
1245,12542,12498
1246,12551,12502
1247,12561,12512
1248,12571,12527
1249,12582,12535
1250,12592,12541
1251,12601,12554
1252,12612,12569
1253,12624,12571
1254,12631,12581
1255,12642,12591
1256,12651,12601
1257,12663,12613
1258,12674,12622
1259,12682,12633
1260,12694,12649
1261,12703,12657
1262,12711,12659
1263,12723,12671
1264,12732,12681
1265,12742,12692
1266,12753,12702
1267,12764,12713
1268,12774,12723
1269,12785,12734
1270,12796,12747
1271,12802,12751
1272,12816,12767
1273,12824,12774
1274,12835,12782
1275,12843,12796
1276,12854,12803
1277,12863,12826
1278,12875,12828
1279,12884,12842
1280,12894,12844
1281,12904,12858
1282,12914,12863
1283,12924,12872
1284,12934,12885
1285,12945,12896
1286,12954,12908
1287,12965,12914
1288,12977,12928
1289,12985,12943
1290,12995,12946
1291,13006,12953
1292,13016,12965
1293,13025,12973
1294,13033,12982
1295,13047,13004
1296,13054,13007
1297,13066,13020
1298,13076,13026
1299,13087,13037
1300,13095,13045
1301,13105,13055
1302,13117,13064
1303,13125,13073
1304,13139,13087
1305,13144,13101
1306,13158,13108
1307,13167,13116
1308,13176,13125
1309,13185,13135
1310,13195,13149
1311,13207,13158
1312,13216,13164
1313,13226,13173
1314,13238,13188
1315,13247,13195
1316,13257,13213
1317,13266,13222
1318,13276,13226
1319,13286,13233
1320,13297,13250
1321,13308,13262
1322,13315,13274
1323,13327,13275
1324,13337,13291
1325,13348,13300
1326,13358,13308
1327,13368,13321
1328,13378,13330
1329,13389,13337
1330,13400,13352
1331,13408,13366
1332,13419,13368
1333,13429,13378
1334,13438,13389
1335,13448,13400
1336,13458,13410
1337,13471,13419
1338,13479,13436
1339,13488,13443
1340,13498,13453
1341,13510,13469
1342,13519,13470
1343,13530,13479
1344,13538,13484
1345,13552,13504
1346,13561,13510
1347,13571,13527
1348,13581,13536
1349,13590,13540
1350,13600,13555
1351,13610,13564
1352,13620,13571
1353,13630,13582
1354,13641,13596
1355,13651,13601
1356,13659,13608
1357,13669,13627
1358,13680,13634
1359,13688,13640
1360,13700,13659
1361,13711,13663
1362,13718,13669
1363,13731,13678
1364,13742,13690
1365,13750,13697
1366,13760,13709
1367,13772,13721
1368,13782,13734
1369,13790,13743
1370,13800,13751
1371,13811,13762
1372,13823,13772
1373,13832,13792
1374,13843,13799
1375,13851,13806
1376,13861,13811
1377,13870,13827
1378,13882,13833
1379,13891,13842
1380,13901,13853
1381,13912,13864
1382,13923,13874
1383,13931,13885
1384,13943,13901
1385,13954,13903
1386,13961,13914
1387,13973,13931
1388,13984,13934
1389,13991,13942
1390,14004,13961
1391,14013,13968
1392,14021,13980
1393,14034,13987
1394,14043,13991
1395,14053,14003
1396,14062,14010
1397,14073,14023
1398,14084,14043
1399,14093,14050
1400,14104,14057
1401,14113,14072
1402,14126,14074
1403,14135,14089
1404,14144,14099
1405,14154,14102
1406,14160,14113
1407,14173,14123
1408,14182,14135
1409,14195,14142
1410,14204,17914
1411,14215,17924
1412,14224,17936
1413,14235,17939
1414,14245,17942
1415,14257,17944
1416,14266,17946
1417,14275,17951
1418,14287,17957
1419,14295,17959
1420,14303,17965
1421,14316,17970
1422,14326,17975
1423,14337,17979
1424,14346,17980
1425,14356,17983
1426,14366,17987
1427,14378,17989
1428,14386,17998
1429,14397,17999
1430,14408,18001
1431,14417,18003
1432,14427,18004
1433,14438,18011
1434,14447,18013
1435,14457,18021
1436,14468,18028
1437,14479,18032
1438,14486,18037
1439,14497,18039
1440,14507,18039
1441,14518,18041
1442,14528,18045
1443,14538,18047
1444,14549,18050
1445,14557,18054
1446,14568,18055
1447,14578,18057
1448,14587,18060
1449,14597,18069
1450,14606,18071
1451,14617,18073
1452,14629,18074
1453,14637,18076
1454,14649,18078
1455,14658,18080
1456,14667,18082
1457,14677,18086
1458,14687,18087
1459,14698,18096
1460,14708,18098
1461,14717,18105
1462,14728,18115
1463,14737,18126
1464,14749,18136
1465,14759,18141
1466,14771,18149
1467,14780,18151
1468,14789,18153
1469,14799,18155
1470,14811,18157
1471,14820,18161
1472,14830,18165
1473,14837,18176
1474,14850,18181
1475,14860,18193
1476,14869,18198
1477,14879,18203
1478,14890,18208
1479,14901,18211
1480,14910,18217
1481,14921,18222
1482,14929,18223
1483,14937,18229
1484,14951,18239
1485,14960,18241
1486,14969,18246
1487,14982,18252
1488,14990,18257
1489,15000,18263
1490,15011,18265
1491,15020,18266
1492,15030,18269
1493,15040,18279
1494,15052,18281
1495,15063,18285
1496,15071,18288
1497,15081,18293
1498,15092,18301
1499,15102,18303
1500,15113,18308
1501,15122,18315
1502,15133,18323
1503,15141,18328
1504,15152,18330
1505,15161,18331
1506,15172,18338
1507,15181,18341
1508,15191,18348
1509,15202,18350
1510,15215,18354
1511,15223,18357
1512,15233,18365
1513,15243,18372
1514,15254,18374
1515,15262,18376
1516,15273,18378
1517,15284,18386
1518,15293,18388
1519,15303,18390
1520,15313,18397
1521,15325,18402
1522,15333,18409
1523,15341,18416
1524,15354,18423
1525,15363,18426
1526,15372,18430
1527,15383,18436
1528,15395,18442
1529,15402,18443
1530,15416,18446
1531,15424,18452
1532,15434,18459
1533,15445,18460
1534,15455,18462
1535,15465,18464
1536,15476,18465
1537,15485,18466
1538,15494,18473
1539,15506,18483
1540,15514,18487
1541,15524,18489
1542,15535,18493
1543,15546,18496
1544,15555,18500
1545,15565,18502
1546,15575,18503
1547,15584,18504
1548,15596,18506
1549,15605,18507
1550,15614,18509
1551,15625,18510
1552,15636,18522
1553,15644,18524
1554,15655,18527
1555,15667,18534
1556,15674,18536
1557,15685,18539
1558,15697,18548
1559,15704,18555
1560,15717,18556
1561,15726,18559
1562,15735,18564
1563,15747,18566
1564,15756,18576
1565,15767,18586
1566,15776,18587
1567,15786,18589
1568,15798,18597
1569,15806,18599
1570,15818,18603
1571,15826,18605
1572,15837,18610
1573,15847,18612
1574,15858,18614
1575,15867,18617
1576,15877,18624
1577,15887,18627
1578,15898,18628
1579,15907,18630
1580,15917,18635
1581,15926,18642
1582,15936,18648
1583,15946,18652
1584,15958,18659
1585,15967,18666
1586,15980,18668
1587,15987,18672
1588,15997,18675
1589,16008,18677
1590,16019,18680
1591,16027,18683
1592,16037,18685
1593,16050,18686
1594,16060,18687
1595,16067,18689
1596,16080,18692
1597,16089,18694
1598,16099,18695
1599,16110,18699
1600,16119,18710
1601,16128,18712
1602,16139,18714
1603,16149,18716
1604,16158,18717
1605,16168,18718
1606,16179,18720
1607,16189,18721
1608,16199,18725
1609,16210,18733
1610,16219,18738
1611,16229,18739
1612,16240,18741
1613,16250,18747
1614,16260,18751
1615,16271,18752
1616,16281,18753
1617,16289,18764
1618,16302,18769
1619,16309,18772
1620,16320,18782
1621,16330,18783
1622,16342,18796
1623,16349,18797
1624,16361,18799
1625,16371,18800
1626,16379,18801
1627,16391,18802
1628,16401,18803
1629,16410,18811
1630,16421,18821
1631,16432,18828
1632,16441,18833
1633,16452,18839
1634,16463,18841
1635,16471,18842
1636,16482,18843
1637,16490,18844
1638,16503,18846
1639,16510,18848
1640,16524,18850
1641,16531,18856
1642,16542,18865
1643,16552,18866
1644,16562,18867
1645,16572,18869
1646,16581,18870
1647,16592,18871
1648,16604,18873
1649,16612,18877
1650,16624,18879
1651,16634,18880
1652,16644,18885
1653,16654,18890
1654,16663,18892
1655,16675,18895
1656,16683,18898
1657,16694,18899
1658,16704,18900
1659,16714,18902
1660,16724,18903
1661,16734,18904
1662,16743,18910
1663,16754,18911
1664,16765,18917
1665,16773,18920
1666,16783,18926
1667,16793,18933
1668,16804,18935
1669,16813,18944
1670,16823,18949
1671,16832,18951
1672,16846,18954
1673,16854,18959
1674,16865,18963
1675,16875,18973
1676,16885,18982
1677,16893,18984
1678,16903,18986
1679,16915,18991
1680,16925,18995
1681,16934,18998
1682,16945,19000
1683,16953,19011
1684,16966,19012
1685,16976,19013
1686,16986,19020
1687,16995,19022
1688,17007,19023
1689,17016,19025
1690,17027,19036
1691,17037,19037
1692,17046,19042
1693,17054,19056
1694,17067,19059
1695,17076,19061
1696,17087,19063
1697,17098,19065
1698,17107,19066
1699,17117,19067
1700,17126,19068
1701,17137,19069
1702,17147,19072
1703,17157,19073
1704,17165,19078
1705,17177,19081
1706,17187,19089
1707,17198,19093
1708,17207,19098
1709,17216,19103
1710,17226,19107
1711,17237,19108
1712,17247,19114
1713,17257,19116
1714,17269,19118
1715,17279,19128
1716,17288,19134
1717,17298,19144
1718,17308,19144
1719,17317,19150
1720,17327,19152
1721,17337,19159
1722,17349,19160
1723,17356,19162
1724,17368,19165
1725,17378,19170
1726,17389,19174
1727,17400,19175
1728,17411,19177
1729,17418,19178
1730,17429,19179
1731,17439,19180
1732,17449,19189
1733,17457,19191
1734,17469,19206
1735,17478,19207
1736,17488,19215
1737,17500,19226
1738,17509,19231
1739,17519,19235
1740,17530,19238
1741,17541,19242
1742,17549,19244
1743,17560,19248
1744,17569,19255
1745,17579,19257
1746,17589,19258
1747,17600,19262
1748,17612,19268
1749,17622,19270
1750,17634,19271
1751,17640,19278
1752,17649,19279
1753,17662,19287
1754,17671,19290
1755,17682,19291
1756,17689,19292
1757,17701,19298
1758,17710,19300
1759,17721,19302
1760,17730,19303
1761,17742,19304
1762,17751,19312
1763,17761,19318
1764,17772,19321
1765,17784,19328
1766,17791,19332
1767,17801,19335
1768,17812,19337
1769,17822,19343
1770,17831,19345
1771,17842,19347
1772,17850,19348
1773,17861,19356
1774,17872,19362
1775,17882,19363
1776,17894,19365
1777,17902,19366
1778,17911,19368
1779,17922,19368
1780,17932,19371
1781,17943,19379
1782,17954,19381
1783,17962,19382
1784,17973,19388
1785,17981,19396
1786,17993,19411
1787,18002,19412
1788,18013,19414
1789,18023,19423
1790,18031,19425
1791,18042,19428
1792,18052,19430
1793,18063,19431
1794,18073,19433
1795,18085,19438
1796,18094,19442
1797,18104,19458
1798,18111,19461
1799,18124,19466
1800,18133,19472
1801,18142,19475
1802,18153,19480
1803,18163,19487
1804,18174,19488
1805,18183,19489
1806,18193,19493
1807,18204,19496
1808,18213,19498
1809,18225,19504
1810,18233,19506
1811,18245,19507
1812,18254,19510
1813,18264,19512
1814,18274,19514
1815,18285,19525
1816,18293,19531
1817,18304,19533
1818,18315,19534
1819,18325,19539
1820,18335,19550
1821,18345,19558
1822,18352,19564
1823,18364,19571
1824,18374,19583
1825,18383,19584
1826,18395,19586
1827,18406,19587
1828,18413,19593
1829,18424,19597
1830,18436,19599
1831,18446,19601
1832,18454,19608
1833,18464,19610
1834,18476,19620
1835,18486,19631
1836,18497,19635
1837,18504,19637
1838,18515,19649
1839,18524,19652
1840,18536,19653
1841,18547,19655
1842,18556,19657
1843,18565,19664
1844,18574,19671
1845,18587,19675
1846,18595,19693
1847,18606,19694
1848,18615,19707
1849,18628,19709
1850,18637,19718
1851,18646,19727
1852,18657,19730
1853,18667,19738
1854,18677,19740
1855,18688,19741
1856,18699,19743
1857,18707,19748
1858,18717,19749
1859,18726,19759
1860,18738,19760
1861,18745,19762
1862,18758,19769
1863,18770,19770
1864,18778,19779
1865,18789,19780
1866,18797,19782
1867,18808,19790
1868,18819,19794
1869,18829,19796
1870,18838,19802
1871,18847,19808
1872,18859,19809
1873,18867,19812
1874,18875,19818
1875,18889,19823
1876,18900,19827
1877,18908,19832
1878,18919,19834
1879,18929,19839
1880,18940,19847
1881,18949,19855
1882,18961,19858
1883,18968,19866
1884,18979,19868
1885,18988,19878
1886,18999,19880
1887,19009,19885
1888,19018,19889
1889,19031,19891
1890,19039,19892
1891,19049,19894
1892,19060,19895
1893,19070,19897
1894,19081,19898
1895,19091,19909
1896,19099,19918
1897,19110,19925
1898,19118,19927
1899,19132,19932
1900,19140,19934
1901,19151,19946
1902,19159,19949
1903,19171,19952
1904,19181,19962
1905,19189,19969
1906,19202,19972
1907,19209,19975
1908,19221,19979
1909,19232,19985
1910,19242,19989
1911,19251,19996
1912,19261,20000
1913,19268,20001
1914,19279,20007
1915,19289,20010
1916,19302,20011
1917,19312,20017
1918,19322,20019
1919,19334,20021
1920,19343,20026
1921,19353,20035
1922,19363,20037
1923,19372,20040
1924,19383,20046
1925,19391,20055
1926,19401,20066
1927,19414,20068
1928,19423,20074
1929,19435,20081
1930,19443,20085
1931,19453,20087
1932,19464,20089
1933,19472,20090
1934,19482,20096
1935,19492,20099
1936,19503,20106
1937,19513,20108
1938,19523,20114
1939,19535,20119
1940,19546,20125
1941,19553,20127
1942,19564,20129
1943,19573,20131
1944,19583,20135
1945,19593,20136
1946,19604,20144
1947,19616,20146
1948,19625,20148
1949,19633,20154
1950,19644,20156
1951,19653,20162
1952,19664,20164
1953,19673,20173
1954,19683,20174
1955,19695,20183
1956,19704,20184
1957,19715,20189
1958,19726,20190
1959,19734,20193
1960,19745,20195
1961,19757,20197
1962,19766,20198
1963,19774,20200
1964,19784,20210
1965,19795,20221
1966,19805,20226
1967,19817,20227
1968,19826,20229
1969,19835,20232
1970,19846,20236
1971,19857,20238
1972,19866,20245
1973,19875,20247
1974,19884,20248
1975,19895,20249
1976,19906,20266
1977,19917,20271
1978,19925,20273
1979,19937,20275
1980,19946,20279
1981,19957,20291
1982,19965,20295
1983,19975,20298
1984,19986,20301
1985,19998,20307
1986,20006,20312
1987,20016,20327
1988,20027,20329
1989,20036,20330
1990,20050,20332
1991,20057,20334
1992,20067,20339
1993,20076,20342
1994,20086,20343
1995,20099,20345
1996,20107,20350
1997,20119,20356
1998,20125,20357
1999,20137,20359
2000,20149,20372
2001,20158,20374
2002,20168,20376
2003,20179,20378
2004,20187,20380
2005,20199,20382
2006,20209,20384
2007,20217,20387
2008,20229,20389
2009,20239,20400
2010,20249,20403
2011,20260,20416
2012,20268,20421
2013,20278,20423
2014,20289,20428
2015,20298,20430
2016,20311,20433
2017,20320,20436
2018,20328,20438
2019,20338,20439
2020,20348,20442
2021,20358,20445
2022,20369,20448
2023,20379,20450
2024,20389,20461
2025,20400,20466
2026,20411,20470
2027,20422,20485
2028,20429,20488
2029,20439,20494
2030,20449,20496
2031,20460,20501
2032,20470,20509
2033,20480,20514
2034,20491,20515
2035,20500,20523
2036,20511,20525
2037,20519,20532
2038,20532,20537
2039,20541,20542
2040,20551,20544
2041,20562,20549
2042,20573,20559
2043,20582,20562
2044,20590,20568
2045,20601,20570
2046,20612,20571
2047,20621,20576
2048,20633,20583
2049,20640,20592
2050,20653,20605
2051,20660,20610
2052,20673,20628
2053,20683,20630
2054,20692,20641
2055,20702,20657
2056,20711,20667
2057,20723,20676
2058,20730,20683
2059,20741,20688
2060,20751,20697
2061,20764,20717
2062,20773,20723
2063,20784,20736
2064,20793,20747
2065,20803,20755
2066,20812,20769
2067,20824,20774
2068,20834,20788
2069,20841,20790
2070,20854,20803
2071,20863,20813
2072,20872,20822
2073,20885,20837
2074,20893,20842
2075,20905,20860
2076,20912,20870
2077,20924,20876
2078,20935,20883
2079,20944,20894
2080,20953,20904
2081,20963,20915
2082,20974,20926
2083,20982,20931
2084,20996,20946
2085,21003,20957
2086,21015,20964
2087,21026,20975
2088,21032,20979
2089,21044,20990
2090,21055,21007
2091,21066,21018
2092,21074,21024
2093,21086,21037
2094,21093,21045
2095,21104,21052
2096,21113,21066
2097,21127,21078
2098,21135,21087
2099,21145,21100
2100,21156,21105
2101,21165,21118
2102,21174,21125
2103,21187,21143
2104,21197,21150
2105,21205,21163
2106,21217,21165
2107,21225,21176
2108,21235,21193
2109,21245,21194
2110,21256,21204
2111,21266,21217
2112,21275,21223
2113,21287,21236
2114,21295,21246
2115,21306,21255
2116,21315,21265
2117,21327,21280
2118,21337,21287
2119,21348,21299
2120,21358,21305
2121,21366,21316
2122,21378,21330
2123,21387,21340
2124,21396,21348
2125,21408,21359
2126,21419,21366
2127,21428,21376
2128,21437,21392
2129,21446,21404
2130,21457,21417
2131,21468,21420
2132,21476,21429
2133,21488,21444
2134,21499,21449
2135,21508,21455
2136,21519,21470
2137,21527,21480
2138,21539,21490
2139,21548,21496
2140,21559,21505
2141,21570,21518
2142,21577,21523
2143,21591,21539
2144,21600,21548
2145,21610,21556
2146,21619,21566
2147,21630,21581
2148,21639,21588
2149,21650,21599
2150,21658,21612
2151,21668,21618
2152,21680,21628
2153,21687,21639
2154,21700,21651
2155,21709,21662
2156,21719,21667
2157,21730,21689
2158,21741,21691
2159,21749,21695
2160,21758,21707
2161,21770,21720
2162,21780,21730
2163,21790,21743
2164,21801,21754
2165,21811,21764
2166,21819,21770
2167,21831,21783
2168,21843,21794
2169,21849,21797
2170,21861,21810
2171,21873,21828
2172,21879,21834
2173,21890,21839
2174,21901,21851
2175,21910,21856
2176,21922,21869
2177,21933,21882
2178,21940,21889
2179,21950,21903
2180,21961,21917
2181,21972,21921
2182,21979,21927
2183,21993,21953
2184,22003,21966
2185,22010,21973
2186,22021,21974
2187,22033,21984
2188,22041,21994
2189,22053,22002
2190,22061,22013
2191,22072,22024
2192,22082,22030
2193,22092,22045
2194,22102,22052
2195,22112,22061
2196,22122,22074
2197,22132,22089
2198,22143,22098
2199,22152,22107
2200,22163,22111
2201,22172,22123
2202,22183,22144
2203,22194,22149
2204,22203,22151
2205,22213,22165
2206,22222,22176
2207,22233,22182
2208,22245,22194
2209,22252,22206
2210,22263,22212
2211,22275,22224
2212,22283,22229
2213,22295,22241
2214,22306,22252
2215,22313,22264
2216,22324,22274
2217,22332,22283
2218,22343,22295
2219,22354,22300
2220,22365,22316
2221,22374,22323
2222,22385,22335
2223,22393,22349
2224,22402,22351
2225,22416,22364
2226,22425,22375
2227,22437,22389
2228,22446,22397
2229,22454,22403
2230,22465,22419
2231,22475,22424
2232,22485,22443
2233,22496,22445
2234,22504,22454
2235,22514,22461
2236,22526,22474
2237,22535,22485
2238,22545,22494
2239,22553,22510
2240,22566,22514
2241,22576,22529
2242,22587,22534
2243,22595,22545
2244,22606,22557
2245,22615,22567
2246,22627,22583
2247,22636,22589
2248,22647,22595
2249,22655,22607
2250,22665,22612
2251,22677,22632
2252,22686,22637
2253,22698,22649
2254,22707,22658
2255,22716,22663
2256,22728,22678
2257,22737,22686
2258,22747,22695
2259,22759,22715
2260,22769,22731
2261,22778,22732
2262,22788,22739
2263,22796,22747
2264,22808,22756
2265,22818,22766
2266,22827,22776
2267,22837,22785
2268,22847,22797
2269,22859,22809
2270,22868,22825
2271,22878,22828
2272,22888,22836
2273,22900,22851
2274,22909,22861
2275,22917,22866
2276,22929,22885
2277,22937,22895
2278,22947,22911
2279,22958,22916
2280,22969,22929
2281,22980,22931
2282,22988,22941
2283,22998,22952
2284,23010,22963
2285,23017,22972
2286,23029,22991
2287,23040,22992
2288,23048,22995
2289,23062,23014
2290,23070,23021
2291,23079,23036
2292,23091,23039
2293,23101,23049
2294,23111,23062
2295,23121,23070
2296,23129,23086
2297,23139,23091
2298,23150,23102
2299,23160,23110
2300,23170,23119
2301,23180,23127
2302,23190,23140
2303,23199,23148
2304,23213,23166
2305,23222,23170
2306,23231,23182
2307,23240,23194
2308,23253,23210
2309,23260,23213
2310,23270,23221
2311,23280,23230
2312,23290,23238
2313,23299,23252
2314,23313,23264
2315,23321,23267
2316,23331,23282
2317,23341,23296
2318,23351,23299
2319,23362,23312
2320,23372,23324
2321,23381,23328
2322,23393,23346
2323,23401,23355
2324,23410,23356
2325,23422,23369
2326,23431,23382
2327,23442,23390
2328,23452,23405
2329,23463,23409
2330,23470,23421
2331,23481,23440
2332,23492,23444
2333,23501,23450
2334,23513,23470
2335,23524,23474
2336,23531,23480
2337,23543,23494
2338,23553,23502
2339,23563,23515
2340,23576,23523
2341,23582,23531
2342,23592,23547
2343,23605,23555
2344,23614,23568
2345,23625,23575
2346,23636,23587
2347,23646,23591
2348,23651,23609
2349,23663,23615
2350,23673,23624
2351,23684,23632
2352,23695,23645
2353,23704,23666
2354,23715,23672
2355,23724,23673
2356,23734,23684
2357,23743,23692
2358,23755,23706
2359,23765,23716
2360,23777,23726
2361,23783,23733
2362,23795,23744
2363,23806,23756
2364,23815,23765
2365,23826,23776
2366,23836,23787
2367,23845,23793
2368,23857,23806
2369,23865,23811
2370,23875,23829
2371,23885,23836
2372,23894,23843
2373,23905,23853
2374,23915,23868
2375,23926,23878
2376,23938,23889
2377,23947,23897
2378,23954,23904
2379,23965,23918
2380,23976,23926
2381,23986,23937
2382,23995,23941
2383,24004,23951
2384,24015,23971
2385,24024,23975
2386,24034,23984
2387,24048,23997
2388,24056,24008
2389,24064,24016
2390,24075,24028
2391,24087,24036
2392,24098,24047
2393,24107,24054
2394,24117,24065
2395,24128,24082
2396,24137,24091
2397,24149,24098
2398,24158,24110
2399,24167,24117
2400,24177,24127
2401,24188,24142
2402,24197,24150
2403,24206,24161
2404,24218,24169
2405,24229,24180
2406,24236,24192
2407,24247,24196
2408,24258,24207
2409,24269,24227
2410,24279,27791
2411,24286,27792
2412,24299,27794
2413,24307,27797
2414,24317,27799
2415,24330,27809
2416,24338,27812
2417,24350,27814
2418,24359,27816
2419,24369,27818
2420,24380,27820
2421,24391,27825
2422,24400,27828
2423,24410,27841
2424,24420,27853
2425,24429,27860
2426,24441,27862
2427,24450,27865
2428,24459,27866
2429,24471,27868
2430,24482,27874
2431,24491,27878
2432,24501,27884
2433,24512,27887
2434,24520,27892
2435,24532,27900
2436,24539,27904
2437,24550,27909
2438,24561,27915
2439,24572,27917
2440,24584,27921
2441,24591,27923
2442,24601,27924
2443,24611,27925
2444,24623,27929
2445,24633,27933
2446,24642,27934
2447,24651,27936
2448,24661,27938
2449,24671,27940
2450,24682,27951
2451,24692,27955
2452,24702,27958
2453,24714,27969
2454,24724,27972
2455,24734,27975
2456,24741,27977
2457,24753,27981
2458,24762,27983
2459,24772,27984
2460,24784,27986
2461,24792,27990
2462,24803,28000
2463,24812,28005
2464,24822,28006
2465,24833,28016
2466,24843,28021
2467,24853,28032
2468,24864,28033
2469,24872,28040
2470,24884,28042
2471,24893,28047
2472,24902,28054
2473,24914,28059
2474,24924,28064
2475,24934,28066
2476,24943,28068
2477,24955,28072
2478,24964,28075
2479,24976,28079
2480,24984,28089
2481,24996,28090
2482,25005,28094
2483,25012,28097
2484,25024,28100
2485,25035,28101
2486,25045,28102
2487,25055,28105
2488,25066,28115
2489,25075,28122
2490,25085,28126
2491,25095,28142
2492,25106,28147
2493,25115,28149
2494,25125,28150
2495,25134,28154
2496,25146,28167
2497,25156,28169
2498,25165,28170
2499,25176,28173
2500,25186,28174
2501,25195,28176
2502,25207,28177
2503,25216,28181
2504,25226,28184
2505,25236,28189
2506,25246,28196
2507,25257,28205
2508,25266,28207
2509,25277,28208
2510,25288,28216
2511,25299,28218
2512,25308,28221
2513,25319,28224
2514,25328,28226
2515,25337,28239
2516,25345,28241
2517,25356,28242
2518,25368,28245
2519,25375,28256
2520,25388,28258
2521,25397,28260
2522,25407,28262
2523,25418,28265
2524,25429,28266
2525,25436,28268
2526,25447,28270
2527,25458,28271
2528,25467,28273
2529,25479,28275
2530,25491,28278
2531,25499,28283
2532,25509,28286
2533,25518,28287
2534,25528,28291
2535,25538,28293
2536,25548,28296
2537,25558,28298
2538,25568,28301
2539,25577,28303
2540,25589,28304
2541,25597,28306
2542,25608,28306
2543,25620,28309
2544,25629,28311
2545,25639,28315
2546,25648,28316
2547,25657,28321
2548,25668,28322
2549,25677,28324
2550,25689,28329
2551,25700,28338
2552,25708,28342
2553,25718,28345
2554,25729,28347
2555,25741,28349
2556,25750,28354
2557,25760,28357
2558,25771,28367
2559,25780,28371
2560,25791,28374
2561,25801,28383
2562,25811,28384
2563,25821,28385
2564,25831,28393
2565,25839,28395
2566,25851,28407
2567,25863,28416
2568,25871,28433
2569,25881,28435
2570,25890,28441
2571,25900,28442
2572,25911,28443
2573,25920,28445
2574,25933,28449
2575,25942,28455
2576,25952,28456
2577,25962,28464
2578,25972,28468
2579,25980,28470
2580,25992,28471
2581,26002,28477
2582,26010,28487
2583,26023,28490
2584,26032,28493
2585,26042,28500
2586,26052,28515
2587,26062,28517
2588,26071,28518
2589,26082,28520
2590,26093,28525
2591,26103,28529
2592,26112,28530
2593,26124,28543
2594,26133,28545
2595,26143,28547
2596,26154,28552
2597,26164,28554
2598,26174,28556
2599,26183,28564
2600,26195,28569
2601,26204,28575
2602,26213,28577
2603,26226,28583
2604,26234,28588
2605,26246,28590
2606,26254,28601
2607,26263,28607
2608,26274,28614
2609,26285,28619
2610,26294,28620
2611,26305,28622
2612,26315,28625
2613,26325,28632
2614,26333,28636
2615,26343,28637
2616,26354,28645
2617,26365,28649
2618,26374,28655
2619,26385,28657
2620,26395,28662
2621,26404,28664
2622,26415,28668
2623,26425,28673
2624,26434,28679
2625,26445,28682
2626,26456,28688
2627,26465,28689
2628,26475,28702
2629,26486,28707
2630,26495,28709
2631,26505,28711
2632,26515,28725
2633,26527,28727
2634,26535,28728
2635,26546,28729
2636,26557,28732
2637,26567,28734
2638,26576,28735
2639,26588,28738
2640,26598,28740
2641,26605,28742
2642,26617,28744
2643,26628,28745
2644,26637,28751
2645,26646,28759
2646,26657,28761
2647,26667,28763
2648,26677,28768
2649,26687,28779
2650,26697,28781
2651,26706,28791
2652,26715,28794
2653,26727,28808
2654,26738,28823
2655,26748,28824
2656,26758,28829
2657,26767,28831
2658,26777,28833
2659,26788,28845
2660,26798,28847
2661,26808,28854
2662,26818,28855
2663,26829,28861
2664,26839,28865
2665,26849,28874
2666,26859,28877
2667,26867,28879
2668,26877,28886
2669,26889,28886
2670,26899,28889
2671,26910,28895
2672,26921,28896
2673,26929,28901
2674,26938,28902
2675,26949,28904
2676,26960,28906
2677,26968,28909
2678,26979,28912
2679,26990,28914
2680,26999,28915
2681,27010,28921
2682,27021,28923
2683,27027,28928
2684,27040,28929
2685,27050,28930
2686,27060,28932
2687,27070,28943
2688,27078,28946
2689,27089,28948
2690,27100,28950
2691,27109,28951
2692,27119,28956
2693,27131,28958
2694,27141,28963
2695,27151,28966
2696,27161,28972
2697,27170,28973
2698,27179,28983
2699,27191,28986
2700,27200,28987
2701,27210,28991
2702,27221,28993
2703,27231,29002
2704,27241,29003
2705,27252,29005
2706,27262,29008
2707,27271,29011
2708,27280,29012
2709,27292,29014
2710,27302,29021
2711,27313,29023
2712,27322,29024
2713,27331,29033
2714,27343,29036
2715,27349,29037
2716,27361,29040
2717,27373,29046
2718,27381,29052
2719,27390,29054
2720,27403,29056
2721,27414,29058
2722,27422,29059
2723,27433,29061
2724,27443,29062
2725,27451,29064
2726,27462,29067
2727,27473,29073
2728,27482,29078
2729,27495,29080
2730,27505,29081
2731,27513,29087
2732,27520,29092
2733,27534,29097
2734,27544,29098
2735,27552,29103
2736,27565,29107
2737,27574,29110
2738,27584,29117
2739,27595,29119
2740,27603,29126
2741,27613,29134
2742,27625,29139
2743,27636,29141
2744,27641,29147
2745,27654,29148
2746,27665,29149
2747,27672,29156
2748,27684,29162
2749,27695,29164
2750,27704,29172
2751,27714,29176
2752,27725,29178
2753,27736,29179
2754,27745,29181
2755,27754,29182
2756,27764,29184
2757,27775,29185
2758,27785,29188
2759,27797,29191
2760,27806,29199
2761,27815,29202
2762,27825,29204
2763,27834,29210
2764,27844,29213
2765,27853,29214
2766,27865,29216
2767,27873,29218
2768,27884,29230
2769,27895,29234
2770,27906,29239
2771,27914,29240
2772,27926,29245
2773,27935,29246
2774,27945,29252
2775,27955,29254
2776,27964,29259
2777,27975,29261
2778,27985,29265
2779,27996,29274
2780,28006,29275
2781,28015,29277
2782,28024,29282
2783,28036,29291
2784,28045,29294
2785,28055,29298
2786,28067,29304
2787,28077,29307
2788,28086,29319
2789,28096,29321
2790,28106,29326
2791,28116,29333
2792,28127,29334
2793,28136,29338
2794,28144,29342
2795,28157,29346
2796,28166,29354
2797,28176,29356
2798,28186,29358
2799,28198,29364
2800,28206,29366
2801,28217,29367
2802,28228,29368
2803,28238,29370
2804,28248,29374
2805,28258,29376
2806,28268,29377
2807,28278,29378
2808,28290,29390
2809,28297,29398
2810,28308,29405
2811,28317,29407
2812,28331,29411
2813,28340,29413
2814,28348,29416
2815,28361,29422
2816,28368,29429
2817,28377,29430
2818,28389,29432
2819,28398,29434
2820,28410,29440
2821,28420,29442
2822,28427,29444
2823,28439,29448
2824,28448,29454
2825,28458,29456
2826,28469,29458
2827,28480,29459
2828,28491,29460
2829,28501,29461
2830,28510,29463
2831,28519,29465
2832,28532,29466
2833,28540,29467
2834,28549,29469
2835,28558,29471
2836,28569,29472
2837,28579,29473
2838,28591,29475
2839,28598,29476
2840,28609,29478
2841,28619,29480
2842,28629,29482
2843,28638,29482
2844,28650,29484
2845,28660,29485
2846,28669,29488
2847,28682,29488
2848,28691,29490
2849,28700,29493
2850,28710,29500
2851,28721,29502
2852,28732,29508
2853,28740,29519
2854,28751,29521
2855,28761,29523
2856,28770,29526
2857,28781,29535
2858,28794,29536
2859,28803,29538
2860,28811,29554
2861,28820,29556
2862,28832,29569
2863,28843,29583
2864,28851,29589
2865,28863,29594
2866,28872,29596
2867,28881,29601
2868,28893,29604
2869,28901,29606
2870,28912,29618
2871,28921,29622
2872,28933,29628
2873,28941,29639
2874,28950,29641
2875,28962,29643
2876,28973,29647
2877,28983,29648
2878,28994,29656
2879,29001,29660
2880,29012,29661
2881,29022,29662
2882,29034,29670
2883,29041,29681
2884,29054,29683
2885,29063,29686
2886,29074,29687
2887,29083,29696
2888,29093,29698
2889,29103,29700
2890,29115,29717
2891,29124,29718
2892,29135,29719
2893,29143,29723
2894,29155,29725
2895,29163,29729
2896,29174,29731
2897,29189,29733
2898,29192,29744
2899,29206,29746
2900,29216,29747
2901,29225,29749
2902,29236,29751
2903,29244,29761
2904,29252,29762
2905,29265,29764
2906,29276,29771
2907,29286,29772
2908,29297,29774
2909,29304,29776
2910,29317,29778
2911,29328,29782
2912,29336,29787
2913,29346,29793
2914,29355,29794
2915,29366,29796
2916,29376,29799
2917,29385,29804
2918,29397,29805
2919,29408,29810
2920,29416,29812
2921,29427,29817
2922,29435,29819
2923,29445,29820
2924,29457,29821
2925,29465,29825
2926,29477,29827
2927,29486,29828
2928,29495,29829
2929,29507,29831
2930,29518,29832
2931,29525,29833
2932,29539,29835
2933,29545,29837
2934,29556,29840
2935,29565,29856
2936,29577,29863
2937,29589,29865
2938,29598,29867
2939,29609,29870
2940,29618,29871
2941,29628,29872
2942,29636,29878
2943,29648,29882
2944,29659,29883
2945,29669,29887
2946,29679,29891
2947,29691,29902
2948,29699,29903
2949,29707,29905
2950,29719,29906
2951,29729,29914
2952,29738,29916
2953,29748,29919
2954,29757,29920
2955,29769,29924
2956,29780,29931
2957,29789,29933
2958,29800,29936
2959,29811,29940
2960,29819,29941
2961,29831,29942
2962,29839,29944
2963,29848,29945
2964,29858,29947
2965,29869,29949
2966,29879,29951
2967,29890,29952
2968,29900,29953
2969,29909,29955
2970,29920,29960
2971,29932,29961
2972,29939,29967
2973,29950,29977
2974,29961,29979
2975,29971,29980
2976,29980,29982
2977,29990,29986
2978,30002,29993
2979,30012,29998
2980,30020,30000
2981,30031,30001
2982,30039,30002
2983,30050,30004
2984,30059,30017
2985,30071,30020
2986,30081,30032
2987,30089,30041
2988,30102,30058
2989,30110,30063
2990,30121,30075
2991,30130,30077
2992,30141,30090
2993,30153,30100
2994,30164,30112
2995,30172,30120
2996,30182,30129
2997,30192,30147
2998,30203,30152
2999,30211,30160
3000,30221,30180
3001,30232,30188
3002,30240,30194
3003,30253,30202
3004,30264,30224
3005,30273,30227
3006,30282,30239
3007,30294,30248
3008,30303,30254
3009,30310,30260
3010,30322,30270
3011,30332,30282
3012,30343,30302
3013,30354,30304
3014,30362,30310
3015,30373,30328
3016,30384,30332
3017,30393,30343
3018,30405,30362
3019,30413,30366
3020,30424,30369
3021,30435,30392
3022,30443,30394
3023,30453,30407
3024,30463,30418
3025,30474,30424
3026,30484,30436
3027,30493,30444
3028,30504,30452
3029,30514,30464
3030,30525,30473
3031,30534,30485
3032,30546,30495
3033,30554,30510
3034,30565,30513
3035,30576,30524
3036,30584,30534
3037,30594,30543
3038,30606,30567
3039,30613,30572
3040,30626,30573
3041,30634,30585
3042,30644,30594
3043,30655,30608
3044,30666,30613
3045,30676,30623
3046,30686,30647
3047,30696,30650
3048,30707,30654
3049,30715,30669
3050,30725,30672
3051,30736,30691
3052,30746,30699
3053,30755,30710
3054,30766,30713
3055,30776,30732
3056,30786,30734
3057,30797,30746
3058,30806,30757
3059,30815,30765
3060,30826,30786
3061,30837,30793
3062,30847,30796
3063,30857,30806
3064,30869,30820
3065,30875,30824
3066,30886,30840
3067,30897,30845
3068,30906,30858
3069,30915,30865
3070,30928,30883
3071,30936,30893
3072,30949,30899
3073,30957,30911
3074,30968,30915
3075,30977,30927
3076,30988,30940
3077,30998,30947
3078,31010,30960
3079,31020,30976
3080,31030,30981
3081,31037,30995
3082,31049,31003
3083,31058,31007
3084,31069,31020
3085,31078,31029
3086,31089,31038
3087,31099,31046
3088,31108,31061
3089,31121,31069
3090,31127,31076
3091,31140,31091
3092,31149,31099
3093,31158,31106
3094,31166,31113
3095,31177,31128
3096,31189,31142
3097,31199,31156
3098,31209,31158
3099,31219,31172
3100,31227,31182
3101,31240,31196
3102,31249,31200
3103,31258,31204
3104,31270,31217
3105,31278,31225
3106,31291,31242
3107,31298,31253
3108,31310,31265
3109,31318,31268
3110,31329,31278
3111,31341,31294
3112,31350,31306
3113,31359,31312
3114,31371,31326
3115,31383,31334
3116,31390,31343
3117,31401,31352
3118,31411,31359
3119,31421,31370
3120,31430,31382
3121,31440,31391
3122,31453,31406
3123,31462,31413
3124,31471,31421
3125,31482,31430
3126,31490,31444
3127,31503,31463
3128,31512,31469
3129,31522,31495
3130,31531,31497
3131,31542,31502
3132,31552,31510
3133,31564,31518
3134,31572,31528
3135,31583,31530
3136,31591,31550
3137,31602,31555
3138,31611,31565
3139,31623,31578
3140,31632,31590
3141,31642,31590
3142,31652,31599
3143,31662,31618
3144,31672,31627
3145,31680,31631
3146,31691,31640
3147,31702,31653
3148,31713,31668
3149,31724,31679
3150,31734,31686
3151,31746,31695
3152,31753,31700
3153,31763,31714
3154,31772,31726
3155,31783,31735
3156,31795,31743
3157,31805,31755
3158,31814,31766
3159,31824,31773
3160,31833,31782
3161,31843,31790
3162,31853,31802
3163,31863,31810
3164,31876,31829
3165,31886,31840
3166,31895,31851
3167,31906,31858
3168,31915,31865
3169,31924,31874
3170,31935,31886
3171,31945,31897
3172,31956,31906
3173,31964,31921
3174,31974,31927
3175,31985,31938
3176,31995,31953
3177,32006,31959
3178,32015,31968
3179,32027,31978
3180,32034,31983
3181,32047,31998
3182,32054,32007
3183,32065,32012
3184,32077,32027
3185,32086,32040
3186,32097,32047
3187,32108,32059
3188,32116,32072
3189,32125,32077
3190,32138,32087
3191,32146,32092
3192,32156,32107
3193,32167,32116
3194,32178,32133
3195,32186,32141
3196,32196,32153
3197,32206,32158
3198,32216,32166
3199,32226,32173
3200,32235,32181
3201,32248,32194
3202,32257,32209
3203,32267,32222
3204,32278,32231
3205,32286,32236
3206,32297,32249
3207,32307,32257
3208,32318,32270
3209,32327,32276
3210,32338,32294
3211,32347,32298
3212,32357,32315
3213,32369,32318
3214,32378,32335
3215,32389,32341
3216,32396,32348
3217,32409,32361
3218,32418,32371
3219,32428,32380
3220,32438,32387
3221,32449,32401
3222,32458,32406
3223,32469,32419
3224,32482,32429
3225,32490,32437
3226,32499,32448
3227,32508,32461
3228,32519,32469
3229,32528,32477
3230,32538,32486
3231,32550,32509
3232,32559,32516
3233,32570,32523
3234,32580,32535
3235,32591,32544
3236,32600,32548
3237,32611,32563
3238,32621,32570
3239,32631,32582
3240,32640,32590
3241,32652,32600
3242,32661,32614
3243,32671,32629
3244,32680,32631
3245,32689,32639
3246,32699,32650
3247,32709,32664
3248,32718,32667
3249,32730,32680
3250,32740,32688
3251,32751,32703
3252,32761,32710
3253,32771,32731
3254,32783,32742
3255,32792,32745
3256,32803,32752
3257,32811,32761
3258,32822,32771
3259,32831,32781
3260,32842,32792
3261,32852,32800
3262,32863,32814
3263,32871,32821
3264,32884,32841
3265,32892,32846
3266,32903,32857
3267,32912,32868
3268,32923,32871
3269,32932,32889
3270,32943,32896
3271,32951,32900
3272,32962,32911
3273,32973,32921
3274,32983,32929
3275,32993,32942
3276,33004,32954
3277,33012,32966
3278,33024,32971
3279,33033,32981
3280,33042,32994
3281,33051,33003
3282,33063,33020
3283,33074,33023
3284,33082,33038
3285,33092,33040
3286,33103,33051
3287,33114,33062
3288,33122,33074
3289,33135,33085
3290,33143,33091
3291,33153,33107
3292,33164,33114
3293,33175,33131
3294,33186,33137
3295,33193,33143
3296,33206,33156
3297,33215,33166
3298,33223,33173
3299,33233,33185
3300,33244,33198
3301,33254,33213
3302,33266,33217
3303,33274,33236
3304,33284,33237
3305,33294,33243
3306,33305,33252
3307,33316,33263
3308,33323,33274
3309,33336,33291
3310,33345,33301
3311,33354,33303
3312,33366,33314
3313,33377,33329
3314,33386,33338
3315,33393,33342
3316,33406,33355
3317,33415,33362
3318,33428,33377
3319,33436,33388
3320,33446,33405
3321,33457,33407
3322,33467,33423
3323,33476,33430
3324,33487,33441
3325,33494,33444
3326,33506,33453
3327,33516,33470
3328,33527,33478
3329,33537,33496
3330,33547,33501
3331,33557,33513
3332,33568,33522
3333,33577,33525
3334,33588,33539
3335,33596,33546
3336,33607,33554
3337,33618,33570
3338,33628,33579
3339,33637,33586
3340,33647,33602
3341,33657,33610
3342,33669,33622
3343,33678,33632
3344,33689,33639
3345,33699,33646
3346,33707,33664
3347,33719,33671
3348,33727,33679
3349,33738,33692
3350,33749,33705
3351,33758,33708
3352,33768,33717
3353,33777,33731
3354,33788,33736
3355,33799,33750
3356,33809,33766
3357,33819,33772
3358,33828,33776
3359,33838,33787
3360,33849,33806
3361,33860,33811
3362,33868,33820
3363,33878,33829
3364,33888,33843
3365,33899,33851
3366,33910,33857
3367,33920,33867
3368,33932,33885
3369,33941,33889
3370,33948,33896
3371,33961,33910
3372,33970,33921
3373,33982,33931
3374,33990,33946
3375,34001,33954
3376,34011,33958
3377,34022,33973
3378,34033,33983
3379,34041,33995
3380,34052,34007
3381,34061,34011
3382,34072,34022
3383,34082,34039
3384,34090,34042
3385,34099,34054
3386,34113,34072
3387,34122,34075
3388,34131,34079
3389,34140,34092
3390,34151,34102
3391,34160,34113
3392,34171,34122
3393,34180,34128
3394,34192,34140
3395,34202,34150
3396,34213,34160
3397,34223,34169
3398,34231,34176
3399,34242,34191
3400,34253,34203
3401,34263,34215
3402,34273,34222
3403,34282,34231
3404,34291,34237
3405,34301,34250
3406,34311,34264
3407,34323,34278
3408,34330,34287
3409,34344,34300
3410,34354,37998
3411,34361,38002
3412,34372,38004
3413,34381,38011
3414,34394,38016
3415,34403,38018
3416,34414,38019
3417,34425,38022
3418,34434,38023
3419,34443,38025
3420,34456,38031
3421,34467,38034
3422,34473,38036
3423,34485,38038
3424,34495,38043
3425,34505,38045
3426,34513,38050
3427,34525,38052
3428,34535,38054
3429,34545,38056
3430,34556,38061
3431,34564,38062
3432,34575,38066
3433,34587,38068
3434,34595,38071
3435,34605,38076
3436,34615,38082
3437,34626,38084
3438,34636,38086
3439,34645,38088
3440,34655,38089
3441,34667,38093
3442,34676,38095
3443,34685,38097
3444,34697,38100
3445,34706,38104
3446,34715,38106
3447,34727,38110
3448,34736,38112
3449,34745,38116
3450,34758,38118
3451,34767,38119
3452,34775,38120
3453,34785,38122
3454,34798,38124
3455,34806,38125
3456,34816,38128
3457,34828,38129
3458,34836,38132
3459,34846,38133
3460,34857,38135
3461,34868,38141
3462,34879,38144
3463,34889,38146
3464,34898,38148
3465,34909,38150
3466,34919,38153
3467,34928,38155
3468,34939,38157
3469,34950,38158
3470,34958,38161
3471,34969,38163
3472,34978,38165
3473,34989,38172
3474,34997,38178
3475,35008,38180
3476,35019,38195
3477,35027,38203
3478,35039,38204
3479,35049,38207
3480,35060,38208
3481,35071,38209
3482,35078,38216
3483,35090,38218
3484,35100,38222
3485,35110,38230
3486,35118,38232
3487,35130,38233
3488,35139,38236
3489,35148,38240
3490,35160,38245
3491,35170,38246
3492,35180,38247
3493,35190,38249
3494,35198,38253
3495,35210,38255
3496,35221,38257
3497,35231,38258
3498,35242,38263
3499,35252,38267
3500,35261,38278
3501,35271,38280
3502,35281,38282
3503,35291,38283
3504,35300,38286
3505,35312,38287
3506,35322,38293
3507,35333,38295
3508,35341,38298
3509,35351,38300
3510,35363,38313
3511,35372,38319
3512,35381,38321
3513,35392,38326
3514,35403,38330
3515,35411,38332
3516,35420,38334
3517,35432,38338
3518,35443,38342
3519,35452,38344
3520,35462,38352
3521,35471,38360
3522,35483,38367
3523,35493,38370
3524,35503,38372
3525,35512,38373
3526,35524,38379
3527,35532,38381
3528,35543,38385
3529,35550,38390
3530,35563,38397
3531,35573,38399
3532,35583,38402
3533,35593,38404
3534,35604,38406
3535,35614,38408
3536,35624,38409
3537,35633,38411
3538,35644,38417
3539,35654,38422
3540,35664,38429
3541,35673,38433
3542,35682,38436
3543,35694,38438
3544,35704,38444
3545,35714,38447
3546,35723,38451
3547,35733,38457
3548,35744,38459
3549,35753,38462
3550,35764,38465
3551,35775,38467
3552,35784,38469
3553,35793,38472
3554,35806,38473
3555,35815,38475
3556,35825,38476
3557,35836,38481
3558,35846,38484
3559,35857,38488
3560,35864,38506
3561,35874,38508
3562,35883,38509
3563,35894,38510
3564,35906,38512
3565,35916,38515
3566,35926,38517
3567,35935,38519
3568,35946,38521
3569,35956,38524
3570,35966,38526
3571,35976,38527
3572,35985,38536
3573,35995,38538
3574,36007,38540
3575,36016,38545
3576,36027,38547
3577,36037,38548
3578,36048,38550
3579,36057,38551
3580,36066,38557
3581,36076,38562
3582,36086,38569
3583,36098,38571
3584,36108,38573
3585,36116,38576
3586,36125,38579
3587,36137,38586
3588,36148,38587
3589,36157,38591
3590,36167,38596
3591,36176,38601
3592,36185,38603
3593,36198,38606
3594,36208,38615
3595,36218,38620
3596,36229,38624
3597,36239,38630
3598,36247,38632
3599,36258,38637
3600,36267,38642
3601,36278,38654
3602,36289,38664
3603,36297,38668
3604,36307,38671
3605,36319,38675
3606,36329,38681
3607,36340,38682
3608,36349,38687
3609,36360,38692
3610,36370,38693
3611,36380,38696
3612,36389,38697
3613,36398,38699
3614,36408,38700
3615,36418,38704
3616,36431,38714
3617,36441,38719
3618,36451,38721
3619,36459,38723
3620,36471,38724
3621,36480,38725
3622,36489,38728
3623,36501,38731
3624,36511,38732
3625,36518,38734
3626,36531,38737
3627,36542,38740
3628,36550,38743
3629,36560,38746
3630,36572,38748
3631,36580,38750
3632,36591,38751
3633,36601,38753
3634,36612,38754
3635,36621,38756
3636,36631,38757
3637,36641,38759
3638,36652,38760
3639,36661,38762
3640,36673,38764
3641,36681,38766
3642,36694,38767
3643,36700,38769
3644,36712,38770
3645,36723,38771
3646,36732,38773
3647,36740,38775
3648,36749,38778
3649,36759,38780
3650,36770,38781
3651,36782,38782
3652,36796,38784
3653,36803,38785
3654,36812,38787
3655,36823,38788
3656,36834,38790
3657,36843,38791
3658,36853,38793
3659,36864,38794
3660,36874,38796
3661,36884,38799
3662,36893,38801
3663,36902,38803
3664,36912,38808
3665,36924,38810
3666,36933,38814
3667,36943,38816
3668,36953,38817
3669,36963,38818
3670,36977,38821
3671,36984,38822
3672,36994,38823
3673,37002,38825
3674,37013,38826
3675,37024,38827
3676,37032,38830
3677,37044,38834
3678,37055,38839
3679,37065,38846
3680,37076,38848
3681,37086,38849
3682,37094,38851
3683,37105,38852
3684,37115,38854
3685,37123,38855
3686,37134,38859
3687,37142,38861
3688,37155,38863
3689,37166,38865
3690,37177,38866
3691,37184,38868
3692,37194,38872
3693,37205,38874
3694,37216,38879
3695,37226,38881
3696,37235,38883
3697,37247,38885
3698,37256,38887
3699,37265,38888
3700,37276,38889
3701,37286,38891
3702,37298,38892
3703,37307,38894
3704,37316,38896
3705,37325,38897
3706,37337,38900
3707,37346,38904
3708,37356,38910
3709,37366,38915
3710,37377,38917
3711,37386,38918
3712,37398,38919
3713,37408,38920
3714,37416,38921
3715,37426,38923
3716,37436,38924
3717,37448,38926
3718,37459,38928
3719,37466,38929
3720,37478,38931
3721,37489,38932
3722,37497,38934
3723,37508,38936
3724,37519,38938
3725,37527,38943
3726,37538,38953
3727,37549,38955
3728,37557,38956
3729,37567,38958
3730,37578,38959
3731,37589,38961
3732,37597,38962
3733,37609,38964
3734,37619,38966
3735,37626,38968
3736,37638,38970
3737,37649,38972
3738,37658,38974
3739,37669,38978
3740,37679,38980
3741,37688,38981
3742,37699,38983
3743,37706,38984
3744,37719,38985
3745,37728,38987
3746,37740,38988
3747,37749,38990
3748,37759,38991
3749,37769,38992
3750,37780,38995
3751,37790,38997
3752,37800,38999
3753,37809,39003
3754,37822,39006
3755,37829,39008
3756,37840,39010
3757,37851,39011
3758,37860,39014
3759,37870,39016
3760,37882,39018
3761,37891,39020
3762,37901,39021
3763,37911,39022
3764,37921,39023
3765,37930,39024
3766,37941,39026
3767,37952,39027
3768,37961,39029
3769,37970,39030
3770,37982,39032
3771,37992,39033
3772,38002,39035
3773,38012,39036
3774,38022,39038
3775,38031,39040
3776,38040,39042
3777,38052,39044
3778,38060,39045
3779,38071,39047
3780,38083,39051
3781,38092,39054
3782,38102,39056
3783,38112,39058
3784,38122,39059
3785,38133,39060
3786,38141,39062
3787,38153,39063
3788,38162,39065
3789,38172,39067
3790,38184,39069
3791,38192,39071
3792,38202,39072
3793,38212,39079
3794,38221,39083
3795,38232,39085
3796,38244,39088
3797,38252,39089
3798,38263,39091
3799,38273,39092
3800,38283,39094
3801,38293,39097
3802,38304,39098
3803,38312,39100
3804,38323,39102
3805,38332,39104
3806,38345,39109
3807,38354,39113
3808,38362,39116
3809,38373,39117
3810,38383,39119
3811,38393,39121
3812,38403,39123
3813,38412,39124
3814,38424,39125
3815,38434,39128
3816,38443,39129
3817,38454,39130
3818,38466,39131
3819,38473,39133
3820,38485,39134
3821,38493,39136
3822,38502,39140
3823,38515,39142
3824,38524,39144
3825,38533,39148
3826,38545,39150
3827,38554,39153
3828,38566,39154
3829,38574,39155
3830,38583,39158
3831,38594,39159
3832,38606,39160
3833,38614,39162
3834,38625,39163
3835,38635,39164
3836,38646,39166
3837,38657,39168
3838,38664,39170
3839,38676,39171
3840,38685,39173
3841,38694,39174
3842,38708,39176
3843,38716,39180
3844,38725,39181
3845,38736,39183
3846,38745,39185
3847,38756,39186
3848,38766,39189
3849,38776,39191
3850,38785,39192
3851,38796,39194
3852,38805,39196
3853,38816,39198
3854,38826,39200
3855,38836,39202
3856,38846,39203
3857,38855,39205
3858,38867,39209
3859,38879,39212
3860,38888,39213
3861,38898,39216
3862,38909,39217
3863,38917,39219
3864,38927,39220
3865,38935,39222
3866,38948,39223
3867,38958,39224
3868,38968,39226
3869,38977,39228
3870,38986,39231
3871,38998,39232
3872,39010,39234
3873,39016,39236
3874,39027,39237
3875,39040,39240
3876,39049,39243
3877,39058,39248
3878,39070,39250
3879,39079,39251
3880,39087,39253
3881,39100,39255
3882,39107,39256
3883,39120,39259
3884,39127,39260
3885,39140,39263
3886,39150,39265
3887,39161,39267
3888,39172,39269
3889,39179,39270
3890,39190,39272
3891,39199,39273
3892,39211,39275
3893,39219,39277
3894,39229,39282
3895,39240,39284
3896,39250,39285
3897,39260,39287
3898,39272,39288
3899,39280,39292
3900,39291,39293
3901,39299,39295
3902,39312,39296
3903,39318,39298
3904,39331,39299
3905,39341,39301
3906,39351,39303
3907,39361,39307
3908,39371,39318
3909,39380,39327
3910,39392,39341
3911,39401,39348
3912,39409,39356
3913,39419,39366
3914,39430,39376
3915,39442,39389
3916,39449,39395
3917,39460,39407
3918,39469,39415
3919,39480,39427
3920,39490,39438
3921,39503,39449
3922,39512,39463
3923,39520,39469
3924,39530,39481
3925,39540,39488
3926,39554,39501
3927,39563,39511
3928,39573,39520
3929,39582,39532
3930,39590,39539
3931,39601,39551
3932,39613,39561
3933,39623,39581
3934,39632,39584
3935,39644,39596
3936,39653,39602
3937,39662,39614
3938,39672,39630
3939,39684,39633
3940,39693,39643
3941,39703,39651
3942,39715,39663
3943,39722,39671
3944,39733,39684
3945,39745,39700
3946,39753,39704
3947,39764,39711
3948,39774,39725
3949,39784,39737
3950,39793,39741
3951,39802,39751
3952,39813,39774
3953,39824,39781
3954,39833,39787
3955,39842,39792
3956,39856,39810
3957,39865,39821
3958,39874,39822
3959,39884,39833
3960,39894,39842
3961,39904,39854
3962,39915,39862
3963,39925,39872
3964,39935,39888
3965,39945,39901
3966,39954,39904
3967,39966,39915
3968,39973,39921
3969,39984,39932
3970,39996,39947
3971,40006,39956
3972,40016,39969
3973,40025,39979
3974,40036,39986
3975,40045,39992
3976,40055,40010
3977,40065,40014
3978,40077,40030
3979,40085,40036
3980,40097,40046
3981,40109,40059
3982,40115,40075
3983,40126,40083
3984,40136,40088
3985,40146,40103
3986,40157,40105
3987,40167,40115
3988,40176,40126
3989,40188,40139
3990,40197,40151
3991,40208,40159
3992,40217,40174
3993,40227,40178
3994,40238,40190
3995,40246,40193
3996,40258,40205
3997,40268,40215
3998,40277,40225
3999,40286,40236
4000,40297,40246
4001,40308,40254
4002,40319,40270
4003,40328,40281
4004,40338,40291
4005,40348,40304
4006,40358,40308
4007,40368,40319
4008,40377,40325
4009,40389,40339
4010,40398,40351
4011,40409,40359
4012,40420,40369
4013,40430,40381
4014,40438,40389
4015,40449,40398
4016,40460,40407
4017,40468,40421
4018,40479,40431
4019,40489,40437
4020,40501,40449
4021,40507,40460
4022,40519,40468
4023,40530,40481
4024,40542,40493
4025,40549,40502
4026,40559,40508
4027,40568,40521
4028,40581,40533
4029,40589,40537
4030,40601,40557
4031,40609,40570
4032,40622,40576
4033,40632,40584
4034,40640,40589
4035,40651,40597
4036,40662,40610
4037,40672,40619
4038,40680,40642
4039,40693,40651
4040,40702,40655
4041,40711,40667
4042,40722,40671
4043,40732,40680
4044,40740,40687
4045,40750,40699
4046,40761,40708
4047,40772,40729
4048,40782,40731
4049,40790,40738
4050,40802,40759
4051,40812,40763
4052,40821,40774
4053,40832,40788
4054,40843,40797
4055,40853,40801
4056,40862,40811
4057,40872,40822
4058,40880,40829
4059,40893,40844
4060,40903,40848
4061,40914,40862
4062,40924,40874
4063,40934,40882
4064,40945,40895
4065,40953,40906
4066,40963,40910
4067,40973,40920
4068,40983,40930
4069,40994,40946
4070,41003,40953
4071,41014,40961
4072,41024,40976
4073,41031,40980
4074,41044,40994
4075,41053,41005
4076,41063,41011
4077,41074,41021
4078,41085,41036
4079,41095,41042
4080,41105,41052
4081,41115,41065
4082,41123,41073
4083,41133,41101
4084,41143,41109
4085,41154,41112
4086,41165,41118
4087,41172,41121
4088,41186,41140
4089,41194,41148
4090,41203,41154
4091,41215,41166
4092,41226,41180
4093,41234,41186
4094,41245,41200
4095,41254,41201
4096,41265,41215
4097,41274,41221
4098,41285,41232
4099,41297,41246
4100,41303,41257
4101,41316,41267
4102,41325,41273
4103,41335,41285
4104,41347,41299
4105,41354,41302
4106,41366,41316
4107,41376,41324
4108,41386,41334
4109,41396,41345
4110,41406,41364
4111,41418,41368
4112,41426,41381
4113,41436,41387
4114,41446,41404
4115,41457,41410
4116,41468,41416
4117,41478,41429
4118,41487,41436
4119,41496,41444
4120,41506,41454
4121,41517,41467
4122,41528,41480
4123,41537,41490
4124,41547,41503
4125,41558,41513
4126,41566,41516
4127,41574,41521
4128,41588,41536
4129,41597,41547
4130,41607,41559
4131,41619,41566
4132,41627,41580
4133,41638,41594
4134,41649,41597
4135,41658,41607
4136,41668,41620
4137,41678,41630
4138,41687,41635
4139,41700,41652
4140,41709,41659
4141,41719,41668
4142,41730,41681
4143,41739,41688
4144,41748,41699
4145,41758,41707
4146,41770,41721
4147,41780,41727
4148,41790,41738
4149,41798,41745
4150,41814,41764
4151,41817,41769
4152,41831,41779
4153,41841,41789
4154,41852,41808
4155,41863,41816
4156,41868,41823
4157,41880,41828
4158,41891,41842
4159,41901,41857
4160,41910,41860
4161,41921,41870
4162,41931,41878
4163,41942,41892
4164,41951,41899
4165,41960,41913
4166,41972,41919
4167,41981,41935
4168,41992,41942
4169,42000,41953
4170,42010,41959
4171,42021,41976
4172,42031,41980
4173,42040,41995
4174,42051,42011
4175,42063,42023
4176,42069,42025
4177,42084,42032
4178,42094,42043
4179,42100,42047
4180,42113,42064
4181,42121,42082
4182,42132,42084
4183,42142,42096
4184,42153,42109
4185,42161,42114
4186,42170,42122
4187,42182,42140
4188,42193,42143
4189,42201,42155
4190,42213,42163
4191,42221,42175
4192,42231,42189
4193,42241,42193
4194,42252,42207
4195,42263,42215
4196,42273,42223
4197,42281,42233
4198,42293,42241
4199,42305,42256
4200,42313,42266
4201,42322,42270
4202,42333,42281
4203,42344,42294
4204,42354,42305
4205,42363,42319
4206,42373,42326
4207,42382,42331
4208,42391,42343
4209,42403,42351
4210,42414,42368
4211,42422,42379
4212,42432,42381
4213,42443,42393
4214,42455,42411
4215,42465,42415
4216,42472,42423
4217,42484,42435
4218,42493,42447
4219,42503,42460
4220,42514,42464
4221,42523,42475
4222,42534,42491
4223,42545,42508
4224,42554,42512
4225,42565,42518
4226,42576,42523
4227,42584,42538
4228,42595,42543
4229,42605,42553
4230,42616,42571
4231,42626,42578
4232,42634,42591
4233,42647,42597
4234,42655,42605
4235,42666,42613
4236,42675,42628
4237,42687,42638
4238,42698,42649
4239,42704,42654
4240,42718,42664
4241,42725,42672
4242,42736,42684
4243,42745,42693
4244,42757,42705
4245,42766,42715
4246,42775,42726
4247,42788,42734
4248,42796,42747
4249,42805,42768
4250,42816,42777
4251,42825,42778
4252,42837,42788
4253,42846,42802
4254,42856,42816
4255,42867,42820
4256,42876,42826
4257,42888,42834
4258,42898,42849
4259,42907,42862
4260,42918,42866
4261,42929,42878
4262,42937,42891
4263,42949,42911
4264,42959,42916
4265,42967,42917
4266,42978,42930
4267,42989,42940
4268,42999,42948
4269,43008,42956
4270,43018,42972
4271,43030,42977
4272,43039,42992
4273,43047,42995
4274,43059,43012
4275,43067,43019
4276,43077,43028
4277,43089,43039
4278,43099,43058
4279,43109,43066
4280,43120,43071
4281,43130,43080
4282,43138,43086
4283,43148,43100
4284,43160,43110
4285,43169,43120
4286,43180,43129
4287,43190,43140
4288,43201,43152
4289,43211,43166
4290,43219,43169
4291,43229,43177
4292,43239,43191
4293,43250,43203
4294,43260,43211
4295,43270,43217
4296,43281,43230
4297,43290,43241
4298,43301,43253
4299,43310,43258
4300,43318,43268
4301,43331,43277
4302,43341,43295
4303,43351,43304
4304,43360,43312
4305,43370,43330
4306,43382,43337
4307,43390,43344
4308,43401,43352
4309,43412,43360
4310,43421,43376
4311,43431,43385
4312,43442,43396
4313,43451,43406
4314,43462,43411
4315,43472,43421
4316,43481,43431
4317,43492,43442
4318,43502,43450
4319,43513,43461
4320,43522,43470
4321,43531,43479
4322,43542,43493
4323,43555,43506
4324,43562,43510
4325,43574,43522
4326,43583,43530
4327,43591,43541
4328,43603,43558
4329,43612,43561
4330,43624,43579
4331,43634,43593
4332,43642,43595
4333,43653,43605
4334,43662,43611
4335,43674,43624
4336,43681,43630
4337,43694,43644
4338,43702,43651
4339,43712,43665
4340,43722,43679
4341,43734,43683
4342,43744,43693
4343,43754,43701
4344,43764,43714
4345,43773,43730
4346,43785,43733
4347,43796,43748
4348,43803,43758
4349,43815,43768
4350,43824,43772
4351,43833,43779
4352,43846,43794
4353,43855,43805
4354,43865,43816
4355,43874,43821
4356,43886,43839
4357,43896,43848
4358,43906,43856
4359,43917,43865
4360,43924,43870
4361,43934,43880
4362,43945,43899
4363,43956,43920
4364,43965,43927
4365,43975,43930
4366,43983,43933
4367,43996,43948
4368,44006,43956
4369,44017,43970
4370,44026,43976
4371,44036,43991
4372,44045,43994
4373,44055,44003
4374,44065,44015
4375,44076,44028
4376,44088,44041
4377,44096,44048
4378,44106,44055
4379,44116,44068
4380,44125,44071
4381,44137,44086
4382,44148,44101
4383,44158,44106
4384,44167,44117
4385,44179,44132
4386,44188,44140
4387,44198,44151
4388,44207,44158
4389,44216,44165
4390,44229,44177
4391,44239,44193
4392,44248,44196
4393,44255,44208
4394,44267,44226
4395,44279,44229
4396,44286,44234
4397,44296,44247
4398,44309,44258
4399,44317,44271
4400,44328,44278
4401,44339,44289
4402,44351,44302
4403,44359,44309
4404,44369,44318
4405,44377,44324
4406,44390,44351
4407,44399,44358
4408,44409,44361
4409,44418,44370
4410,44428,47981
4411,44440,47987
4412,44448,47991
4413,44461,47997
4414,44471,48006
4415,44480,48007
4416,44491,48009
4417,44500,48017
4418,44509,48020
4419,44520,48026
4420,44529,48029
4421,44539,48036
4422,44551,48042
4423,44562,48045
4424,44569,48046
4425,44581,48052
4426,44590,48058
4427,44600,48061
4428,44610,48063
4429,44621,48066
4430,44632,48070
4431,44641,48071
4432,44652,48078
4433,44662,48080
4434,44671,48083
4435,44682,48087
4436,44693,48089
4437,44702,48093
4438,44711,48103
4439,44722,48106
4440,44731,48108
4441,44742,48110
4442,44751,48117
4443,44762,48124
4444,44772,48125
4445,44783,48130
4446,44793,48134
4447,44802,48137
4448,44812,48143
4449,44823,48146
4450,44832,48149
4451,44842,48150
4452,44852,48156
4453,44863,48158
4454,44872,48160
4455,44882,48164
4456,44894,48166
4457,44903,48172
4458,44912,48174
4459,44922,48179
4460,44935,48181
4461,44944,48187
4462,44953,48192
4463,44963,48194
4464,44974,48198
4465,44984,48205
4466,44995,48209
4467,45004,48210
4468,45014,48213
4469,45024,48216
4470,45035,48217
4471,45045,48219
4472,45053,48227
4473,45064,48230
4474,45076,48233
4475,45084,48238
4476,45094,48239
4477,45104,48244
4478,45114,48248
4479,45125,48250
4480,45136,48252
4481,45145,48254
4482,45156,48255
4483,45167,48258
4484,45173,48261
4485,45185,48263
4486,45196,48269
4487,45205,48271
4488,45216,48273
4489,45225,48277
4490,45236,48282
4491,45245,48284
4492,45256,48286
4493,45265,48288
4494,45276,48298
4495,45286,48300
4496,45297,48302
4497,45307,48303
4498,45315,48305
4499,45324,48311
4500,45337,48312
4501,45348,48320
4502,45357,48329
4503,45365,48333
4504,45376,48339
4505,45388,48341
4506,45396,48343
4507,45407,48346
4508,45418,48347
4509,45428,48348
4510,45436,48351
4511,45447,48352
4512,45456,48353
4513,45467,48355
4514,45476,48357
4515,45487,48360
4516,45499,48365
4517,45507,48383
4518,45518,48385
4519,45529,48394
4520,45539,48396
4521,45548,48399
4522,45559,48401
4523,45568,48410
4524,45577,48414
4525,45589,48416
4526,45600,48421
4527,45608,48429
4528,45618,48434
4529,45628,48438
4530,45639,48443
4531,45648,48450
4532,45659,48462
4533,45669,48465
4534,45679,48471
4535,45690,48478
4536,45699,48479
4537,45709,48481
4538,45720,48483
4539,45729,48484
4540,45739,48486
4541,45751,48487
4542,45759,48492
4543,45769,48495
4544,45780,48497
4545,45790,48509
4546,45799,48513
4547,45811,48516
4548,45819,48523
4549,45830,48535
4550,45840,48536
4551,45851,48549
4552,45859,48556
4553,45870,48559
4554,45880,48561
4555,45891,48563
4556,45901,48568
4557,45910,48570
4558,45918,48573
4559,45931,48577
4560,45940,48579
4561,45951,48588
4562,45962,48590
4563,45971,48592
4564,45981,48599
4565,45990,48606
4566,46002,48608
4567,46011,48609
4568,46022,48621
4569,46032,48629
4570,46041,48637
4571,46053,48642
4572,46063,48643
4573,46071,48648
4574,46083,48649
4575,46090,48651
4576,46102,48652
4577,46112,48654
4578,46121,48656
4579,46131,48668
4580,46142,48673
4581,46151,48684
4582,46162,48686
4583,46173,48687
4584,46182,48689
4585,46193,48694
4586,46204,48700
4587,46212,48711
4588,46223,48712
4589,46235,48714
4590,46242,48715
4591,46252,48716
4592,46264,48718
4593,46273,48719
4594,46284,48721
4595,46294,48724
4596,46305,48726
4597,46314,48738
4598,46324,48743
4599,46333,48753
4600,46344,48763
4601,46354,48768
4602,46365,48771
4603,46374,48772
4604,46384,48774
4605,46393,48775
4606,46406,48777
4607,46413,48779
4608,46425,48793
4609,46434,48799
4610,46444,48803
4611,46456,48804
4612,46466,48813
4613,46475,48814
4614,46484,48816
4615,46494,48819
4616,46506,48821
4617,46516,48827
4618,46525,48830
4619,46535,48832
4620,46545,48835
4621,46555,48838
4622,46566,48849
4623,46576,48860
4624,46585,48863
4625,46594,48865
4626,46607,48867
4627,46615,48870
4628,46626,48874
4629,46637,48883
4630,46647,48884
4631,46657,48886
4632,46668,48891
4633,46677,48897
4634,46687,48899
4635,46697,48913
4636,46706,48917
4637,46718,48919
4638,46727,48921
4639,46737,48939
4640,46745,48941
4641,46758,48946
4642,46768,48948
4643,46777,48949
4644,46786,48951
4645,46796,48962
4646,46809,48964
4647,46816,48967
4648,46826,48972
4649,46838,48975
4650,46849,48977
4651,46858,48979
4652,46868,48986
4653,46878,48990
4654,46889,48996
4655,46898,49005
4656,46908,49009
4657,46917,49010
4658,46927,49012
4659,46937,49013
4660,46949,49014
4661,46958,49018
4662,46970,49026
4663,46980,49032
4664,46988,49034
4665,46999,49039
4666,47010,49054
4667,47020,49055
4668,47029,49057
4669,47040,49058
4670,47049,49065
4671,47059,49071
4672,47070,49078
4673,47079,49080
4674,47089,49082
4675,47098,49084
4676,47110,49085
4677,47119,49087
4678,47130,49088
4679,47139,49090
4680,47151,49094
4681,47160,49096
4682,47170,49098
4683,47179,49101
4684,47191,49105
4685,47201,49113
4686,47211,49116
4687,47222,49117
4688,47231,49119
4689,47240,49121
4690,47252,49122
4691,47259,49128
4692,47270,49132
4693,47281,49138
4694,47292,49145
4695,47301,49147
4696,47312,49148
4697,47321,49153
4698,47331,49155
4699,47341,49160
4700,47351,49163
4701,47359,49169
4702,47371,49173
4703,47382,49178
4704,47391,49183
4705,47402,49184
4706,47412,49192
4707,47422,49196
4708,47434,49205
4709,47444,49212
4710,47451,49214
4711,47462,49218
4712,47472,49221
4713,47482,49225
4714,47492,49230
4715,47504,49239
4716,47513,49248
4717,47527,49252
4718,47532,49256
4719,47542,49260
4720,47554,49261
4721,47563,49262
4722,47574,49264
4723,47584,49273
4724,47594,49275
4725,47603,49277
4726,47614,49284
4727,47624,49286
4728,47633,49289
4729,47644,49290
4730,47654,49296
4731,47664,49304
4732,47676,49308
4733,47684,49311
4734,47696,49312
4735,47705,49314
4736,47716,49316
4737,47723,49327
4738,47735,49329
4739,47745,49332
4740,47754,49339
4741,47765,49352
4742,47776,49358
4743,47786,49366
4744,47792,49368
4745,47805,49374
4746,47815,49375
4747,47825,49383
4748,47837,49390
4749,47847,49399
4750,47856,49403
4751,47866,49409
4752,47876,49413
4753,47886,49414
4754,47894,49426
4755,47906,49435
4756,47916,49441
4757,47926,49442
4758,47936,49449
4759,47947,49451
4760,47957,49459
4761,47965,49461
4762,47977,49463
4763,47987,49464
4764,47996,49466
4765,48006,49469
4766,48016,49472
4767,48026,49483
4768,48038,49485
4769,48044,49497
4770,48054,49504
4771,48068,49505
4772,48074,49514
4773,48086,49515
4774,48094,49517
4775,48105,49518
4776,48115,49519
4777,48127,49521
4778,48136,49522
4779,48145,49526
4780,48157,49527
4781,48169,49529
4782,48177,49536
4783,48185,49541
4784,48199,49542
4785,48209,49546
4786,48217,49547
4787,48228,49548
4788,48241,49550
4789,48247,49561
4790,48259,49574
4791,48266,49576
4792,48276,49578
4793,48288,49579
4794,48296,49580
4795,48307,49586
4796,48317,49588
4797,48328,49589
4798,48337,49591
4799,48349,49597
4800,48358,49599
4801,48370,49601
4802,48380,49602
4803,48389,49603
4804,48398,49605
4805,48409,49607
4806,48418,49608
4807,48429,49610
4808,48438,49614
4809,48449,49616
4810,48459,49619
4811,48471,49620
4812,48478,49631
4813,48489,49641
4814,48501,49645
4815,48510,49647
4816,48520,49650
4817,48530,49659
4818,48541,49661
4819,48550,49662
4820,48560,49663
4821,48568,49673
4822,48579,49678
4823,48592,49681
4824,48600,49692
4825,48607,49695
4826,48617,49702
4827,48629,49712
4828,48642,49714
4829,48650,49716
4830,48663,49717
4831,48670,49718
4832,48682,49720
4833,48691,49721
4834,48703,49725
4835,48712,49727
4836,48720,49736
4837,48731,49743
4838,48742,49751
4839,48749,49754
4840,48764,49758
4841,48773,49759
4842,48784,49761
4843,48792,49767
4844,48802,49769
4845,48813,49770
4846,48821,49772
4847,48831,49778
4848,48842,49780
4849,48852,49782
4850,48864,49792
4851,48870,49798
4852,48882,49804
4853,48893,49810
4854,48902,49811
4855,48915,49814
4856,48920,49815
4857,48933,49819
4858,48943,49821
4859,48952,49828
4860,48964,49834
4861,48972,49838
4862,48981,49842
4863,48993,49843
4864,49002,49845
4865,49015,49846
4866,49025,49847
4867,49033,49848
4868,49043,49850
4869,49053,49852
4870,49064,49854
4871,49073,49859
4872,49084,49861
4873,49095,49863
4874,49105,49873
4875,49113,49885
4876,49122,49890
4877,49135,49893
4878,49146,49902
4879,49154,49905
4880,49166,49915
4881,49174,49917
4882,49184,49919
4883,49193,49936
4884,49205,49940
4885,49213,49941
4886,49224,49943
4887,49233,49952
4888,49247,49956
4889,49256,49958
4890,49264,49981
4891,49275,49984
4892,49286,49986
4893,49295,49988
4894,49306,49992
4895,49315,49997
4896,49326,49999
4897,49336,50004
4898,49343,50010
4899,49355,50015
4900,49364,50021
4901,49379,50023
4902,49385,50024
4903,49395,50026
4904,49406,50027
4905,49415,50036
4906,49426,50038
4907,49437,50040
4908,49447,50042
4909,49456,50048
4910,49465,50050
4911,49478,50054
4912,49487,50055
4913,49497,50063
4914,49508,50073
4915,49517,50075
4916,49526,50076
4917,49538,50082
4918,49547,50083
4919,49559,50085
4920,49566,50087
4921,49579,50088
4922,49588,50089
4923,49597,50093
4924,49606,50098
4925,49617,50099
4926,49628,50104
4927,49638,50112
4928,49647,50116
4929,49657,50117
4930,49666,50119
4931,49676,50121
4932,49687,50122
4933,49697,50124
4934,49710,50125
4935,49719,50137
4936,49729,50149
4937,49740,50151
4938,49749,50153
4939,49760,50155
4940,49769,50159
4941,49779,50162
4942,49789,50171
4943,49799,50174
4944,49810,50177
4945,49819,50178
4946,49829,50180
4947,49837,50188
4948,49851,50190
4949,49860,50192
4950,49871,50194
4951,49880,50195
4952,49891,50201
4953,49900,50204
4954,49910,50206
4955,49922,50207
4956,49930,50209
4957,49941,50211
4958,49950,50212
4959,49960,50213
4960,49971,50215
4961,49980,50216
4962,49991,50217
4963,50001,50219
4964,50011,50222
4965,50019,50224
4966,50031,50226
4967,50040,50227
4968,50052,50229
4969,50062,50231
4970,50071,50236
4971,50082,50238
4972,50091,50242
4973,50103,50244
4974,50114,50245
4975,50122,50251
4976,50133,50253
4977,50141,50256
4978,50152,50257
4979,50163,50259
4980,50171,50261
4981,50183,50263
4982,50192,50268
4983,50202,50269
4984,50213,50272
4985,50223,50274
4986,50233,50278
4987,50244,50279
4988,50251,50289
4989,50263,50290
4990,50274,50301
4991,50284,50307
4992,50293,50309
4993,50305,50317
4994,50314,50319
4995,50323,50321
4996,50335,50327
4997,50344,50329
4998,50354,50339
4999,50364,50344
5000,50373,50347
5001,50381,50350
5002,50393,50352
5003,50403,50354
5004,50412,50362
5005,50425,50376
5006,50433,50381
5007,50445,50392
5008,50455,50411
5009,50463,50414
5010,50472,50428
5011,50484,50439
5012,50494,50441
5013,50504,50453
5014,50517,50469
5015,50524,50477
5016,50535,50492
5017,50546,50496
5018,50553,50508
5019,50566,50519
5020,50575,50522
5021,50588,50537
5022,50595,50543
5023,50606,50552
5024,50617,50572
5025,50626,50576
5026,50636,50588
5027,50647,50599
5028,50655,50607
5029,50664,50616
5030,50676,50624
5031,50687,50636
5032,50696,50649
5033,50705,50653
5034,50714,50663
5035,50725,50674
5036,50736,50686
5037,50746,50706
5038,50757,50715
5039,50767,50720
5040,50777,50729
5041,50786,50733
5042,50796,50743
5043,50806,50759
5044,50817,50770
5045,50827,50776
5046,50837,50786
5047,50846,50797
5048,50857,50807
5049,50867,50817
5050,50877,50824
5051,50889,50836
5052,50898,50850
5053,50907,50860
5054,50919,50871
5055,50927,50878
5056,50935,50885
5057,50948,50898
5058,50959,50909
5059,50968,50917
5060,50977,50933
5061,50989,50941
5062,50998,50949
5063,51007,50955
5064,51017,50967
5065,51029,50979
5066,51040,50994
5067,51047,50995
5068,51059,51009
5069,51069,51020
5070,51079,51029
5071,51088,51037
5072,51100,51048
5073,51111,51059
5074,51119,51069
5075,51129,51087
5076,51138,51097
5077,51149,51102
5078,51159,51108
5079,51169,51116
5080,51181,51132
5081,51189,51140
5082,51198,51149
5083,51210,51159
5084,51220,51172
5085,51230,51178
5086,51240,51191
5087,51252,51199
5088,51259,51207
5089,51272,51218
5090,51278,51231
5091,51291,51240
5092,51300,51248
5093,51311,51266
5094,51320,51273
5095,51330,51282
5096,51340,51296
5097,51351,51306
5098,51361,51309
5099,51371,51322
5100,51382,51328
5101,51391,51342
5102,51402,51356
5103,51413,51366
5104,51423,51376
5105,51431,51388
5106,51442,51390
5107,51450,51401
5108,51461,51415
5109,51472,51421
5110,51484,51433
5111,51492,51442
5112,51502,51449
5113,51512,51463
5114,51523,51473
5115,51533,51484
5116,51543,51493
5117,51552,51500
5118,51564,51517
5119,51573,51525
5120,51582,51530
5121,51592,51545
5122,51603,51554
5123,51613,51567
5124,51626,51582
5125,51633,51585
5126,51642,51590
5127,51656,51607
5128,51664,51631
5129,51675,51642
5130,51684,51645
5131,51694,51648
5132,51703,51659
5133,51715,51668
5134,51723,51676
5135,51736,51690
5136,51744,51693
5137,51752,51703
5138,51762,51711
5139,51775,51722
5140,51783,51733
5141,51794,51744
5142,51805,51753
5143,51814,51762
5144,51823,51774
5145,51834,51789
5146,51845,51795
5147,51853,51811
5148,51866,51816
5149,51873,51825
5150,51885,51834
5151,51894,51846
5152,51904,51853
5153,51913,51869
5154,51925,51874
5155,51937,51886
5156,51947,51899
5157,51954,51910
5158,51964,51917
5159,51975,51923
5160,51986,51938
5161,51996,51943
5162,52006,51970
5163,52018,51971
5164,52026,51980
5165,52036,51987
5166,52045,51995
5167,52055,52008
5168,52066,52015
5169,52076,52023
5170,52087,52034
5171,52095,52043
5172,52106,52060
5173,52116,52068
5174,52126,52074
5175,52136,52084
5176,52146,52104
5177,52157,52105
5178,52166,52115
5179,52180,52129
5180,52187,52142
5181,52198,52148
5182,52207,52157
5183,52218,52171
5184,52228,52180
5185,52235,52190
5186,52247,52196
5187,52257,52204
5188,52268,52216
5189,52278,52225
5190,52288,52234
5191,52296,52242
5192,52308,52255
5193,52319,52267
5194,52327,52282
5195,52338,52290
5196,52351,52297
5197,52358,52311
5198,52369,52318
5199,52378,52333
5200,52389,52339
5201,52400,52348
5202,52409,52359
5203,52420,52379
5204,52430,52383
5205,52438,52388
5206,52449,52408
5207,52460,52424
5208,52471,52429
5209,52479,52435
5210,52490,52444
5211,52501,52448
5212,52509,52457
5213,52522,52468
5214,52528,52474
5215,52541,52493
5216,52548,52500
5217,52559,52510
5218,52572,52519
5219,52581,52538
5220,52591,52559
5221,52601,52563
5222,52612,52572
5223,52621,52578
5224,52630,52584
5225,52641,52590
5226,52653,52600
5227,52661,52612
5228,52671,52620
5229,52680,52626
5230,52692,52643
5231,52701,52649
5232,52712,52661
5233,52724,52676
5234,52732,52684
5235,52743,52693
5236,52752,52701
5237,52762,52714
5238,52772,52721
5239,52780,52731
5240,52792,52742
5241,52803,52760
5242,52814,52765
5243,52822,52779
5244,52833,52784
5245,52844,52794
5246,52852,52807
5247,52861,52813
5248,52871,52821
5249,52882,52831
5250,52894,52843
5251,52903,52855
5252,52913,52864
5253,52922,52873
5254,52934,52882
5255,52940,52893
5256,52953,52900
5257,52964,52913
5258,52973,52923
5259,52983,52929
5260,52993,52939
5261,53004,52956
5262,53014,52964
5263,53023,52978
5264,53034,52992
5265,53045,52997
5266,53054,53007
5267,53065,53017
5268,53074,53023
5269,53084,53031
5270,53094,53044
5271,53104,53055
5272,53115,53068
5273,53125,53071
5274,53134,53085
5275,53143,53092
5276,53155,53112
5277,53166,53120
5278,53174,53125
5279,53186,53145
5280,53196,53152
5281,53206,53155
5282,53218,53178
5283,53224,53182
5284,53234,53187
5285,53245,53197
5286,53254,53204
5287,53265,53218
5288,53275,53230
5289,53284,53242
5290,53296,53245
5291,53305,53261
5292,53316,53268
5293,53325,53279
5294,53335,53282
5295,53347,53293
5296,53356,53304
5297,53365,53325
5298,53377,53330
5299,53386,53345
5300,53397,53347
5301,53406,53358
5302,53417,53368
5303,53429,53381
5304,53438,53387
5305,53447,53403
5306,53456,53407
5307,53469,53424
5308,53477,53432
5309,53487,53436
5310,53496,53445
5311,53507,53458
5312,53517,53469
5313,53527,53481
5314,53538,53486
5315,53548,53500
5316,53558,53505
5317,53567,53518
5318,53580,53530
5319,53588,53542
5320,53599,53549
5321,53608,53562
5322,53618,53580
5323,53629,53585
5324,53637,53595
5325,53648,53598
5326,53656,53604
5327,53669,53622
5328,53678,53627
5329,53687,53637
5330,53699,53653
5331,53707,53658
5332,53718,53665
5333,53730,53684
5334,53739,53689
5335,53751,53699
5336,53759,53713
5337,53769,53722
5338,53781,53729
5339,53792,53747
5340,53799,53753
5341,53809,53760
5342,53819,53769
5343,53830,53781
5344,53839,53791
5345,53850,53803
5346,53861,53811
5347,53868,53821
5348,53880,53827
5349,53891,53838
5350,53900,53853
5351,53911,53858
5352,53918,53865
5353,53933,53883
5354,53941,53891
5355,53951,53915
5356,53963,53917
5357,53970,53933
5358,53981,53936
5359,53991,53938
5360,54003,53956
5361,54013,53960
5362,54021,53968
5363,54032,53979
5364,54040,53993
5365,54051,54002
5366,54063,54024
5367,54071,54030
5368,54082,54036
5369,54091,54040
5370,54101,54047
5371,54111,54060
5372,54122,54081
5373,54133,54088
5374,54140,54092
5375,54152,54105
5376,54162,54110
5377,54172,54121
5378,54184,54140
5379,54193,54150
5380,54203,54153
5381,54215,54163
5382,54221,54174
5383,54234,54182
5384,54242,54190
5385,54251,54199
5386,54264,54219
5387,54272,54225
5388,54282,54232
5389,54293,54259
5390,54304,54263
5391,54312,54264
5392,54325,54272
5393,54333,54286
5394,54345,54298
5395,54354,54303
5396,54365,54320
5397,54376,54328
5398,54385,54334
5399,54393,54342
5400,54403,54352
5401,54415,54375
5402,54423,54378
5403,54432,54380
5404,54443,54391
5405,54454,54402
5406,54465,54417
5407,54474,54424
5408,54485,54435
5409,54495,54446
5410,54505,58095
5411,54514,58097
5412,54524,58099
5413,54536,58100
5414,54547,58103
5415,54555,58106
5416,54566,58108
5417,54577,58112
5418,54584,58118
5419,54597,58119
5420,54607,58121
5421,54617,58128
5422,54627,58130
5423,54637,58140
5424,54647,58141
5425,54658,58146
5426,54665,58153
5427,54676,58160
5428,54686,58165
5429,54697,58168
5430,54706,58181
5431,54717,58182
5432,54728,58184
5433,54739,58186
5434,54748,58187
5435,54758,58189
5436,54769,58190
5437,54779,58194
5438,54788,58197
5439,54797,58199
5440,54809,58202
5441,54819,58204
5442,54828,58205
5443,54837,58210
5444,54848,58213
5445,54857,58215
5446,54869,58216
5447,54879,58219
5448,54889,58226
5449,54900,58230
5450,54910,58231
5451,54918,58234
5452,54930,58236
5453,54938,58242
5454,54949,58246
5455,54958,58252
5456,54969,58257
5457,54978,58258
5458,54990,58260
5459,54999,58262
5460,55011,58264
5461,55021,58265
5462,55029,58266
5463,55039,58269
5464,55050,58271
5465,55061,58276
5466,55069,58281
5467,55079,58287
5468,55088,58289
5469,55099,58290
5470,55109,58297
5471,55119,58299
5472,55129,58301
5473,55142,58303
5474,55150,58305
5475,55162,58309
5476,55170,58311
5477,55181,58314
5478,55191,58324
5479,55201,58331
5480,55212,58333
5481,55221,58335
5482,55231,58337
5483,55242,58341
5484,55251,58346
5485,55261,58347
5486,55272,58354
5487,55283,58356
5488,55291,58358
5489,55301,58359
5490,55313,58363
5491,55319,58372
5492,55333,58377
5493,55343,58382
5494,55351,58383
5495,55361,58388
5496,55373,58394
5497,55381,58399
5498,55391,58402
5499,55402,58409
5500,55412,58410
5501,55421,58412
5502,55433,58413
5503,55442,58419
5504,55452,58425
5505,55462,58431
5506,55472,58437
5507,55482,58439
5508,55494,58452
5509,55501,58455
5510,55513,58462
5511,55524,58465
5512,55533,58473
5513,55544,58475
5514,55553,58476
5515,55564,58479
5516,55574,58485
5517,55586,58492
5518,55593,58498
5519,55605,58500
5520,55614,58501
5521,55624,58502
5522,55636,58505
5523,55646,58513
5524,55656,58515
5525,55666,58517
5526,55675,58522
5527,55686,58523
5528,55694,58532
5529,55704,58537
5530,55715,58541
5531,55725,58557
5532,55734,58560
5533,55744,58576
5534,55755,58584
5535,55766,58588
5536,55776,58594
5537,55784,58596
5538,55797,58605
5539,55806,58609
5540,55814,58613
5541,55826,58615
5542,55835,58616
5543,55845,58618
5544,55854,58620
5545,55865,58627
5546,55877,58636
5547,55884,58643
5548,55895,58650
5549,55906,58658
5550,55915,58660
5551,55926,58664
5552,55936,58665
5553,55946,58667
5554,55957,58669
5555,55967,58674
5556,55975,58677
5557,55986,58679
5558,55998,58685
5559,56008,58686
5560,56016,58689
5561,56026,58693
5562,56035,58694
5563,56046,58697
5564,56057,58699
5565,56067,58700
5566,56077,58702
5567,56088,58709
5568,56097,58727
5569,56108,58730
5570,56118,58732
5571,56128,58738
5572,56138,58739
5573,56148,58745
5574,56159,58750
5575,56169,58754
5576,56177,58762
5577,56190,58768
5578,56198,58769
5579,56208,58779
5580,56217,58781
5581,56228,58786
5582,56239,58787
5583,56249,58789
5584,56258,58791
5585,56270,58799
5586,56280,58802
5587,56288,58805
5588,56300,58809
5589,56310,58816
5590,56321,58817
5591,56329,58819
5592,56340,58821
5593,56350,58822
5594,56357,58824
5595,56370,58827
5596,56380,58829
5597,56391,58833
5598,56400,58835
5599,56409,58840
5600,56420,58845
5601,56429,58846
5602,56438,58851
5603,56450,58853
5604,56459,58861
5605,56470,58867
5606,56480,58879
5607,56489,58881
5608,56501,58883
5609,56511,58887
5610,56520,58890
5611,56531,58900
5612,56540,58912
5613,56550,58921
5614,56561,58923
5615,56570,58928
5616,56581,58930
5617,56590,58933
5618,56603,58939
5619,56612,58941
5620,56621,58946
5621,56632,58956
5622,56643,58961
5623,56651,58971
5624,56662,58973
5625,56671,58974
5626,56682,58977
5627,56691,58986
5628,56701,58988
5629,56711,58992
5630,56723,58994
5631,56731,59000
5632,56742,59005
5633,56752,59010
5634,56763,59013
5635,56773,59021
5636,56781,59026
5637,56792,59029
5638,56803,59031
5639,56814,59032
5640,56824,59033
5641,56832,59035
5642,56843,59036
5643,56853,59043
5644,56863,59044
5645,56872,59046
5646,56882,59047
5647,56893,59053
5648,56905,59058
5649,56914,59060
5650,56923,59063
5651,56934,59065
5652,56943,59068
5653,56955,59079
5654,56965,59087
5655,56974,59091
5656,56984,59092
5657,56995,59095
5658,57004,59097
5659,57015,59103
5660,57024,59104
5661,57034,59111
5662,57043,59115
5663,57057,59116
5664,57063,59117
5665,57074,59122
5666,57086,59124
5667,57095,59127
5668,57104,59130
5669,57115,59134
5670,57125,59136
5671,57138,59140
5672,57144,59143
5673,57156,59151
5674,57166,59152
5675,57175,59157
5676,57186,59158
5677,57196,59162
5678,57206,59164
5679,57214,59165
5680,57226,59176
5681,57237,59178
5682,57248,59185
5683,57255,59190
5684,57264,59194
5685,57277,59196
5686,57286,59197
5687,57298,59201
5688,57306,59205
5689,57316,59207
5690,57326,59215
5691,57338,59224
5692,57346,59227
5693,57357,59228
5694,57367,59233
5695,57376,59240
5696,57388,59242
5697,57398,59244
5698,57407,59245
5699,57419,59249
5700,57429,59256
5701,57436,59258
5702,57447,59259
5703,57457,59264
5704,57468,59280
5705,57477,59287
5706,57487,59288
5707,57497,59295
5708,57509,59297
5709,57518,59303
5710,57528,59313
5711,57537,59315
5712,57546,59322
5713,57558,59323
5714,57567,59328
5715,57577,59329
5716,57588,59330
5717,57599,59332
5718,57608,59335
5719,57618,59337
5720,57630,59338
5721,57638,59340
5722,57649,59342
5723,57659,59350
5724,57670,59352
5725,57681,59354
5726,57690,59356
5727,57700,59362
5728,57709,59367
5729,57720,59375
5730,57730,59380
5731,57740,59386
5732,57750,59389
5733,57759,59391
5734,57769,59393
5735,57778,59395
5736,57790,59396
5737,57800,59398
5738,57810,59399
5739,57821,59401
5740,57831,59403
5741,57842,59405
5742,57850,59406
5743,57860,59410
5744,57872,59411
5745,57882,59413
5746,57890,59415
5747,57899,59419
5748,57912,59421
5749,57921,59426
5750,57932,59430
5751,57941,59432
5752,57950,59434
5753,57960,59436
5754,57971,59438
5755,57983,59444
5756,57991,59446
5757,58001,59455
5758,58011,59456
5759,58021,59457
5760,58032,59458
5761,58042,59471
5762,58051,59474
5763,58062,59475
5764,58072,59478
5765,58083,59480
5766,58091,59486
5767,58104,59487
5768,58112,59489
5769,58122,59490
5770,58133,59493
5771,58142,59502
5772,58151,59503
5773,58163,59506
5774,58170,59508
5775,58182,59518
5776,58192,59520
5777,58202,59531
5778,58211,59552
5779,58221,59554
5780,58233,59556
5781,58243,59559
5782,58253,59562
5783,58263,59571
5784,58274,59587
5785,58281,59589
5786,58295,59597
5787,58302,59603
5788,58312,59604
5789,58325,59606
5790,58332,59610
5791,58342,59611
5792,58354,59612
5793,58362,59614
5794,58372,59615
5795,58382,59620
5796,58392,59621
5797,58403,59623
5798,58413,59635
5799,58424,59637
5800,58431,59641
5801,58445,59644
5802,58454,59648
5803,58465,59654
5804,58475,59656
5805,58483,59662
5806,58494,59667
5807,58503,59668
5808,58514,59675
5809,58523,59677
5810,58534,59682
5811,58545,59692
5812,58557,59693
5813,58565,59698
5814,58574,59700
5815,58585,59701
5816,58595,59702
5817,58605,59705
5818,58615,59713
5819,58624,59727
5820,58636,59741
5821,58646,59743
5822,58657,59748
5823,58665,59760
5824,58678,59763
5825,58687,59764
5826,58697,59767
5827,58704,59768
5828,58715,59773
5829,58726,59779
5830,58737,59783
5831,58749,59788
5832,58756,59799
5833,58767,59801
5834,58778,59805
5835,58788,59806
5836,58798,59809
5837,58807,59817
5838,58816,59821
5839,58828,59823
5840,58836,59834
5841,58849,59836
5842,58857,59837
5843,58866,59843
5844,58875,59847
5845,58887,59849
5846,58897,59855
5847,58907,59857
5848,58917,59861
5849,58928,59867
5850,58938,59868
5851,58946,59870
5852,58958,59872
5853,58967,59874
5854,58979,59881
5855,58987,59884
5856,58998,59885
5857,59009,59894
5858,59019,59901
5859,59030,59904
5860,59038,59906
5861,59048,59913
5862,59060,59915
5863,59068,59916
5864,59079,59918
5865,59090,59921
5866,59098,59923
5867,59109,59930
5868,59118,59935
5869,59130,59937
5870,59140,59939
5871,59148,59940
5872,59160,59942
5873,59169,59952
5874,59180,59956
5875,59191,59957
5876,59200,59959
5877,59209,59967
5878,59221,59972
5879,59230,59977
5880,59240,59980
5881,59248,59991
5882,59260,59993
5883,59271,59995
5884,59279,59997
5885,59289,60002
5886,59302,60003
5887,59311,60012
5888,59321,60014
5889,59331,60018
5890,59339,60031
5891,59348,60040
5892,59359,60047
5893,59370,60048
5894,59382,60055
5895,59392,60066
5896,59401,60068
5897,59411,60078
5898,59420,60080
5899,59431,60087
5900,59441,60089
5901,59450,60090
5902,59460,60095
5903,59470,60100
5904,59480,60102
5905,59492,60105
5906,59499,60110
5907,59513,60115
5908,59524,60126
5909,59531,60127
5910,59542,60129
5911,59552,60132
5912,59561,60135
5913,59571,60137
5914,59584,60138
5915,59592,60145
5916,59603,60153
5917,59611,60158
5918,59623,60171
5919,59632,60172
5920,59642,60175
5921,59652,60178
5922,59662,60181
5923,59674,60182
5924,59683,60184
5925,59694,60189
5926,59703,60192
5927,59713,60194
5928,59722,60195
5929,59732,60197
5930,59743,60198
5931,59752,60200
5932,59764,60201
5933,59775,60205
5934,59781,60211
5935,59794,60214
5936,59804,60217
5937,59814,60219
5938,59825,60223
5939,59835,60230
5940,59843,60231
5941,59854,60237
5942,59864,60239
5943,59874,60241
5944,59885,60246
5945,59895,60247
5946,59905,60249
5947,59913,60253
5948,59925,60254
5949,59935,60268
5950,59944,60270
5951,59955,60271
5952,59965,60273
5953,59974,60275
5954,59986,60277
5955,59998,60279
5956,60006,60279
5957,60018,60282
5958,60024,60283
5959,60034,60286
5960,60044,60287
5961,60054,60288
5962,60067,60289
5963,60076,60291
5964,60084,60294
5965,60095,60297
5966,60106,60307
5967,60116,60308
5968,60125,60311
5969,60135,60316
5970,60147,60319
5971,60157,60320
5972,60167,60322
5973,60178,60323
5974,60185,60325
5975,60197,60326
5976,60205,60327
5977,60216,60328
5978,60227,60333
5979,60238,60336
5980,60245,60338
5981,60258,60339
5982,60266,60341
5983,60277,60345
5984,60287,60350
5985,60298,60356
5986,60306,60358
5987,60318,60363
5988,60328,60364
5989,60338,60366
5990,60349,60370
5991,60359,60372
5992,60367,60373
5993,60379,60376
5994,60389,60378
5995,60398,60379
5996,60408,60385
5997,60417,60406
5998,60427,60408
5999,60438,60409
6000,60448,60410
6001,60459,60412
6002,60469,60426
6003,60481,60431
6004,60490,60442
6005,60499,60449
6006,60510,60460
6007,60517,60464
6008,60531,60484
6009,60540,60496
6010,60550,60501
6011,60560,60510
6012,60569,60525
6013,60579,60529
6014,60590,60546
6015,60599,60548
6016,60610,60566
6017,60620,60574
6018,60629,60578
6019,60642,60591
6020,60648,60598
6021,60660,60608
6022,60669,60621
6023,60680,60630
6024,60690,60637
6025,60698,60651
6026,60711,60664
6027,60723,60672
6028,60731,60685
6029,60743,60691
6030,60752,60698
6031,60761,60711
6032,60771,60718
6033,60783,60733
6034,60790,60738
6035,60800,60755
6036,60811,60764
6037,60820,60776
6038,60831,60779
6039,60842,60790
6040,60851,60801
6041,60862,60814
6042,60873,60824
6043,60882,60830
6044,60892,60841
6045,60900,60848
6046,60912,60859
6047,60922,60874
6048,60933,60881
6049,60945,60892
6050,60953,60902
6051,60963,60915
6052,60972,60920
6053,60982,60929
6054,60994,60943
6055,61002,60954
6056,61012,60962
6057,61022,60972
6058,61035,60992
6059,61044,60995
6060,61053,61002
6061,61062,61008
6062,61074,61025
6063,61084,61035
6064,61091,61040
6065,61104,61059
6066,61112,61069
6067,61125,61072
6068,61133,61083
6069,61144,61100
6070,61157,61107
6071,61163,61110
6072,61175,61125
6073,61185,61134
6074,61195,61143
6075,61204,61156
6076,61213,61169
6077,61223,61171
6078,61234,61182
6079,61246,61193
6080,61254,61201
6081,61265,61216
6082,61275,61225
6083,61286,61238
6084,61294,61249
6085,61303,61253
6086,61316,61262
6087,61325,61278
6088,61338,61296
6089,61346,61298
6090,61355,61307
6091,61366,61314
6092,61373,61322
6093,61384,61337
6094,61395,61342
6095,61406,61359
6096,61416,61378
6097,61427,61379
6098,61434,61393
6099,61446,61399
6100,61455,61405
6101,61466,61426
6102,61477,61432
6103,61487,61436
6104,61495,61444
6105,61507,61457
6106,61516,61466
6107,61524,61484
6108,61537,61486
6109,61547,61493
6110,61557,61505
6111,61569,61521
6112,61578,61524
6113,61588,61537
6114,61598,61550
6115,61607,61553
6116,61618,61570
6117,61625,61581
6118,61637,61589
6119,61647,61597
6120,61658,61608
6121,61666,61615
6122,61677,61626
6123,61688,61642
6124,61697,61652
6125,61707,61660
6126,61717,61672
6127,61729,61680
6128,61740,61687
6129,61748,61695
6130,61756,61706
6131,61768,61716
6132,61779,61726
6133,61788,61735
6134,61798,61747
6135,61808,61755
6136,61818,61770
6137,61829,61785
6138,61840,61788
6139,61849,61801
6140,61858,61807
6141,61869,61824
6142,61879,61827
6143,61890,61842
6144,61899,61852
6145,61910,61859
6146,61921,61871
6147,61928,61879
6148,61939,61887
6149,61950,61897
6150,61960,61907
6151,61972,61924
6152,61982,61936
6153,61991,61947
6154,61999,61949
6155,62010,61976
6156,62020,61978
6157,62030,61981
6158,62041,61989
6159,62049,62001
6160,62061,62008
6161,62070,62027
6162,62081,62034
6163,62089,62041
6164,62101,62049
6165,62112,62062
6166,62122,62071
6167,62132,62088
6168,62141,62093
6169,62151,62101
6170,62162,62120
6171,62171,62129
6172,62182,62132
6173,62193,62141
6174,62202,62151
6175,62211,62164
6176,62221,62171
6177,62231,62180
6178,62242,62189
6179,62252,62205
6180,62262,62227
6181,62272,62235
6182,62282,62237
6183,62291,62241
6184,62303,62257
6185,62314,62265
6186,62323,62271
6187,62333,62285
6188,62343,62299
6189,62352,62308
6190,62365,62314
6191,62373,62326
6192,62381,62334
6193,62392,62340
6194,62402,62355
6195,62412,62367
6196,62424,62373
6197,62433,62383
6198,62444,62390
6199,62452,62400
6200,62464,62416
6201,62474,62426
6202,62486,62438
6203,62494,62445
6204,62504,62454
6205,62513,62464
6206,62525,62478
6207,62534,62490
6208,62544,62502
6209,62554,62504
6210,62563,62511
6211,62573,62523
6212,62583,62531
6213,62594,62549
6214,62602,62551
6215,62615,62568
6216,62626,62577
6217,62635,62581
6218,62647,62608
6219,62656,62610
6220,62664,62613
6221,62675,62633
6222,62685,62635
6223,62695,62653
6224,62705,62657
6225,62717,62670
6226,62725,62683
6227,62736,62690
6228,62746,62693
6229,62755,62708
6230,62766,62716
6231,62775,62722
6232,62784,62737
6233,62795,62748
6234,62806,62761
6235,62816,62769
6236,62825,62780
6237,62836,62791
6238,62846,62804
6239,62857,62809
6240,62865,62814
6241,62877,62829
6242,62887,62834
6243,62896,62846
6244,62906,62858
6245,62917,62869
6246,62926,62875
6247,62936,62885
6248,62949,62897
6249,62955,62907
6250,62967,62913
6251,62976,62924
6252,62988,62935
6253,62998,62949
6254,63009,62959
6255,63018,62971
6256,63028,62981
6257,63039,62997
6258,63048,63003
6259,63058,63007
6260,63068,63019
6261,63078,63032
6262,63088,63035
6263,63098,63044
6264,63108,63059
6265,63118,63075
6266,63129,63077
6267,63140,63088
6268,63149,63104
6269,63159,63113
6270,63170,63122
6271,63180,63135
6272,63187,63149
6273,63201,63153
6274,63209,63161
6275,63219,63169
6276,63227,63179
6277,63239,63188
6278,63251,63212
6279,63258,63214
6280,63269,63227
6281,63281,63231
6282,63290,63238
6283,63301,63251
6284,63310,63264
6285,63318,63266
6286,63331,63282
6287,63338,63284
6288,63351,63301
6289,63359,63313
6290,63371,63325
6291,63382,63338
6292,63392,63347
6293,63401,63357
6294,63413,63360
6295,63421,63373
6296,63431,63382
6297,63442,63392
6298,63449,63412
6299,63462,63418
6300,63471,63422
6301,63482,63449
6302,63491,63450
6303,63500,63453
6304,63510,63464
6305,63523,63476
6306,63531,63483
6307,63542,63494
6308,63550,63502
6309,63562,63511
6310,63571,63519
6311,63582,63537
6312,63593,63545
6313,63602,63562
6314,63611,63569
6315,63622,63575
6316,63634,63580
6317,63642,63598
6318,63652,63610
6319,63663,63621
6320,63673,63623
6321,63682,63635
6322,63693,63647
6323,63703,63654
6324,63712,63663
6325,63722,63674
6326,63733,63685
6327,63744,63693
6328,63754,63700
6329,63763,63716
6330,63773,63723
6331,63783,63730
6332,63794,63751
6333,63803,63758
6334,63814,63761
6335,63823,63770
6336,63831,63778
6337,63843,63794
6338,63852,63799
6339,63865,63821
6340,63874,63824
6341,63885,63836
6342,63896,63847
6343,63904,63854
6344,63914,63867
6345,63924,63872
6346,63934,63887
6347,63945,63894
6348,63953,63908
6349,63963,63915
6350,63974,63923
6351,63984,63938
6352,63996,63947
6353,64006,63969
6354,64016,63984
6355,64023,63994
6356,64036,63998
6357,64046,64003
6358,64055,64008
6359,64066,64013
6360,64075,64030
6361,64085,64036
6362,64097,64046
6363,64105,64064
6364,64116,64069
6365,64127,64075
6366,64134,64082
6367,64146,64093
6368,64157,64106
6369,64164,64112
6370,64177,64129
6371,64185,64143
6372,64197,64148
6373,64207,64159
6374,64216,64172
6375,64226,64178
6376,64235,64187
6377,64247,64197
6378,64256,64207
6379,64264,64217
6380,64276,64228
6381,64286,64240
6382,64296,64252
6383,64306,64256
6384,64316,64270
6385,64326,64281
6386,64337,64285
6387,64349,64301
6388,64357,64308
6389,64368,64319
6390,64378,64330
6391,64389,64336
6392,64396,64345
6393,64406,64358
6394,64418,64367
6395,64427,64376
6396,64440,64398
6397,64449,64402
6398,64458,64409
6399,64468,64416
6400,64479,64436
6401,64489,64439
6402,64499,64454
6403,64509,64464
6404,64518,64474
6405,64528,64480
6406,64537,64485
6407,64548,64499
6408,64559,64508
6409,64568,64517
6410,64580,68201
6411,64588,68203
6412,64601,68209
6413,64611,68214
6414,64618,68216
6415,64632,68217
6416,64640,68219
6417,64650,68220
6418,64659,68222
6419,64670,68237
6420,64680,68239
6421,64691,68240
6422,64701,68245
6423,64712,68254
6424,64721,68265
6425,64730,68266
6426,64740,68277
6427,64751,68282
6428,64761,68286
6429,64773,68288
6430,64783,68291
6431,64791,68297
6432,64802,68299
6433,64811,68305
6434,64823,68307
6435,64833,68311
6436,64840,68313
6437,64852,68314
6438,64863,68317
6439,64870,68318
6440,64883,68328
6441,64891,68330
6442,64902,68333
6443,64913,68334
6444,64921,68335
6445,64933,68338
6446,64943,68340
6447,64952,68341
6448,64961,68342
6449,64975,68348
6450,64983,68353
6451,64992,68358
6452,65003,68367
6453,65012,68371
6454,65022,68374
6455,65033,68378
6456,65043,68380
6457,65052,68385
6458,65063,68402
6459,65072,68404
6460,65083,68409
6461,65092,68417
6462,65104,68418
6463,65113,68422
6464,65123,68436
6465,65133,68441
6466,65144,68449
6467,65154,68453
6468,65164,68466
6469,65174,68469
6470,65186,68473
6471,65196,68474
6472,65203,68479
6473,65216,68480
6474,65225,68486
6475,65234,68488
6476,65243,68489
6477,65254,68498
6478,65265,68509
6479,65275,68514
6480,65284,68523
6481,65295,68528
6482,65308,68534
6483,65315,68548
6484,65325,68550
6485,65335,68552
6486,65346,68553
6487,65356,68554
6488,65366,68556
6489,65376,68569
6490,65385,68572
6491,65396,68576
6492,65408,68578
6493,65417,68580
6494,65426,68583
6495,65437,68585
6496,65446,68597
6497,65455,68600
6498,65466,68606
6499,65476,68616
6500,65488,68618
6501,65498,68619
6502,65507,68620
6503,65515,68623
6504,65526,68628
6505,65537,68630
6506,65546,68637
6507,65558,68642
6508,65566,68647
6509,65579,68656
6510,65589,68662
6511,65595,68666
6512,65606,68670
6513,65618,68675
6514,65627,68678
6515,65638,68682
6516,65648,68682
6517,65659,68684
6518,65668,68686
6519,65679,68688
6520,65689,68690
6521,65699,68702
6522,65707,68705
6523,65716,68713
6524,65728,68718
6525,65738,68720
6526,65749,68722
6527,65758,68726
6528,65770,68728
6529,65780,68730
6530,65789,68732
6531,65800,68734
6532,65812,68747
6533,65818,68753
6534,65829,68755
6535,65838,68756
6536,65848,68758
6537,65859,68767
6538,65870,68769
6539,65879,68771
6540,65889,68773
6541,65900,68774
6542,65910,68776
6543,65920,68779
6544,65929,68781
6545,65940,68793
6546,65950,68795
6547,65960,68798
6548,65969,68809
6549,65979,68811
6550,65992,68813
6551,65999,68822
6552,66011,68824
6553,66019,68830
6554,66030,68839
6555,66041,68844
6556,66050,68845
6557,66060,68849
6558,66071,68854
6559,66081,68857
6560,66090,68859
6561,66101,68862
6562,66112,68871
6563,66122,68874
6564,66132,68876
6565,66142,68884
6566,66151,68885
6567,66161,68888
6568,66171,68889
6569,66180,68892
6570,66192,68893
6571,66203,68895
6572,66213,68896
6573,66221,68897
6574,66232,68898
6575,66242,68902
6576,66252,68904
6577,66264,68912
6578,66273,68915
6579,66282,68916
6580,66291,68920
6581,66303,68932
6582,66312,68936
6583,66322,68938
6584,66332,68940
6585,66342,68951
6586,66353,68953
6587,66362,68954
6588,66374,68955
6589,66383,68958
6590,66392,68961
6591,66405,68962
6592,66412,68964
6593,66424,68966
6594,66432,68971
6595,66444,68972
6596,66454,68974
6597,66464,68979
6598,66474,68981
6599,66485,68982
6600,66494,68984
6601,66506,68992
6602,66515,68993
6603,66524,68995
6604,66534,68999
6605,66545,69008
6606,66554,69009
6607,66565,69010
6608,66573,69012
6609,66585,69013
6610,66595,69018
6611,66604,69025
6612,66615,69027
6613,66626,69033
6614,66637,69035
6615,66647,69041
6616,66656,69042
6617,66665,69044
6618,66674,69045
6619,66684,69046
6620,66694,69047
6621,66706,69050
6622,66715,69053
6623,66724,69054
6624,66736,69056
6625,66746,69057
6626,66756,69059
6627,66764,69060
6628,66775,69061
6629,66786,69062
6630,66797,69064
6631,66808,69065
6632,66816,69082
6633,66826,69098
6634,66836,69102
6635,66846,69110
6636,66856,69116
6637,66866,69125
6638,66876,69126
6639,66887,69141
6640,66897,69142
6641,66908,69144
6642,66917,69154
6643,66927,69155
6644,66936,69157
6645,66946,69158
6646,66956,69160
6647,66966,69161
6648,66976,69163
6649,66986,69165
6650,66997,69168
6651,67008,69173
6652,67018,69175
6653,67027,69176
6654,67037,69182
6655,67047,69193
6656,67059,69196
6657,67068,69198
6658,67078,69202
6659,67088,69203
6660,67098,69205
6661,67109,69211
6662,67119,69212
6663,67128,69216
6664,67138,69218
6665,67150,69219
6666,67157,69224
6667,67168,69226
6668,67180,69234
6669,67190,69236
6670,67198,69247
6671,67210,69252
6672,67220,69253
6673,67228,69257
6674,67240,69263
6675,67251,69264
6676,67259,69265
6677,67269,69267
6678,67278,69277
6679,67289,69281
6680,67301,69282
6681,67311,69284
6682,67320,69287
6683,67328,69288
6684,67338,69295
6685,67351,69296
6686,67360,69303
6687,67369,69305
6688,67381,69308
6689,67391,69311
6690,67400,69314
6691,67409,69315
6692,67420,69318
6693,67431,69333
6694,67441,69338
6695,67452,69343
6696,67461,69351
6697,67471,69355
6698,67481,69364
6699,67491,69365
6700,67500,69372
6701,67511,69373
6702,67521,69375
6703,67531,69380
6704,67542,69383
6705,67551,69385
6706,67561,69387
6707,67573,69388
6708,67581,69390
6709,67592,69392
6710,67602,69393
6711,67611,69398
6712,67621,69415
6713,67631,69422
6714,67642,69423
6715,67651,69425
6716,67661,69426
6717,67672,69434
6718,67683,69436
6719,67691,69438
6720,67704,69440
6721,67714,69454
6722,67723,69463
6723,67733,69465
6724,67742,69472
6725,67753,69478
6726,67765,69481
6727,67772,69496
6728,67783,69502
6729,67793,69508
6730,67805,69519
6731,67812,69524
6732,67824,69528
6733,67835,69537
6734,67846,69539
6735,67855,69543
6736,67863,69544
6737,67876,69550
6738,67883,69557
6739,67895,69559
6740,67903,69561
6741,67915,69562
6742,67925,69564
6743,67935,69566
6744,67945,69568
6745,67956,69569
6746,67966,69574
6747,67974,69576
6748,67985,69579
6749,67994,69589
6750,68005,69593
6751,68015,69594
6752,68025,69604
6753,68035,69609
6754,68046,69618
6755,68055,69624
6756,68065,69628
6757,68076,69631
6758,68085,69631
6759,68095,69633
6760,68106,69635
6761,68115,69637
6762,68127,69643
6763,68135,69645
6764,68147,69645
6765,68157,69649
6766,68166,69650
6767,68176,69656
6768,68187,69657
6769,68196,69659
6770,68206,69660
6771,68216,69662
6772,68229,69664
6773,68234,69666
6774,68247,69668
6775,68258,69670
6776,68265,69672
6777,68276,69678
6778,68287,69682
6779,68295,69691
6780,68307,69696
6781,68317,69697
6782,68327,69698
6783,68336,69704
6784,68347,69709
6785,68359,69713
6786,68364,69716
6787,68378,69717
6788,68387,69719
6789,68400,69720
6790,68408,69722
6791,68418,69723
6792,68427,69728
6793,68437,69741
6794,68448,69743
6795,68455,69753
6796,68467,69755
6797,68476,69757
6798,68497,69771
6799,68499,69785
6800,68506,69787
6801,68518,69796
6802,68527,69798
6803,68539,69799
6804,68546,69801
6805,68559,69805
6806,68569,69811
6807,68578,69812
6808,68587,69818
6809,68601,69824
6810,68611,69827
6811,68621,69835
6812,68629,69837
6813,68637,69846
6814,68649,69849
6815,68660,69854
6816,68668,69857
6817,68680,69869
6818,68690,69871
6819,68700,69876
6820,68710,69877
6821,68722,69879
6822,68729,69888
6823,68741,69889
6824,68751,69893
6825,68760,69897
6826,68770,69899
6827,68781,69900
6828,68789,69902
6829,68801,69904
6830,68809,69906
6831,68823,69908
6832,68830,69912
6833,68842,69918
6834,68851,69921
6835,68858,69922
6836,68871,69924
6837,68882,69934
6838,68891,69937
6839,68900,69938
6840,68911,69940
6841,68921,69942
6842,68932,69947
6843,68941,69954
6844,68952,69956
6845,68960,69959
6846,68972,69960
6847,68984,69962
6848,68991,69963
6849,69002,69979
6850,69011,69989
6851,69023,69990
6852,69031,69992
6853,69043,69994
6854,69051,69995
6855,69062,69997
6856,69070,69999
6857,69083,70000
6858,69093,70002
6859,69102,70003
6860,69114,70005
6861,69123,70008
6862,69135,70013
6863,69144,70021
6864,69154,70030
6865,69162,70038
6866,69172,70043
6867,69183,70053
6868,69193,70055
6869,69203,70056
6870,69215,70057
6871,69224,70061
6872,69234,70062
6873,69244,70066
6874,69256,70068
6875,69264,70074
6876,69274,70077
6877,69283,70080
6878,69292,70090
6879,69304,70091
6880,69314,70098
6881,69323,70104
6882,69333,70108
6883,69346,70110
6884,69355,70121
6885,69364,70123
6886,69373,70128
6887,69385,70140
6888,69394,70145
6889,69404,70156
6890,69416,70157
6891,69424,70160
6892,69434,70161
6893,69447,70166
6894,69453,70168
6895,69465,70169
6896,69474,70170
6897,69483,70172
6898,69498,70174
6899,69505,70177
6900,69517,70180
6901,69525,70182
6902,69536,70183
6903,69546,70185
6904,69555,70186
6905,69566,70191
6906,69575,70196
6907,69584,70200
6908,69595,70202
6909,69605,70204
6910,69618,70206
6911,69626,70208
6912,69637,70208
6913,69645,70213
6914,69656,70213
6915,69665,70216
6916,69676,70219
6917,69686,70220
6918,69696,70224
6919,69705,70225
6920,69717,70231
6921,69728,70238
6922,69738,70246
6923,69747,70250
6924,69757,70255
6925,69767,70261
6926,69779,70269
6927,69789,70272
6928,69798,70276
6929,69808,70283
6930,69816,70287
6931,69827,70289
6932,69838,70291
6933,69848,70293
6934,69857,70294
6935,69865,70303
6936,69879,70304
6937,69887,70306
6938,69896,70308
6939,69907,70318
6940,69919,70320
6941,69927,70321
6942,69937,70322
6943,69948,70324
6944,69959,70325
6945,69968,70327
6946,69978,70328
6947,69990,70330
6948,69998,70331
6949,70010,70344
6950,70020,70350
6951,70029,70354
6952,70039,70370
6953,70050,70373
6954,70061,70377
6955,70068,70380
6956,70077,70381
6957,70090,70383
6958,70100,70384
6959,70108,70386
6960,70119,70391
6961,70129,70393
6962,70141,70395
6963,70151,70404
6964,70159,70423
6965,70170,70429
6966,70179,70431
6967,70188,70445
6968,70200,70448
6969,70207,70469
6970,70218,70470
6971,70230,70472
6972,70241,70475
6973,70251,70477
6974,70261,70478
6975,70269,70480
6976,70280,70481
6977,70290,70487
6978,70301,70492
6979,70310,70495
6980,70321,70498
6981,70330,70499
6982,70342,70501
6983,70354,70503
6984,70360,70504
6985,70372,70506
6986,70383,70507
6987,70392,70509
6988,70402,70511
6989,70411,70519
6990,70423,70520
6991,70429,70521
6992,70442,70526
6993,70453,70530
6994,70463,70531
6995,70473,70533
6996,70483,70534
6997,70491,70535
6998,70502,70537
6999,70512,70538
7000,70521,70547
7001,70531,70556
7002,70541,70559
7003,70552,70562
7004,70564,70564
7005,70571,70573
7006,70584,70575
7007,70592,70587
7008,70602,70590
7009,70615,70592
7010,70624,70594
7011,70633,70596
7012,70644,70603
7013,70653,70606
7014,70662,70618
7015,70675,70625
7016,70683,70639
7017,70695,70646
7018,70705,70652
7019,70713,70662
7020,70725,70677
7021,70733,70682
7022,70743,70694
7023,70753,70705
7024,70766,70718
7025,70775,70726
7026,70785,70735
7027,70796,70744
7028,70805,70752
7029,70816,70763
7030,70827,70775
7031,70835,70785
7032,70846,70796
7033,70854,70806
7034,70866,70815
7035,70874,70823
7036,70886,70842
7037,70895,70843
7038,70905,70857
7039,70915,70864
7040,70925,70872
7041,70934,70882
7042,70946,70899
7043,70956,70911
7044,70966,70915
7045,70976,70926
7046,70984,70933
7047,70997,70950
7048,71007,70958
7049,71015,70964
7050,71026,70979
7051,71037,70988
7052,71046,70995
7053,71056,71007
7054,71067,71015
7055,71077,71026
7056,71085,71035
7057,71098,71053
7058,71107,71057
7059,71117,71067
7060,71127,71073
7061,71137,71085
7062,71147,71100
7063,71157,71113
7064,71167,71125
7065,71176,71127
7066,71186,71142
7067,71197,71155
7068,71207,71160
7069,71217,71169
7070,71227,71182
7071,71237,71186
7072,71247,71197
7073,71258,71211
7074,71270,71223
7075,71278,71237
7076,71287,71242
7077,71299,71248
7078,71310,71257
7079,71319,71269
7080,71326,71279
7081,71339,71288
7082,71350,71303
7083,71359,71315
7084,71368,71321
7085,71379,71332
7086,71391,71338
7087,71399,71348
7088,71409,71361
7089,71419,71370
7090,71431,71378
7091,71439,71388
7092,71450,71399
7093,71460,71412
7094,71468,71418
7095,71477,71425
7096,71488,71434
7097,71502,71452
7098,71509,71459
7099,71520,71468
7100,71530,71478
7101,71540,71491
7102,71553,71501
7103,71558,71506
7104,71571,71525
7105,71581,71539
7106,71591,71544
7107,71601,71548
7108,71612,71565
7109,71622,71570
7110,71630,71577
7111,71640,71591
7112,71652,71600
7113,71662,71611
7114,71670,71624
7115,71680,71629
7116,71691,71648
7117,71700,71655
7118,71711,71665
7119,71722,71669
7120,71732,71693
7121,71741,71695
7122,71751,71704
7123,71761,71720
7124,71771,71726
7125,71782,71730
7126,71794,71742
7127,71802,71749
7128,71813,71768
7129,71822,71770
7130,71833,71785
7131,71842,71792
7132,71854,71802
7133,71861,71812
7134,71871,71819
7135,71880,71832
7136,71892,71847
7137,71904,71855
7138,71913,71860
7139,71925,71883
7140,71935,71893
7141,71943,71902
7142,71952,71905
7143,71963,71919
7144,71971,71922
7145,71983,71932
7146,71994,71947
7147,72005,71955
7148,72013,71964
7149,72021,71981
7150,72032,71987
7151,72045,71996
7152,72055,72003
7153,72064,72018
7154,72073,72025
7155,72085,72041
7156,72094,72043
7157,72103,72057
7158,72114,72062
7159,72124,72075
7160,72133,72083
7161,72143,72095
7162,72153,72100
7163,72165,72119
7164,72175,72124
7165,72184,72131
7166,72197,72144
7167,72206,72156
7168,72218,72166
7169,72224,72173
7170,72236,72186
7171,72244,72194
7172,72255,72206
7173,72265,72213
7174,72275,72232
7175,72286,72244
7176,72294,72247
7177,72305,72254
7178,72316,72269
7179,72326,72273
7180,72335,72284
7181,72347,72298
7182,72355,72304
7183,72366,72313
7184,72377,72331
7185,72387,72345
7186,72398,72351
7187,72407,72356
7188,72418,72368
7189,72425,72371
7190,72437,72393
7191,72447,72401
7192,72457,72411
7193,72466,72418
7194,72476,72429
7195,72486,72435
7196,72498,72445
7197,72508,72455
7198,72517,72467
7199,72527,72482
7200,72538,72491
7201,72548,72500
7202,72559,72510
7203,72568,72524
7204,72577,72543
7205,72586,72545
7206,72598,72548
7207,72608,72555
7208,72617,72564
7209,72629,72585
7210,72637,72588
7211,72648,72604
7212,72657,72609
7213,72666,72622
7214,72678,72630
7215,72687,72636
7216,72699,72655
7217,72709,72666
7218,72721,72668
7219,72730,72680
7220,72738,72690
7221,72750,72709
7222,72758,72720
7223,72770,72722
7224,72780,72728
7225,72790,72743
7226,72800,72749
7227,72812,72774
7228,72819,72776
7229,72828,72779
7230,72839,72790
7231,72849,72797
7232,72860,72810
7233,72867,72820
7234,72880,72832
7235,72890,72844
7236,72899,72849
7237,72908,72856
7238,72920,72868
7239,72931,72879
7240,72939,72887
7241,72950,72898
7242,72963,72919
7243,72971,72927
7244,72982,72930
7245,72990,72938
7246,73000,72949
7247,73010,72959
7248,73021,72971
7249,73030,72987
7250,73043,72998
7251,73053,73007
7252,73061,73018
7253,73072,73026
7254,73080,73036
7255,73093,73044
7256,73101,73048
7257,73112,73060
7258,73120,73072
7259,73132,73081
7260,73142,73098
7261,73152,73102
7262,73164,73115
7263,73172,73130
7264,73182,73133
7265,73191,73147
7266,73200,73151
7267,73213,73160
7268,73220,73170
7269,73232,73189
7270,73245,73203
7271,73253,73205
7272,73263,73211
7273,73273,73221
7274,73285,73236
7275,73296,73249
7276,73302,73260
7277,73312,73267
7278,73322,73275
7279,73333,73290
7280,73342,73298
7281,73354,73309
7282,73364,73321
7283,73374,73325
7284,73384,73333
7285,73394,73344
7286,73404,73352
7287,73414,73363
7288,73425,73373
7289,73433,73386
7290,73444,73396
7291,73454,73408
7292,73465,73416
7293,73475,73434
7294,73485,73435
7295,73494,73441
7296,73505,73452
7297,73515,73472
7298,73524,73478
7299,73533,73485
7300,73544,73495
7301,73555,73503
7302,73564,73511
7303,73574,73521
7304,73586,73536
7305,73593,73548
7306,73604,73561
7307,73613,73564
7308,73626,73574
7309,73635,73582
7310,73645,73599
7311,73655,73602
7312,73666,73618
7313,73677,73631
7314,73686,73638
7315,73697,73650
7316,73706,73656
7317,73715,73669
7318,73725,73672
7319,73734,73695
7320,73747,73701
7321,73757,73707
7322,73767,73718
7323,73776,73727
7324,73786,73736
7325,73798,73749
7326,73806,73757
7327,73817,73764
7328,73828,73777
7329,73837,73790
7330,73847,73796
7331,73857,73805
7332,73868,73818
7333,73875,73830
7334,73886,73836
7335,73896,73845
7336,73907,73864
7337,73919,73869
7338,73929,73884
7339,73939,73888
7340,73947,73902
7341,73958,73909
7342,73968,73919
7343,73977,73927
7344,73989,73936
7345,73998,73946
7346,74007,73957
7347,74018,73964
7348,74029,73982
7349,74038,73985
7350,74050,74000
7351,74060,74011
7352,74069,74023
7353,74078,74029
7354,74089,74044
7355,74099,74047
7356,74109,74065
7357,74120,74068
7358,74130,74080
7359,74137,74088
7360,74149,74099
7361,74160,74111
7362,74169,74116
7363,74179,74129
7364,74190,74137
7365,74200,74151
7366,74210,74164
7367,74220,74173
7368,74229,74183
7369,74239,74191
7370,74249,74201
7371,74258,74215
7372,74270,74223
7373,74279,74228
7374,74289,74241
7375,74302,74253
7376,74310,74264
7377,74320,74275
7378,74331,74290
7379,74340,74294
7380,74350,74301
7381,74363,74312
7382,74371,74324
7383,74383,74338
7384,74390,74340
7385,74401,74352
7386,74410,74361
7387,74422,74372
7388,74433,74381
7389,74440,74394
7390,74452,74406
7391,74463,74412
7392,74470,74417
7393,74484,74434
7394,74491,74444
7395,74502,74451
7396,74511,74467
7397,74525,74478
7398,74533,74484
7399,74544,74492
7400,74552,74508
7401,74563,74512
7402,74572,74535
7403,74581,74552
7404,74592,74562
7405,74603,74564
7406,74612,74571
7407,74623,74578
7408,74632,74584
7409,74641,74598
7410,74652,78338
7411,74663,78349
7412,74671,78360
7413,74684,78364
7414,74693,78371
7415,74702,78376
7416,74715,78388
7417,74726,78393
7418,74735,78398
7419,74744,78400
7420,74755,78402
7421,74764,78404
7422,74773,78406
7423,74784,78409
7424,74795,78411
7425,74804,78414
7426,74815,78416
7427,74825,78420
7428,74835,78421
7429,74845,78424
7430,74855,78426
7431,74864,78427
7432,74875,78431
7433,74885,78433
7434,74896,78435
7435,74905,78438
7436,74915,78440
7437,74925,78441
7438,74936,78445
7439,74946,78445
7440,74956,78447
7441,74966,78451
7442,74974,78453
7443,74987,78457
7444,74997,78467
7445,75007,78468
7446,75018,78470
7447,75026,78472
7448,75037,78475
7449,75046,78478
7450,75057,78490
7451,75068,78493
7452,75078,78495
7453,75089,78499
7454,75097,78505
7455,75106,78509
7456,75116,78515
7457,75126,78519
7458,75138,78523
7459,75147,78527
7460,75158,78532
7461,75167,78536
7462,75176,78537
7463,75187,78540
7464,75198,78555
7465,75207,78560
7466,75218,78562
7467,75228,78564
7468,75237,78574
7469,75246,78577
7470,75260,78581
7471,75268,78600
7472,75277,78602
7473,75289,78607
7474,75299,78609
7475,75309,78614
7476,75318,78620
7477,75329,78625
7478,75340,78627
7479,75349,78633
7480,75359,78640
7481,75369,78645
7482,75378,78658
7483,75389,78668
7484,75398,78670
7485,75408,78678
7486,75420,78681
7487,75430,78692
7488,75439,78696
7489,75449,78700
7490,75460,78701
7491,75470,78707
7492,75480,78712
7493,75490,78718
7494,75499,78720
7495,75509,78724
7496,75521,78729
7497,75531,78731
7498,75540,78733
7499,75550,78737
7500,75560,78741
7501,75569,78743
7502,75581,78752
7503,75591,78754
7504,75601,78761
7505,75611,78767
7506,75620,78770
7507,75631,78771
7508,75640,78773
7509,75652,78779
7510,75664,78781
7511,75673,78783
7512,75682,78784
7513,75691,78786
7514,75703,78788
7515,75713,78791
7516,75722,78798
7517,75732,78807
7518,75743,78823
7519,75753,78824
7520,75762,78829
7521,75773,78830
7522,75784,78835
7523,75794,78837
7524,75802,78839
7525,75813,78841
7526,75823,78844
7527,75832,78847
7528,75842,78858
7529,75852,78864
7530,75864,78865
7531,75874,78867
7532,75881,78874
7533,75895,78876
7534,75905,78878
7535,75912,78882
7536,75923,78889
7537,75933,78895
7538,75943,78897
7539,75954,78906
7540,75965,78910
7541,75973,78915
7542,75984,78917
7543,75995,78922
7544,76005,78925
7545,76013,78930
7546,76024,78933
7547,76033,78937
7548,76041,78941
7549,76055,78942
7550,76064,78944
7551,76074,78951
7552,76084,78957
7553,76094,78966
7554,76103,78968
7555,76113,78971
7556,76125,78982
7557,76134,78984
7558,76145,78991
7559,76156,78993
7560,76165,79003
7561,76175,79004
7562,76185,79010
7563,76195,79020
7564,76206,79022
7565,76214,79024
7566,76225,79027
7567,76237,79037
7568,76245,79046
7569,76256,79054
7570,76265,79059
7571,76277,79061
7572,76286,79063
7573,76295,79065
7574,76305,79069
7575,76317,79086
7576,76327,79091
7577,76337,79098
7578,76347,79104
7579,76356,79110
7580,76367,79117
7581,76376,79119
7582,76386,79122
7583,76396,79124
7584,76408,79132
7585,76416,79133
7586,76427,79135
7587,76436,79140
7588,76446,79142
7589,76456,79153
7590,76466,79158
7591,76478,79159
7592,76488,79163
7593,76498,79165
7594,76508,79166
7595,76518,79168
7596,76528,79172
7597,76536,79179
7598,76547,79181
7599,76558,79187
7600,76567,79189
7601,76576,79191
7602,76588,79193
7603,76597,79198
7604,76607,79207
7605,76616,79209
7606,76627,79210
7607,76638,79212
7608,76647,79220
7609,76658,79222
7610,76668,79223
7611,76677,79227
7612,76689,79231
7613,76698,79237
7614,76709,79242
7615,76718,79245
7616,76729,79248
7617,76738,79252
7618,76748,79254
7619,76758,79256
7620,76771,79259
7621,76778,79265
7622,76789,79268
7623,76800,79270
7624,76809,79278
7625,76819,79280
7626,76832,79281
7627,76839,79282
7628,76848,79291
7629,76859,79295
7630,76870,79310
7631,76878,79320
7632,76891,79325
7633,76901,79326
7634,76910,79331
7635,76918,79336
7636,76929,79340
7637,76939,79346
7638,76950,79348
7639,76960,79350
7640,76969,79353
7641,76981,79355
7642,76990,79358
7643,77000,79367
7644,77012,79373
7645,77020,79376
7646,77032,79379
7647,77042,79383
7648,77051,79391
7649,77062,79396
7650,77071,79403
7651,77082,79414
7652,77092,79416
7653,77100,79425
7654,77110,79427
7655,77122,79428
7656,77132,79434
7657,77142,79438
7658,77150,79443
7659,77161,79445
7660,77172,79447
7661,77183,79454
7662,77192,79456
7663,77202,79458
7664,77213,79468
7665,77223,79475
7666,77232,79476
7667,77242,79479
7668,77254,79481
7669,77263,79483
7670,77274,79484
7671,77284,79489
7672,77293,79492
7673,77303,79492
7674,77313,79499
7675,77323,79501
7676,77334,79501
7677,77344,79503
7678,77353,79507
7679,77363,79508
7680,77372,79518
7681,77384,79523
7682,77395,79524
7683,77407,79526
7684,77414,79527
7685,77424,79529
7686,77433,79534
7687,77443,79536
7688,77453,79545
7689,77463,79547
7690,77472,79550
7691,77483,79553
7692,77494,79562
7693,77504,79563
7694,77514,79565
7695,77523,79568
7696,77535,79577
7697,77544,79588
7698,77555,79595
7699,77565,79601
7700,77575,79603
7701,77585,79605
7702,77593,79611
7703,77605,79614
7704,77614,79619
7705,77625,79621
7706,77635,79627
7707,77647,79633
7708,77655,79635
7709,77665,79636
7710,77676,79638
7711,77685,79640
7712,77695,79641
7713,77706,79643
7714,77716,79645
7715,77727,79646
7716,77735,79650
7717,77745,79652
7718,77756,79654
7719,77767,79655
7720,77778,79664
7721,77785,79674
7722,77795,79683
7723,77807,79691
7724,77817,79694
7725,77826,79707
7726,77837,79709
7727,77846,79714
7728,77857,79716
7729,77867,79720
7730,77878,79722
7731,77888,79729
7732,77898,79731
7733,77908,79733
7734,77917,79735
7735,77926,79742
7736,77936,79749
7737,77947,79751
7738,77958,79752
7739,77967,79763
7740,77977,79767
7741,77988,79784
7742,77997,79786
7743,78009,79793
7744,78018,79802
7745,78028,79804
7746,78036,79809
7747,78048,79815
7748,78057,79816
7749,78068,79818
7750,78079,79825
7751,78089,79827
7752,78099,79829
7753,78109,79843
7754,78119,79849
7755,78129,79850
7756,78139,79858
7757,78150,79859
7758,78159,79861
7759,78169,79865
7760,78178,79867
7761,78188,79868
7762,78199,79870
7763,78210,79872
7764,78220,79874
7765,78230,79876
7766,78241,79878
7767,78250,79883
7768,78262,79890
7769,78270,79896
7770,78281,79898
7771,78289,79900
7772,78300,79913
7773,78310,79915
7774,78319,79918
7775,78328,79925
7776,78340,79938
7777,78351,79953
7778,78360,79959
7779,78369,79960
7780,78380,79963
7781,78390,79980
7782,78399,79982
7783,78410,79984
7784,78419,79988
7785,78429,79989
7786,78440,79995
7787,78452,80001
7788,78460,80009
7789,78472,80013
7790,78480,80015
7791,78488,80016
7792,78500,80019
7793,78512,80036
7794,78520,80041
7795,78531,80044
7796,78543,80049
7797,78549,80051
7798,78561,80062
7799,78570,80064
7800,78580,80068
7801,78593,80076
7802,78602,80077
7803,78612,80079
7804,78623,80082
7805,78631,80083
7806,78642,80085
7807,78652,80086
7808,78662,80088
7809,78672,80091
7810,78681,80093
7811,78691,80102
7812,78702,80103
7813,78713,80106
7814,78724,80107
7815,78733,80112
7816,78745,80118
7817,78755,80119
7818,78762,80127
7819,78773,80132
7820,78784,80138
7821,78793,80147
7822,78803,80160
7823,78813,80162
7824,78822,80167
7825,78835,80175
7826,78843,80182
7827,78852,80197
7828,78864,80199
7829,78875,80200
7830,78883,80204
7831,78893,80206
7832,78904,80212
7833,78915,80214
7834,78924,80216
7835,78934,80217
7836,78944,80223
7837,78952,80234
7838,78966,80236
7839,78972,80238
7840,78985,80241
7841,78996,80248
7842,79006,80255
7843,79014,80263
7844,79023,80265
7845,79034,80268
7846,79045,80271
7847,79055,80274
7848,79066,80275
7849,79077,80283
7850,79085,80285
7851,79094,80291
7852,79104,80292
7853,79116,80295
7854,79125,80296
7855,79137,80298
7856,79145,80299
7857,79156,80305
7858,79166,80307
7859,79175,80308
7860,79188,80314
7861,79196,80315
7862,79208,80322
7863,79217,80330
7864,79225,80332
7865,79236,80337
7866,79245,80352
7867,79258,80357
7868,79267,80366
7869,79276,80368
7870,79287,80369
7871,79298,80371
7872,79306,80380
7873,79317,80384
7874,79327,80385
7875,79336,80387
7876,79346,80388
7877,79355,80397
7878,79368,80403
7879,79377,80405
7880,79386,80408
7881,79397,80412
7882,79408,80414
7883,79420,80416
7884,79427,80420
7885,79438,80427
7886,79447,80429
7887,79460,80431
7888,79469,80437
7889,79478,80439
7890,79489,80444
7891,79499,80445
7892,79509,80447
7893,79518,80454
7894,79527,80466
7895,79539,80476
7896,79547,80480
7897,79558,80492
7898,79570,80493
7899,79578,80498
7900,79589,80499
7901,79600,80501
7902,79607,80504
7903,79620,80505
7904,79628,80507
7905,79638,80509
7906,79650,80511
7907,79657,80517
7908,79670,80518
7909,79678,80523
7910,79689,80530
7911,79701,80534
7912,79709,80541
7913,79720,80545
7914,79731,80546
7915,79740,80552
7916,79749,80561
7917,79761,80569
7918,79771,80573
7919,79782,80579
7920,79788,80590
7921,79800,80593
7922,79812,80598
7923,79821,80604
7924,79831,80607
7925,79842,80617
7926,79851,80618
7927,79862,80619
7928,79870,80630
7929,79881,80636
7930,79891,80644
7931,79901,80645
7932,79912,80647
7933,79920,80656
7934,79931,80661
7935,79942,80662
7936,79953,80664
7937,79961,80668
7938,79973,80678
7939,79980,80681
7940,79993,80683
7941,80002,80690
7942,80011,80694
7943,80021,80696
7944,80032,80697
7945,80044,80699
7946,80051,80709
7947,80063,80724
7948,80071,80741
7949,80083,80743
7950,80091,80749
7951,80102,80752
7952,80114,80761
7953,80123,80765
7954,80133,80771
7955,80144,80780
7956,80152,80783
7957,80162,80789
7958,80173,80791
7959,80183,80792
7960,80192,80794
7961,80201,80795
7962,80215,80797
7963,80223,80798
7964,80235,80807
7965,80244,80812
7966,80256,80815
7967,80263,80817
7968,80274,80824
7969,80285,80825
7970,80293,80828
7971,80305,80830
7972,80315,80832
7973,80325,80834
7974,80335,80835
7975,80343,80837
7976,80354,80839
7977,80363,80841
7978,80375,80846
7979,80384,80848
7980,80394,80849
7981,80405,80854
7982,80414,80856
7983,80423,80859
7984,80434,80872
7985,80444,80874
7986,80456,80876
7987,80466,80877
7988,80475,80880
7989,80485,80888
7990,80498,80894
7991,80506,80898
7992,80518,80900
7993,80527,80905
7994,80536,80906
7995,80548,80908
7996,80555,80914
7997,80565,80916
7998,80575,80918
7999,80586,80921
8000,80596,80925
8001,80607,80931
8002,80617,80936
8003,80628,80937
8004,80638,80944
8005,80648,80944
8006,80657,80945
8007,80667,80951
8008,80677,80954
8009,80685,80956
8010,80696,80957
8011,80707,80963
8012,80717,80966
8013,80726,80967
8014,80738,80978
8015,80747,80983
8016,80756,80988
8017,80769,80992
8018,80779,80994
8019,80787,80999
8020,80797,81001
8021,80808,81004
8022,80818,81009
8023,80827,81010
8024,80838,81012
8025,80851,81014
8026,80859,81015
8027,80869,81018
8028,80879,81020
8029,80889,81025
8030,80900,81031
8031,80908,81034
8032,80918,81036
8033,80931,81038
8034,80939,81039
8035,80949,81040
8036,80960,81042
8037,80971,81043
8038,80980,81045
8039,80989,81048
8040,80999,81050
8041,81011,81055
8042,81019,81066
8043,81029,81071
8044,81039,81073
8045,81049,81076
8046,81060,81078
8047,81071,81083
8048,81079,81087
8049,81090,81098
8050,81100,81100
8051,81110,81105
8052,81120,81109
8053,81130,81117
8054,81138,81118
8055,81151,81129
8056,81160,81139
8057,81172,81141
8058,81182,81142
8059,81189,81155
8060,81202,81164
8061,81209,81171
8062,81222,81173
8063,81230,81179
8064,81239,81194
8065,81253,81202
8066,81263,81213
8067,81271,81223
8068,81280,81228
8069,81293,81243
8070,81301,81253
8071,81311,81263
8072,81324,81275
8073,81331,81282
8074,81343,81291
8075,81352,81300
8076,81363,81313
8077,81374,81327
8078,81384,81338
8079,81393,81349
8080,81401,81353
8081,81411,81361
8082,81420,81370
8083,81433,81383
8084,81441,81395
8085,81453,81406
8086,81462,81413
8087,81474,81426
8088,81481,81435
8089,81492,81447
8090,81503,81452
8091,81513,81462
8092,81524,81487
8093,81533,81498
8094,81543,81499
8095,81553,81510
8096,81564,81517
8097,81573,81530
8098,81584,81538
8099,81591,81540
8100,81602,81550
8101,81616,81565
8102,81625,81573
8103,81634,81584
8104,81644,81596
8105,81655,81601
8106,81665,81615
8107,81675,81633
8108,81684,81636
8109,81695,81649
8110,81704,81661
8111,81715,81665
8112,81725,81678
8113,81736,81684
8114,81746,81698
8115,81754,81707
8116,81764,81715
8117,81774,81726
8118,81785,81735
8119,81795,81744
8120,81807,81757
8121,81815,81764
8122,81825,81784
8123,81837,81787
8124,81845,81805
8125,81855,81813
8126,81866,81814
8127,81875,81826
8128,81886,81837
8129,81896,81848
8130,81906,81858
8131,81915,81875
8132,81926,81882
8133,81936,81889
8134,81945,81899
8135,81956,81910
8136,81968,81914
8137,81977,81926
8138,81987,81940
8139,81997,81948
8140,82008,81964
8141,82018,81969
8142,82027,81977
8143,82039,81988
8144,82048,81996
8145,82057,82008
8146,82067,82024
8147,82078,82031
8148,82087,82042
8149,82099,82050
8150,82109,82059
8151,82118,82067
8152,82127,82077
8153,82137,82090
8154,82148,82098
8155,82158,82106
8156,82168,82118
8157,82180,82133
8158,82188,82135
8159,82198,82150
8160,82208,82155
8161,82218,82180
8162,82229,82185
8163,82239,82193
8164,82249,82205
8165,82260,82209
8166,82267,82218
8167,82279,82227
8168,82289,82237
8169,82299,82251
8170,82309,82259
8171,82320,82274
8172,82329,82282
8173,82339,82286
8174,82352,82306
8175,82359,82313
8176,82367,82318
8177,82379,82326
8178,82391,82340
8179,82399,82349
8180,82409,82366
8181,82421,82376
8182,82429,82380
8183,82441,82390
8184,82450,82402
8185,82460,82412
8186,82470,82418
8187,82481,82430
8188,82491,82445
8189,82500,82447
8190,82511,82463
8191,82521,82476
8192,82532,82489
8193,82541,82491
8194,82550,82498
8195,82559,82507
8196,82572,82522
8197,82582,82534
8198,82592,82541
8199,82600,82549
8200,82613,82563
8201,82623,82571
8202,82632,82580
8203,82643,82591
8204,82650,82603
8205,82662,82612
8206,82672,82622
8207,82682,82632
8208,82691,82642
8209,82700,82647
8210,82712,82671
8211,82723,82675
8212,82733,82687
8213,82744,82698
8214,82754,82704
8215,82762,82713
8216,82772,82723
8217,82782,82729
8218,82793,82741
8219,82803,82753
8220,82813,82764
8221,82822,82772
8222,82833,82781
8223,82844,82794
8224,82853,82804
8225,82863,82810
8226,82873,82821
8227,82884,82835
8228,82893,82841
8229,82903,82849
8230,82915,82862
8231,82922,82869
8232,82933,82881
8233,82944,82893
8234,82954,82902
8235,82964,82913
8236,82974,82924
8237,82985,82938
8238,82995,82946
8239,83004,82953
8240,83012,82960
8241,83025,82982
8242,83035,82988
8243,83046,83003
8244,83055,83005
8245,83065,83012
8246,83076,83023
8247,83088,83040
8248,83094,83047
8249,83103,83052
8250,83117,83068
8251,83126,83072
8252,83135,83088
8253,83147,83096
8254,83155,83103
8255,83166,83116
8256,83174,83123
8257,83188,83136
8258,83196,83147
8259,83206,83155
8260,83217,83166
8261,83224,83177
8262,83236,83186
8263,83247,83197
8264,83254,83202
8265,83266,83221
8266,83275,83224
8267,83286,83236
8268,83297,83245
8269,83306,83253
8270,83317,83264
8271,83326,83275
8272,83337,83292
8273,83347,83302
8274,83357,83308
8275,83367,83314
8276,83378,83328
8277,83390,83341
8278,83398,83349
8279,83407,83355
8280,83418,83374
8281,83427,83387
8282,83439,83393
8283,83446,83405
8284,83460,83410
8285,83468,83417
8286,83479,83427
8287,83489,83445
8288,83498,83447
8289,83509,83471
8290,83520,83472
8291,83529,83478
8292,83537,83484
8293,83548,83501
8294,83558,83506
8295,83569,83521
8296,83580,83533
8297,83589,83538
8298,83600,83551
8299,83608,83555
8300,83620,83569
8301,83628,83585
8302,83638,83593
8303,83648,83600
8304,83661,83614
8305,83669,83624
8306,83680,83629
8307,83690,83642
8308,83698,83653
8309,83709,83659
8310,83719,83667
8311,83728,83679
8312,83739,83692
8313,83748,83710
8314,83761,83724
8315,83768,83728
8316,83781,83739
8317,83789,83740
8318,83801,83752
8319,83809,83759
8320,83818,83773
8321,83831,83786
8322,83841,83800
8323,83853,83805
8324,83859,83811
8325,83871,83823
8326,83880,83841
8327,83891,83850
8328,83901,83852
8329,83911,83864
8330,83922,83870
8331,83933,83881
8332,83941,83890
8333,83952,83903
8334,83961,83907
8335,83970,83925
8336,83981,83934
8337,83991,83943
8338,84002,83950
8339,84013,83965
8340,84022,83974
8341,84034,83987
8342,84042,83990
8343,84052,84007
8344,84061,84016
8345,84073,84021
8346,84082,84032
8347,84093,84048
8348,84104,84053
8349,84114,84063
8350,84122,84069
8351,84134,84088
8352,84143,84092
8353,84152,84105
8354,84162,84110
8355,84171,84119
8356,84183,84129
8357,84194,84141
8358,84203,84155
8359,84213,84162
8360,84222,84173
8361,84234,84188
8362,84244,84194
8363,84256,84208
8364,84263,84212
8365,84274,84226
8366,84284,84233
8367,84294,84242
8368,84304,84256
8369,84313,84266
8370,84322,84273
8371,84335,84282
8372,84343,84291
8373,84355,84303
8374,84366,84316
8375,84374,84327
8376,84384,84334
8377,84394,84343
8378,84407,84353
8379,84415,84362
8380,84425,84374
8381,84436,84389
8382,84446,84399
8383,84454,84404
8384,84466,84420
8385,84476,84427
8386,84486,84444
8387,84497,84452
8388,84503,84458
8389,84515,84461
8390,84526,84478
8391,84536,84484
8392,84547,84504
8393,84557,84511
8394,84566,84521
8395,84577,84530
8396,84587,84539
8397,84597,84548
8398,84605,84556
8399,84616,84565
8400,84627,84582
8401,84636,84589
8402,84646,84593
8403,84656,84602
8404,84665,84617
8405,84677,84626
8406,84688,84643
8407,84697,84653
8408,84708,84656
8409,84719,84670
8410,84727,88484
8411,84738,88492
8412,84746,88494
8413,84759,88499
8414,84768,88504
8415,84776,88505
8416,84787,88515
8417,84798,88523
8418,84809,88527
8419,84818,88529
8420,84828,88530
8421,84839,88532
8422,84849,88547
8423,84859,88554
8424,84870,88561
8425,84881,88564
8426,84888,88566
8427,84898,88570
8428,84911,88576
8429,84918,88584
8430,84929,88590
8431,84941,88595
8432,84951,88601
8433,84960,88604
8434,84969,88612
8435,84980,88613
8436,84990,88618
8437,85001,88621
8438,85011,88624
8439,85020,88626
8440,85030,88627
8441,85041,88631
8442,85051,88632
8443,85059,88634
8444,85070,88636
8445,85080,88637
8446,85091,88639
8447,85098,88643
8448,85111,88649
8449,85122,88652
8450,85131,88658
8451,85141,88660
8452,85153,88667
8453,85161,88668
8454,85170,88670
8455,85182,88672
8456,85191,88681
8457,85199,88687
8458,85212,88690
8459,85220,88700
8460,85230,88702
8461,85241,88704
8462,85252,88707
8463,85261,88719
8464,85271,88731
8465,85282,88736
8466,85292,88738
8467,85302,88740
8468,85313,88746
8469,85321,88751
8470,85335,88756
8471,85343,88758
8472,85352,88762
8473,85362,88772
8474,85373,88777
8475,85382,88782
8476,85393,88785
8477,85402,88789
8478,85412,88798
8479,85422,88800
8480,85433,88806
8481,85442,88813
8482,85453,88820
8483,85464,88824
8484,85474,88827
8485,85484,88828
8486,85494,88831
8487,85505,88832
8488,85515,88835
8489,85525,88840
8490,85532,88847
8491,85545,88849
8492,85555,88851
8493,85563,88853
8494,85574,88858
8495,85585,88861
8496,85595,88867
8497,85606,88869
8498,85614,88873
8499,85623,88875
8500,85636,88877
8501,85644,88880
8502,85655,88882
8503,85665,88890
8504,85675,88894
8505,85683,88895
8506,85695,88896
8507,85706,88899
8508,85716,88908
8509,85725,88911
8510,85735,88915
8511,85747,88923
8512,85757,88925
8513,85765,88931
8514,85773,88932
8515,85786,88934
8516,85797,88937
8517,85805,88949
8518,85816,88950
8519,85826,88952
8520,85837,88956
8521,85848,88967
8522,85858,88969
8523,85867,88971
8524,85877,88972
8525,85887,88974
8526,85897,88978
8527,85906,88987
8528,85917,88990
8529,85927,88991
8530,85936,88995
8531,85947,89004
8532,85957,89007
8533,85966,89008
8534,85978,89010
8535,85988,89012
8536,85998,89014
8537,86008,89024
8538,86017,89025
8539,86027,89034
8540,86037,89036
8541,86047,89038
8542,86057,89044
8543,86067,89052
8544,86078,89058
8545,86088,89060
8546,86099,89068
8547,86109,89071
8548,86119,89073
8549,86128,89081
8550,86137,89089
8551,86147,89091
8552,86158,89092
8553,86168,89095
8554,86180,89097
8555,86189,89099
8556,86199,89100
8557,86208,89101
8558,86218,89103
8559,86230,89108
8560,86240,89117
8561,86249,89119
8562,86260,89124
8563,86269,89126
8564,86281,89135
8565,86290,89141
8566,86299,89145
8567,86309,89147
8568,86321,89148
8569,86329,89150
8570,86337,89153
8571,86350,89158
8572,86358,89160
8573,86371,89161
8574,86379,89168
8575,86389,89180
8576,86399,89193
8577,86410,89196
8578,86419,89198
8579,86431,89203
8580,86440,89209
8581,86451,89214
8582,86463,89220
8583,86470,89221
8584,86481,89228
8585,86493,89232
8586,86503,89237
8587,86510,89241
8588,86522,89243
8589,86529,89244
8590,86541,89245
8591,86551,89247
8592,86560,89251
8593,86572,89254
8594,86582,89257
8595,86593,89259
8596,86601,89260
8597,86611,89265
8598,86622,89267
8599,86631,89274
8600,86643,89282
8601,86652,89291
8602,86661,89296
8603,86672,89299
8604,86683,89305
8605,86692,89311
8606,86701,89317
8607,86713,89319
8608,86723,89320
8609,86730,89322
8610,86744,89329
8611,86753,89331
8612,86764,89334
8613,86774,89341
8614,86784,89344
8615,86793,89354
8616,86803,89356
8617,86813,89357
8618,86823,89360
8619,86833,89363
8620,86843,89365
8621,86855,89371
8622,86864,89384
8623,86875,89389
8624,86885,89392
8625,86896,89397
8626,86903,89398
8627,86913,89399
8628,86924,89401
8629,86936,89402
8630,86944,89403
8631,86955,89404
8632,86965,89406
8633,86975,89407
8634,86985,89409
8635,86994,89411
8636,87004,89413
8637,87014,89422
8638,87025,89423
8639,87033,89430
8640,87045,89432
8641,87054,89440
8642,87064,89446
8643,87074,89447
8644,87086,89452
8645,87094,89457
8646,87107,89461
8647,87116,89463
8648,87125,89465
8649,87135,89466
8650,87146,89473
8651,87155,89481
8652,87167,89486
8653,87176,89492
8654,87186,89495
8655,87196,89497
8656,87205,89498
8657,87216,89500
8658,87227,89501
8659,87237,89502
8660,87246,89504
8661,87255,89506
8662,87267,89508
8663,87274,89510
8664,87288,89518
8665,87299,89528
8666,87307,89532
8667,87316,89533
8668,87327,89539
8669,87337,89544
8670,87349,89548
8671,87357,89553
8672,87366,89559
8673,87377,89560
8674,87387,89573
8675,87397,89575
8676,87407,89578
8677,87420,89579
8678,87427,89586
8679,87437,89589
8680,87450,89595
8681,87457,89600
8682,87469,89606
8683,87479,89612
8684,87489,89614
8685,87499,89619
8686,87509,89627
8687,87519,89634
8688,87528,89644
8689,87541,89645
8690,87547,89649
8691,87560,89654
8692,87568,89662
8693,87578,89666
8694,87590,89668
8695,87599,89669
8696,87609,89670
8697,87620,89677
8698,87629,89678
8699,87640,89680
8700,87649,89682
8701,87661,89686
8702,87670,89688
8703,87677,89693
8704,87691,89698
8705,87700,89703
8706,87709,89708
8707,87722,89712
8708,87730,89714
8709,87738,89720
8710,87753,89721
8711,87760,89723
8712,87769,89725
8713,87780,89732
8714,87791,89734
8715,87800,89735
8716,87810,89737
8717,87821,89738
8718,87831,89740
8719,87839,89748
8720,87850,89758
8721,87860,89760
8722,87871,89774
8723,87879,89782
8724,87892,89784
8725,87902,89792
8726,87911,89794
8727,87922,89802
8728,87933,89808
8729,87942,89813
8730,87952,89822
8731,87960,89824
8732,87973,89833
8733,87982,89834
8734,87991,89836
8735,88002,89843
8736,88011,89850
8737,88022,89854
8738,88031,89857
8739,88043,89866
8740,88053,89867
8741,88062,89868
8742,88072,89870
8743,88083,89872
8744,88094,89873
8745,88102,89874
8746,88114,89881
8747,88124,89886
8748,88133,89888
8749,88142,89890
8750,88154,89900
8751,88164,89902
8752,88174,89912
8753,88184,89918
8754,88195,89919
8755,88204,89922
8756,88213,89924
8757,88225,89926
8758,88232,89928
8759,88243,89933
8760,88252,89936
8761,88261,89938
8762,88273,89944
8763,88283,89954
8764,88294,89955
8765,88305,89957
8766,88313,89961
8767,88325,89967
8768,88335,89975
8769,88344,89985
8770,88356,89994
8771,88366,89999
8772,88374,90001
8773,88384,90011
8774,88394,90013
8775,88405,90025
8776,88416,90034
8777,88425,90035
8778,88436,90036
8779,88445,90045
8780,88456,90049
8781,88466,90053
8782,88476,90057
8783,88485,90063
8784,88496,90069
8785,88504,90074
8786,88517,90080
8787,88526,90088
8788,88534,90093
8789,88545,90096
8790,88554,90100
8791,88568,90105
8792,88575,90106
8793,88585,90107
8794,88596,90109
8795,88607,90112
8796,88616,90123
8797,88627,90125
8798,88636,90132
8799,88646,90140
8800,88655,90141
8801,88665,90143
8802,88675,90146
8803,88683,90154
8804,88695,90161
8805,88707,90166
8806,88716,90168
8807,88727,90170
8808,88737,90174
8809,88747,90180
8810,88757,90184
8811,88768,90186
8812,88776,90192
8813,88786,90206
8814,88798,90207
8815,88806,90209
8816,88816,90214
8817,88826,90219
8818,88838,90222
8819,88848,90232
8820,88859,90233
8821,88867,90234
8822,88876,90237
8823,88888,90238
8824,88898,90244
8825,88908,90254
8826,88919,90257
8827,88928,90266
8828,88937,90268
8829,88949,90271
8830,88960,90273
8831,88967,90276
8832,88979,90280
8833,88989,90286
8834,89000,90300
8835,89008,90306
8836,89019,90307
8837,89030,90308
8838,89039,90310
8839,89050,90314
8840,89059,90316
8841,89070,90318
8842,89079,90322
8843,89090,90327
8844,89096,90332
8845,89110,90337
8846,89120,90338
8847,89129,90340
8848,89141,90341
8849,89150,90342
8850,89159,90350
8851,89171,90352
8852,89180,90361
8853,89192,90365
8854,89199,90374
8855,89210,90377
8856,89220,90378
8857,89231,90379
8858,89239,90386
8859,89251,90390
8860,89259,90394
8861,89270,90402
8862,89281,90416
8863,89290,90419
8864,89302,90425
8865,89309,90426
8866,89322,90430
8867,89330,90437
8868,89342,90449
8869,89350,90451
8870,89362,90459
8871,89371,90462
8872,89381,90468
8873,89389,90469
8874,89402,90471
8875,89411,90472
8876,89423,90474
8877,89432,90479
8878,89442,90486
8879,89452,90488
8880,89462,90490
8881,89472,90495
8882,89481,90496
8883,89490,90498
8884,89502,90511
8885,89512,90513
8886,89525,90518
8887,89531,90520
8888,89544,90521
8889,89554,90523
8890,89563,90527
8891,89573,90532
8892,89584,90534
8893,89593,90537
8894,89603,90539
8895,89611,90540
8896,89625,90541
8897,89631,90543
8898,89642,90547
8899,89652,90548
8900,89663,90556
8901,89673,90558
8902,89685,90561
8903,89694,90563
8904,89704,90571
8905,89715,90573
8906,89725,90587
8907,89734,90589
8908,89747,90594
8909,89753,90598
8910,89765,90608
8911,89775,90620
8912,89785,90621
8913,89796,90623
8914,89804,90630
8915,89815,90642
8916,89826,90643
8917,89834,90645
8918,89844,90646
8919,89856,90648
8920,89864,90652
8921,89875,90654
8922,89885,90657
8923,89895,90658
8924,89906,90659
8925,89914,90661
8926,89925,90665
8927,89936,90668
8928,89945,90670
8929,89957,90685
8930,89965,90688
8931,89977,90691
8932,89985,90697
8933,89994,90701
8934,90006,90709
8935,90015,90720
8936,90026,90722
8937,90037,90725
8938,90046,90727
8939,90057,90731
8940,90066,90739
8941,90077,90741
8942,90088,90744
8943,90098,90745
8944,90107,90751
8945,90118,90760
8946,90126,90769
8947,90137,90770
8948,90147,90772
8949,90157,90775
8950,90169,90782
8951,90177,90784
8952,90187,90791
8953,90198,90793
8954,90207,90795
8955,90217,90798
8956,90229,90800
8957,90236,90823
8958,90247,90825
8959,90258,90829
8960,90265,90835
8961,90279,90847
8962,90289,90849
8963,90298,90858
8964,90309,90864
8965,90320,90873
8966,90326,90877
8967,90338,90884
8968,90349,90895
8969,90358,90910
8970,90368,90912
8971,90379,90925
8972,90387,90930
8973,90399,90936
8974,90409,90945
8975,90417,90950
8976,90431,90958
8977,90440,90967
8978,90449,90969
8979,90459,90971
8980,90471,90972
8981,90477,90973
8982,90490,90975
8983,90499,90977
8984,90509,90979
8985,90518,90981
8986,90531,90985
8987,90540,90996
8988,90549,90997
8989,90559,91003
8990,90570,91009
8991,90581,91010
8992,90594,91012
8993,90600,91014
8994,90612,91015
8995,90620,91017
8996,90632,91027
8997,90639,91033
8998,90651,91046
8999,90661,91048
9000,90671,91055
9001,90679,91056
9002,90692,91059
9003,90701,91066
9004,90714,91068
9005,90720,91071
9006,90731,91073
9007,90740,91075
9008,90751,91087
9009,90762,91091
9010,90772,91093
9011,90781,91098
9012,90792,91104
9013,90801,91106
9014,90812,91114
9015,90821,91115
9016,90832,91123
9017,90842,91125
9018,90853,91134
9019,90864,91136
9020,90871,91139
9021,90883,91142
9022,90893,91152
9023,90901,91162
9024,90914,91168
9025,90921,91173
9026,90934,91177
9027,90942,91182
9028,90953,91188
9029,90963,91192
9030,90975,91195
9031,90984,91199
9032,90995,91204
9033,91002,91211
9034,91014,91213
9035,91026,91214
9036,91033,91218
9037,91043,91227
9038,91056,91229
9039,91063,91231
9040,91074,91232
9041,91083,91244
9042,91095,91246
9043,91105,91254
9044,91116,91259
9045,91123,91262
9046,91136,91274
9047,91146,91275
9048,91153,91277
9049,91166,91278
9050,91174,91279
9051,91186,91285
9052,91194,91290
9053,91205,91296
9054,91215,91305
9055,91224,91307
9056,91234,91321
9057,91247,91324
9058,91255,91328
9059,91268,91330
9060,91274,91341
9061,91286,91347
9062,91297,91355
9063,91304,91357
9064,91315,91359
9065,91326,91360
9066,91336,91363
9067,91347,91364
9068,91357,91366
9069,91364,91367
9070,91376,91368
9071,91388,91370
9072,91394,91373
9073,91406,91378
9074,91416,91386
9075,91427,91387
9076,91438,91390
9077,91446,91406
9078,91458,91411
9079,91465,91424
9080,91478,91432
9081,91486,91440
9082,91497,91456
9083,91508,91467
9084,91517,91471
9085,91526,91477
9086,91536,91494
9087,91546,91498
9088,91558,91505
9089,91568,91517
9090,91579,91531
9091,91587,91542
9092,91599,91553
9093,91608,91557
9094,91618,91567
9095,91628,91576
9096,91636,91586
9097,91648,91600
9098,91657,91610
9099,91667,91622
9100,91677,91625
9101,91688,91641
9102,91698,91644
9103,91709,91660
9104,91718,91676
9105,91729,91685
9106,91739,91691
9107,91748,91697
9108,91759,91711
9109,91769,91724
9110,91780,91735
9111,91790,91738
9112,91799,91749
9113,91809,91765
9114,91820,91772
9115,91830,91783
9116,91841,91793
9117,91849,91798
9118,91859,91807
9119,91869,91821
9120,91878,91830
9121,91889,91840
9122,91902,91860
9123,91910,91869
9124,91920,91872
9125,91930,91882
9126,91942,91888
9127,91952,91899
9128,91961,91908
9129,91970,91930
9130,91980,91933
9131,91989,91940
9132,92001,91948
9133,92009,91967
9134,92021,91969
9135,92031,91982
9136,92039,91994
9137,92051,92006
9138,92062,92016
9139,92070,92025
9140,92080,92037
9141,92092,92053
9142,92101,92054
9143,92109,92059
9144,92121,92076
9145,92133,92083
9146,92143,92093
9147,92151,92102
9148,92161,92111
9149,92174,92121
9150,92181,92131
9151,92189,92136
9152,92203,92152
9153,92210,92163
9154,92223,92173
9155,92233,92180
9156,92243,92193
9157,92251,92201
9158,92264,92213
9159,92274,92221
9160,92281,92228
9161,92293,92248
9162,92304,92263
9163,92315,92270
9164,92323,92274
9165,92336,92284
9166,92343,92290
9167,92355,92304
9168,92365,92312
9169,92372,92319
9170,92389,92336
9171,92398,92347
9172,92404,92355
9173,92415,92363
9174,92422,92370
9175,92433,92380
9176,92441,92395
9177,92453,92400
9178,92464,92411
9179,92475,92426
9180,92484,92435
9181,92494,92444
9182,92504,92451
9183,92515,92463
9184,92525,92478
9185,92535,92486
9186,92545,92492
9187,92554,92503
9188,92564,92512
9189,92576,92524
9190,92585,92532
9191,92595,92543
9192,92606,92555
9193,92614,92564
9194,92626,92574
9195,92637,92585
9196,92645,92597
9197,92655,92603
9198,92666,92616
9199,92678,92627
9200,92684,92632
9201,92695,92644
9202,92708,92657
9203,92716,92664
9204,92727,92679
9205,92736,92684
9206,92748,92697
9207,92757,92707
9208,92769,92727
9209,92778,92729
9210,92785,92735
9211,92798,92746
9212,92807,92758
9213,92816,92764
9214,92827,92785
9215,92834,92797
9216,92845,92799
9217,92857,92813
9218,92867,92822
9219,92876,92830
9220,92887,92835
9221,92897,92847
9222,92908,92860
9223,92918,92867
9224,92926,92874
9225,92938,92888
9226,92950,92900
9227,92957,92909
9228,92967,92920
9229,92978,92926
9230,92986,92936
9231,92999,92950
9232,93011,92968
9233,93019,92973
9234,93028,92975
9235,93040,92989
9236,93047,92994
9237,93059,93007
9238,93069,93020
9239,93079,93028
9240,93091,93039
9241,93101,93051
9242,93108,93067
9243,93120,93072
9244,93131,93081
9245,93138,93092
9246,93148,93098
9247,93159,93112
9248,93169,93117
9249,93178,93130
9250,93188,93135
9251,93199,93150
9252,93210,93162
9253,93220,93168
9254,93231,93181
9255,93240,93192
9256,93251,93198
9257,93258,93205
9258,93270,93217
9259,93282,93229
9260,93290,93241
9261,93300,93250
9262,93309,93257
9263,93321,93275
9264,93331,93279
9265,93340,93291
9266,93352,93301
9267,93361,93310
9268,93370,93325
9269,93380,93333
9270,93391,93340
9271,93402,93347
9272,93413,93363
9273,93418,93371
9274,93431,93382
9275,93443,93390
9276,93449,93401
9277,93461,93407
9278,93472,93420
9279,93482,93432
9280,93491,93441
9281,93502,93456
9282,93513,93467
9283,93521,93470
9284,93532,93480
9285,93543,93499
9286,93553,93505
9287,93562,93516
9288,93573,93533
9289,93583,93539
9290,93592,93544
9291,93603,93554
9292,93612,93561
9293,93623,93574
9294,93634,93582
9295,93642,93593
9296,93653,93600
9297,93662,93613
9298,93672,93623
9299,93683,93636
9300,93694,93647
9301,93702,93650
9302,93713,93666
9303,93724,93672
9304,93734,93683
9305,93746,93693
9306,93754,93702
9307,93764,93716
9308,93773,93724
9309,93784,93735
9310,93794,93745
9311,93804,93758
9312,93814,93767
9313,93824,93775
9314,93834,93783
9315,93843,93790
9316,93852,93801
9317,93866,93814
9318,93874,93822
9319,93883,93833
9320,93896,93846
9321,93905,93852
9322,93916,93868
9323,93926,93875
9324,93936,93885
9325,93944,93893
9326,93956,93904
9327,93964,93920
9328,93976,93933
9329,93987,93938
9330,93996,93947
9331,94005,93958
9332,94016,93964
9333,94024,93975
9334,94036,93984
9335,94045,93995
9336,94055,94004
9337,94065,94014
9338,94075,94033
9339,94087,94036
9340,94098,94048
9341,94107,94057
9342,94119,94067
9343,94126,94076
9344,94138,94092
9345,94148,94107
9346,94157,94118
9347,94168,94126
9348,94179,94128
9349,94186,94143
9350,94197,94146
9351,94206,94156
9352,94216,94163
9353,94224,94181
9354,94237,94188
9355,94246,94194
9356,94260,94210
9357,94267,94221
9358,94277,94225
9359,94289,94237
9360,94296,94245
9361,94309,94257
9362,94318,94268
9363,94329,94281
9364,94340,94288
9365,94350,94299
9366,94358,94306
9367,94370,94319
9368,94378,94325
9369,94388,94338
9370,94397,94346
9371,94407,94356
9372,94419,94366
9373,94429,94378
9374,94439,94386
9375,94450,94402
9376,94457,94406
9377,94470,94421
9378,94479,94434
9379,94488,94437
9380,94500,94449
9381,94509,94458
9382,94520,94471
9383,94531,94481
9384,94540,94489
9385,94552,94502
9386,94559,94509
9387,94569,94519
9388,94581,94527
9389,94588,94538
9390,94601,94554
9391,94610,94559
9392,94619,94568
9393,94629,94582
9394,94641,94589
9395,94649,94597
9396,94661,94609
9397,94673,94621
9398,94680,94626
9399,94692,94642
9400,94701,94655
9401,94711,94662
9402,94722,94670
9403,94732,94687
9404,94740,94689
9405,94750,94703
9406,94761,94708
9407,94773,94722
9408,94781,94734
9409,94791,94744
9410,94801,98371
9411,94812,98372
9412,94822,98373
9413,94833,98375
9414,94843,98376
9415,94853,98378
9416,94863,98379
9417,94872,98380
9418,94883,98381
9419,94894,98382
9420,94904,98383
9421,94914,98386
9422,94925,98387
9423,94934,98389
9424,94945,98391
9425,94953,98394
9426,94965,98396
9427,94973,98401
9428,94984,98403
9429,94996,98410
9430,95008,98412
9431,95014,98413
9432,95023,98414
9433,95035,98415
9434,95044,98417
9435,95054,98418
9436,95064,98420
9437,95074,98422
9438,95084,98424
9439,95096,98425
9440,95105,98426
9441,95115,98427
9442,95126,98429
9443,95136,98432
9444,95146,98434
9445,95154,98435
9446,95166,98438
9447,95176,98444
9448,95187,98445
9449,95195,98451
9450,95205,98459
9451,95215,98463
9452,95225,98474
9453,95236,98479
9454,95245,98486
9455,95257,98487
9456,95266,98489
9457,95276,98492
9458,95285,98496
9459,95296,98502
9460,95305,98504
9461,95318,98506
9462,95327,98508
9463,95337,98510
9464,95346,98512
9465,95357,98514
9466,95368,98515
9467,95377,98517
9468,95387,98519
9469,95398,98522
9470,95407,98524
9471,95417,98526
9472,95428,98527
9473,95436,98528
9474,95447,98531
9475,95455,98533
9476,95466,98535
9477,95475,98537
9478,95486,98539
9479,95495,98541
9480,95506,98542
9481,95519,98545
9482,95526,98546
9483,95538,98548
9484,95546,98549
9485,95557,98551
9486,95568,98553
9487,95578,98556
9488,95588,98559
9489,95599,98564
9490,95607,98566
9491,95619,98568
9492,95629,98571
9493,95639,98577
9494,95650,98578
9495,95657,98582
9496,95669,98583
9497,95679,98585
9498,95687,98587
9499,95701,98592
9500,95709,98593
9501,95719,98596
9502,95729,98600
9503,95741,98609
9504,95750,98611
9505,95760,98612
9506,95770,98614
9507,95779,98615
9508,95789,98618
9509,95799,98619
9510,95810,98621
9511,95818,98622
9512,95830,98623
9513,95840,98625
9514,95851,98626
9515,95859,98632
9516,95871,98633
9517,95879,98635
9518,95889,98636
9519,95901,98637
9520,95910,98639
9521,95919,98640
9522,95933,98642
9523,95941,98643
9524,95950,98644
9525,95962,98646
9526,95971,98648
9527,95980,98650
9528,95991,98651
9529,96003,98654
9530,96013,98656
9531,96021,98657
9532,96032,98659
9533,96041,98662
9534,96053,98664
9535,96062,98666
9536,96072,98667
9537,96082,98669
9538,96093,98671
9539,96104,98672
9540,96110,98674
9541,96122,98676
9542,96132,98677
9543,96143,98678
9544,96153,98679
9545,96163,98681
9546,96171,98684
9547,96182,98687
9548,96194,98690
9549,96202,98691
9550,96214,98693
9551,96223,98694
9552,96235,98696
9553,96243,98697
9554,96253,98699
9555,96264,98703
9556,96273,98705
9557,96283,98706
9558,96295,98708
9559,96305,98710
9560,96314,98712
9561,96324,98713
9562,96335,98714
9563,96346,98715
9564,96354,98717
9565,96364,98719
9566,96373,98721
9567,96386,98723
9568,96392,98725
9569,96404,98727
9570,96415,98731
9571,96425,98733
9572,96436,98735
9573,96444,98737
9574,96455,98738
9575,96464,98740
9576,96477,98741
9577,96485,98742
9578,96494,98746
9579,96505,98747
9580,96515,98749
9581,96523,98751
9582,96535,98752
9583,96546,98753
9584,96556,98755
9585,96567,98756
9586,96576,98758
9587,96587,98760
9588,96596,98763
9589,96606,98765
9590,96615,98767
9591,96627,98769
9592,96637,98772
9593,96645,98773
9594,96656,98775
9595,96668,98776
9596,96677,98778
9597,96686,98779
9598,96696,98780
9599,96707,98782
9600,96716,98784
9601,96727,98785
9602,96735,98787
9603,96747,98788
9604,96756,98789
9605,96767,98791
9606,96778,98792
9607,96788,98795
9608,96798,98797
9609,96810,98798
9610,96818,98802
9611,96827,98805
9612,96838,98808
9613,96848,98810
9614,96855,98815
9615,96869,98817
9616,96877,98818
9617,96888,98821
9618,96897,98823
9619,96907,98824
9620,96918,98826
9621,96928,98831
9622,96939,98834
9623,96948,98837
9624,96958,98839
9625,96970,98842
9626,96979,98846
9627,96987,98849
9628,96999,98852
9629,97009,98859
9630,97016,98861
9631,97030,98864
9632,97040,98866
9633,97049,98868
9634,97058,98869
9635,97070,98870
9636,97080,98872
9637,97090,98876
9638,97098,98877
9639,97109,98879
9640,97121,98880
9641,97129,98884
9642,97139,98889
9643,97151,98894
9644,97159,98901
9645,97171,98902
9646,97182,98904
9647,97190,98909
9648,97201,98911
9649,97211,98913
9650,97220,98914
9651,97231,98917
9652,97240,98919
9653,97252,98922
9654,97260,98924
9655,97270,98926
9656,97279,98927
9657,97290,98929
9658,97302,98932
9659,97311,98935
9660,97320,98937
9661,97332,98946
9662,97342,98948
9663,97350,98949
9664,97362,98953
9665,97372,98954
9666,97382,98959
9667,97392,98961
9668,97401,98963
9669,97412,98969
9670,97423,98971
9671,97432,98977
9672,97442,98978
9673,97452,98980
9674,97463,98985
9675,97473,98991
9676,97484,98997
9677,97493,99001
9678,97502,99003
9679,97513,99008
9680,97522,99009
9681,97533,99013
9682,97544,99015
9683,97552,99020
9684,97562,99022
9685,97574,99026
9686,97584,99032
9687,97594,99037
9688,97604,99039
9689,97614,99041
9690,97623,99042
9691,97633,99047
9692,97643,99048
9693,97653,99051
9694,97665,99052
9695,97676,99054
9696,97684,99056
9697,97694,99058
9698,97706,99061
9699,97716,99062
9700,97723,99069
9701,97734,99072
9702,97745,99077
9703,97753,99080
9704,97765,99082
9705,97774,99083
9706,97785,99085
9707,97794,99086
9708,97805,99088
9709,97815,99092
9710,97825,99095
9711,97832,99096
9712,97845,99102
9713,97856,99112
9714,97865,99113
9715,97875,99114
9716,97886,99116
9717,97895,99117
9718,97906,99119
9719,97916,99120
9720,97926,99129
9721,97934,99137
9722,97946,99139
9723,97954,99146
9724,97964,99150
9725,97976,99155
9726,97987,99157
9727,97995,99165
9728,98004,99171
9729,98016,99176
9730,98027,99187
9731,98038,99189
9732,98047,99196
9733,98056,99198
9734,98066,99202
9735,98076,99204
9736,98087,99210
9737,98096,99213
9738,98106,99218
9739,98117,99222
9740,98127,99225
9741,98137,99232
9742,98146,99236
9743,98156,99241
9744,98168,99245
9745,98179,99247
9746,98186,99248
9747,98197,99250
9748,98207,99252
9749,98217,99255
9750,98228,99256
9751,98237,99262
9752,98248,99264
9753,98257,99265
9754,98268,99267
9755,98277,99269
9756,98286,99272
9757,98295,99274
9758,98307,99276
9759,98316,99277
9760,98326,99278
9761,98338,99280
9762,98348,99281
9763,98357,99289
9764,98369,99295
9765,98378,99301
9766,98388,99307
9767,98399,99316
9768,98409,99318
9769,98416,99322
9770,98427,99324
9771,98437,99326
9772,98447,99328
9773,98458,99337
9774,98469,99338
9775,98478,99341
9776,98489,99348
9777,98500,99360
9778,98508,99366
9779,98520,99368
9780,98528,99374
9781,98538,99391
9782,98551,99393
9783,98560,99398
9784,98569,99412
9785,98579,99415
9786,98590,99417
9787,98600,99422
9788,98612,99431
9789,98622,99439
9790,98631,99446
9791,98639,99449
9792,98650,99454
9793,98661,99456
9794,98670,99459
9795,98679,99462
9796,98689,99463
9797,98700,99464
9798,98710,99466
9799,98719,99467
9800,98730,99479
9801,98740,99483
9802,98752,99490
9803,98762,99491
9804,98771,99493
9805,98780,99500
9806,98790,99504
9807,98801,99505
9808,98809,99511
9809,98821,99513
9810,98829,99519
9811,98839,99527
9812,98850,99535
9813,98862,99541
9814,98872,99549
9815,98882,99554
9816,98893,99557
9817,98902,99576
9818,98913,99584
9819,98921,99602
9820,98934,99618
9821,98943,99619
9822,98952,99622
9823,98962,99627
9824,98971,99631
9825,98983,99636
9826,98993,99638
9827,99002,99648
9828,99013,99650
9829,99023,99655
9830,99031,99659
9831,99045,99664
9832,99053,99676
9833,99064,99678
9834,99073,99679
9835,99082,99688
9836,99092,99692
9837,99104,99695
9838,99114,99696
9839,99124,99703
9840,99133,99706
9841,99145,99708
9842,99155,99710
9843,99164,99715
9844,99173,99730
9845,99182,99732
9846,99191,99733
9847,99203,99738
9848,99216,99742
9849,99225,99749
9850,99234,99755
9851,99244,99761
9852,99254,99762
9853,99266,99766
9854,99274,99770
9855,99284,99777
9856,99295,99779
9857,99305,99781
9858,99315,99782
9859,99324,99784
9860,99336,99789
9861,99344,99795
9862,99355,99796
9863,99365,99801
9864,99374,99806
9865,99385,99808
9866,99396,99812
9867,99405,99827
9868,99418,99834
9869,99427,99842
9870,99435,99844
9871,99446,99846
9872,99456,99848
9873,99467,99856
9874,99475,99861
9875,99487,99868
9876,99495,99870
9877,99505,99876
9878,99517,99888
9879,99525,99893
9880,99538,99895
9881,99549,99897
9882,99557,99900
9883,99568,99902
9884,99578,99905
9885,99586,99908
9886,99598,99916
9887,99606,99918
9888,99618,99922
9889,99628,99934
9890,99638,99936
9891,99648,99937
9892,99659,99939
9893,99669,99944
9894,99678,99948
9895,99688,99950
9896,99699,99955
9897,99709,99957
9898,99718,99964
9899,99729,99966
9900,99738,99967
9901,99751,99968
9902,99760,99970
9903,99767,99975
9904,99781,99983
9905,99789,99984
9906,99799,99996
9907,99809,99999
9908,99821,100008
9909,99830,100010
9910,99840,100018
9911,99850,100019
9912,99859,100022
9913,99868,100024
9914,99880,100030
9915,99889,100035
9916,99899,100040
9917,99909,100042
9918,99919,100048
9919,99930,100053
9920,99938,100063
9921,99951,100068
9922,99959,100070
9923,99970,100073
9924,99980,100077
9925,99990,100085
9926,100001,100087
9927,100011,100090
9928,100020,100097
9929,100028,100098
9930,100039,100100
9931,100050,100106
9932,100061,100112
9933,100070,100113
9934,100082,100117
9935,100090,100119
9936,100101,100120
9937,100110,100123
9938,100122,100125
9939,100132,100130
9940,100141,100132
9941,100152,100136
9942,100162,100142
9943,100171,100147
9944,100180,100153
9945,100192,100154
9946,100201,100156
9947,100214,100166
9948,100222,100173
9949,100232,100186
9950,100242,100194
9951,100252,100201
9952,100262,100214
9953,100272,100221
9954,100282,100230
9955,100291,100247
9956,100302,100254
9957,100310,100267
9958,100322,100270
9959,100334,100284
9960,100342,100292
9961,100353,100304
9962,100361,100310
9963,100372,100321
9964,100382,100333
9965,100392,100342
9966,100403,100351
9967,100414,100360
9968,100424,100373
9969,100434,100396
9970,100442,100400
9971,100453,100404
9972,100461,100411
9973,100473,100420
9974,100485,100438
9975,100495,100443
9976,100504,100451
9977,100513,100464
9978,100522,100472
9979,100534,100487
9980,100544,100498
9981,100555,100511
9982,100564,100524
9983,100573,100536
9984,100581,100538
9985,100592,100540
9986,100604,100549
9987,100614,100569
9988,100625,100574
9989,100634,100584
9990,100646,100600
9991,100655,100607
9992,100664,100616
9993,100674,100622
9994,100687,100638
9995,100695,100645
9996,100707,100658
9997,100714,100671
9998,100727,100675
9999,100734,100685
10000,100746,100697
10001,100756,100705
10002,100766,100714
10003,100776,100732
10004,100788,100738
10005,100796,100746
10006,100807,100757
10007,100816,100768
10008,100826,100776
10009,100837,100785
10010,100848,100798
10011,100856,100806
10012,100867,100815
10013,100876,100831
10014,100887,100837
10015,100898,100851
10016,100907,100862
10017,100917,100871
10018,100928,100884
10019,100938,100892
10020,100947,100897
10021,100957,100910
10022,100967,100915
10023,100977,100925
10024,100987,100943
10025,100998,100948
10026,101007,100958
10027,101017,100974
10028,101028,100976
10029,101036,100986
10030,101046,101000
10031,101057,101008
10032,101066,101014
10033,101077,101025
10034,101089,101039
10035,101098,101047
10036,101109,101061
10037,101118,101068
10038,101128,101077
10039,101137,101085
10040,101148,101098
10041,101160,101111
10042,101169,101116
10043,101180,101133
10044,101189,101139
10045,101200,101151
10046,101209,101168
10047,101218,101175
10048,101229,101177
10049,101239,101190
10050,101251,101200
10051,101260,101208
10052,101269,101225
10053,101280,101228
10054,101291,101238
10055,101299,101250
10056,101309,101258
10057,101321,101271
10058,101326,101283
10059,101340,101287
10060,101349,101299
10061,101361,101315
10062,101371,101320
10063,101380,101330
10064,101390,101337
10065,101402,101356
10066,101411,101361
10067,101421,101377
10068,101431,101381
10069,101442,101394
10070,101451,101404
10071,101461,101413
10072,101472,101420
10073,101481,101429
10074,101493,101450
10075,101503,101455
10076,101511,101462
10077,101522,101477
10078,101531,101480
10079,101543,101492
10080,101550,101500
10081,101562,101512
10082,101572,101521
10083,101582,101537
10084,101594,101543
10085,101602,101551
10086,101611,101564
10087,101623,101571
10088,101633,101580
10089,101641,101590
10090,101652,101599
10091,101664,101624
10092,101672,101630
10093,101684,101636
10094,101692,101646
10095,101702,101658
10096,101713,101661
10097,101723,101678
10098,101734,101683
10099,101743,101693
10100,101753,101701
10101,101763,101710
10102,101772,101725
10103,101783,101734
10104,101792,101740
10105,101804,101752
10106,101813,101764
10107,101823,101773
10108,101833,101785
10109,101843,101792
10110,101856,101802
10111,101865,101814
10112,101873,101820
10113,101883,101832
10114,101895,101843
10115,101903,101850
10116,101915,101864
10117,101924,101872
10118,101936,101886
10119,101943,101893
10120,101954,101903
10121,101965,101913
10122,101976,101929
10123,101985,101932
10124,101996,101949
10125,102005,101961
10126,102015,101963
10127,102025,101973
10128,102036,101994
10129,102046,101996
10130,102056,102011
10131,102064,102022
10132,102074,102031
10133,102086,102043
10134,102097,102047
10135,102104,102053
10136,102114,102074
10137,102127,102079
10138,102136,102085
10139,102146,102094
10140,102156,102104
10141,102167,102123
10142,102177,102126
10143,102185,102132
10144,102197,102145
10145,102206,102156
10146,102216,102166
10147,102227,102175
10148,102236,102185
10149,102247,102207
10150,102261,102212
10151,102266,102225
10152,102275,102227
10153,102288,102239
10154,102296,102247
10155,102307,102259
10156,102319,102268
10157,102328,102277
10158,102337,102287
10159,102346,102305
10160,102357,102310
10161,102365,102322
10162,102376,102331
10163,102387,102336
10164,102396,102356
10165,102409,102358
10166,102417,102364
10167,102427,102387
10168,102438,102391
10169,102450,102398
10170,102458,102405
10171,102469,102417
10172,102477,102426
10173,102489,102438
10174,102500,102449
10175,102508,102459
10176,102519,102466
10177,102529,102478
10178,102537,102496
10179,102548,102498
10180,102559,102507
10181,102569,102518
10182,102578,102528
10183,102588,102539
10184,102599,102547
10185,102610,102560
10186,102618,102570
10187,102630,102579
10188,102642,102591
10189,102649,102597
10190,102660,102609
10191,102667,102620
10192,102678,102635
10193,102689,102639
10194,102698,102656
10195,102711,102663
10196,102718,102670
10197,102729,102681
10198,102742,102695
10199,102750,102700
10200,102760,102708
10201,102773,102727
10202,102781,102734
10203,102792,102743
10204,102801,102752
10205,102810,102762
10206,102821,102769
10207,102830,102782
10208,102839,102787
10209,102851,102807
10210,102861,102814
10211,102871,102818
10212,102883,102830
10213,102893,102844
10214,102902,102853
10215,102911,102864
10216,102920,102868
10217,102932,102882
10218,102943,102891
10219,102952,102900
10220,102962,102916
10221,102974,102927
10222,102982,102938
10223,102993,102942
10224,103001,102952
10225,103013,102963
10226,103023,102982
10227,103034,102987
10228,103042,102990
10229,103052,103000
10230,103061,103009
10231,103071,103020
10232,103083,103032
10233,103093,103041
10234,103104,103053
10235,103112,103060
10236,103124,103071
10237,103132,103090
10238,103143,103093
10239,103151,103101
10240,103163,103113
10241,103172,103124
10242,103183,103139
10243,103194,103144
10244,103204,103159
10245,103215,103171
10246,103224,103180
10247,103234,103186
10248,103246,103197
10249,103255,103203
10250,103265,103213
10251,103275,103231
10252,103285,103239
10253,103294,103243
10254,103305,103251
10255,103312,103261
10256,103324,103274
10257,103336,103288
10258,103346,103293
10259,103353,103307
10260,103365,103321
10261,103375,103324
10262,103384,103341
10263,103396,103346
10264,103402,103359
10265,103414,103366
10266,103425,103376
10267,103435,103384
10268,103446,103395
10269,103454,103407
10270,103465,103423
10271,103476,103427
10272,103485,103441
10273,103497,103447
10274,103507,103463
10275,103517,103465
10276,103526,103473
10277,103536,103483
10278,103547,103495
10279,103554,103517
10280,103568,103521
10281,103577,103527
10282,103586,103534
10283,103597,103549
10284,103606,103555
10285,103617,103568
10286,103625,103582
10287,103637,103589
10288,103647,103596
10289,103656,103605
10290,103666,103618
10291,103675,103633
10292,103687,103649
10293,103699,103650
10294,103707,103654
10295,103718,103667
10296,103728,103678
10297,103737,103686
10298,103748,103698
10299,103756,103708
10300,103768,103724
10301,103780,103736
10302,103788,103741
10303,103798,103750
10304,103807,103756
10305,103816,103766
10306,103829,103781
10307,103839,103790
10308,103848,103800
10309,103859,103808
10310,103869,103820
10311,103880,103830
10312,103888,103835
10313,103900,103850
10314,103908,103864
10315,103918,103871
10316,103929,103886
10317,103937,103887
10318,103946,103898
10319,103958,103913
10320,103970,103923
10321,103980,103928
10322,103989,103936
10323,104000,103947
10324,104009,103956
10325,104019,103966
10326,104030,103983
10327,104041,103992
10328,104050,104007
10329,104059,104012
10330,104069,104024
10331,104080,104027
10332,104090,104041
10333,104100,104050
10334,104111,104063
10335,104119,104071
10336,104128,104082
10337,104141,104095
10338,104150,104100
10339,104160,104108
10340,104171,104123
10341,104181,104130
10342,104191,104143
10343,104201,104150
10344,104213,104162
10345,104222,104174
10346,104231,104184
10347,104239,104189
10348,104251,104199
10349,104259,104208
10350,104271,104226
10351,104283,104239
10352,104293,104247
10353,104302,104251
10354,104312,104261
10355,104321,104268
10356,104331,104278
10357,104340,104293
10358,104352,104302
10359,104361,104318
10360,104373,104326
10361,104382,104336
10362,104392,104340
10363,104402,104349
10364,104412,104362
10365,104421,104376
10366,104431,104378
10367,104444,104391
10368,104453,104408
10369,104464,104412
10370,104473,104430
10371,104482,104435
10372,104492,104445
10373,104503,104452
10374,104514,104469
10375,104521,104482
10376,104532,104487
10377,104544,104498
10378,104554,104506
10379,104562,104514
10380,104575,104530
10381,104584,104543
10382,104593,104544
10383,104603,104553
10384,104614,104565
10385,104623,104573
10386,104633,104585
10387,104644,104594
10388,104652,104605
10389,104663,104615
10390,104675,104623
10391,104682,104631
10392,104696,104647
10393,104705,104656
10394,104715,104667
10395,104726,104676
10396,104737,104686
10397,104745,104697
10398,104754,104701
10399,104764,104711
10400,104775,104728
10401,104786,104742
10402,104795,104748
10403,104805,104756
10404,104813,104760
10405,104824,104777
10406,104835,104784
10407,104847,104794
10408,104856,104808
10409,104864,104811
10410,104873,108463
10411,104885,108469
10412,104898,108474
10413,104906,108486
10414,104918,108488
10415,104928,108494
10416,104934,108498
10417,104947,108504
10418,104958,108505
10419,104969,108511
10420,104977,108522
10421,104988,108527
10422,104997,108543
10423,105009,108549
10424,105018,108551
10425,105027,108557
10426,105037,108568
10427,105047,108571
10428,105058,108581
10429,105066,108591
10430,105079,108593
10431,105087,108594
10432,105097,108599
10433,105109,108601
10434,105118,108602
10435,105127,108603
10436,105138,108606
10437,105147,108609
10438,105158,108611
10439,105169,108614
10440,105178,108618
10441,105187,108621
10442,105200,108624
10443,105209,108626
10444,105220,108628
10445,105230,108630
10446,105237,108631
10447,105248,108633
10448,105259,108635
10449,105268,108637
10450,105279,108642
10451,105289,108649
10452,105300,108653
10453,105309,108660
10454,105320,108662
10455,105329,108666
10456,105341,108668
10457,105347,108671
10458,105359,108677
10459,105369,108683
10460,105378,108690
10461,105389,108691
10462,105399,108700
10463,105410,108705
10464,105421,108708
10465,105430,108717
10466,105442,108720
10467,105450,108726
10468,105460,108730
10469,105471,108738
10470,105482,108743
10471,105492,108744
10472,105501,108745
10473,105511,108750
10474,105523,108754
10475,105532,108756
10476,105540,108763
10477,105551,108772
10478,105560,108774
10479,105573,108775
10480,105582,108777
10481,105592,108778
10482,105601,108781
10483,105610,108783
10484,105621,108786
10485,105631,108795
10486,105641,108800
10487,105652,108801
10488,105663,108806
10489,105672,108807
10490,105683,108809
10491,105694,108811
10492,105701,108815
10493,105712,108823
10494,105723,108826
10495,105733,108839
10496,105743,108839
10497,105754,108842
10498,105763,108844
10499,105773,108846
10500,105783,108848
10501,105794,108856
10502,105803,108859
10503,105810,108865
10504,105822,108866
10505,105832,108869
10506,105843,108872
10507,105853,108874
10508,105862,108877
10509,105872,108880
10510,105883,108882
10511,105894,108883
10512,105903,108886
10513,105914,108890
10514,105923,108894
10515,105935,108898
10516,105943,108902
10517,105953,108903
10518,105965,108905
10519,105976,108906
10520,105984,108908
10521,105994,108910
10522,106005,108922
10523,106015,108926
10524,106025,108929
10525,106036,108936
10526,106046,108942
10527,106055,108944
10528,106067,108945
10529,106074,108948
10530,106085,108951
10531,106096,108953
10532,106105,108957
10533,106116,108964
10534,106127,108975
10535,106135,108982
10536,106146,108985
10537,106157,108991
10538,106166,108997
10539,106175,109001
10540,106185,109003
10541,106195,109013
10542,106206,109014
10543,106216,109015
10544,106226,109019
10545,106236,109023
10546,106247,109028
10547,106256,109033
10548,106267,109035
10549,106277,109043
10550,106285,109045
10551,106298,109047
10552,106307,109048
10553,106316,109050
10554,106328,109051
10555,106336,109053
10556,106345,109058
10557,106356,109065
10558,106368,109069
10559,106377,109075
10560,106387,109080
10561,106397,109082
10562,106407,109084
10563,106415,109085
10564,106428,109088
10565,106438,109089
10566,106447,109090
10567,106460,109100
10568,106466,109102
10569,106476,109103
10570,106488,109106
10571,106498,109117
10572,106507,109125
10573,106520,109126
10574,106529,109128
10575,106540,109137
10576,106550,109151
10577,106560,109156
10578,106568,109159
10579,106579,109163
10580,106588,109164
10581,106598,109166
10582,106609,109168
10583,106621,109180
10584,106631,109183
10585,106638,109184
10586,106649,109186
10587,106660,109188
10588,106671,109197
10589,106680,109208
10590,106692,109212
10591,106698,109214
10592,106710,109216
10593,106718,109223
10594,106731,109225
10595,106740,109229
10596,106747,109233
10597,106761,109234
10598,106770,109235
10599,106781,109239
10600,106791,109240
10601,106802,109242
10602,106809,109247
10603,106819,109248
10604,106831,109259
10605,106841,109265
10606,106850,109277
10607,106860,109278
10608,106871,109283
10609,106881,109285
10610,106891,109286
10611,106900,109287
10612,106911,109299
10613,106921,109305
10614,106933,109307
10615,106942,109312
10616,106952,109313
10617,106962,109320
10618,106971,109323
10619,106981,109326
10620,106993,109328
10621,107002,109330
10622,107013,109331
10623,107022,109332
10624,107033,109336
10625,107042,109344
10626,107051,109346
10627,107063,109348
10628,107073,109351
10629,107083,109356
10630,107095,109360
10631,107101,109361
10632,107113,109368
10633,107123,109370
10634,107134,109371
10635,107143,109376
10636,107156,109378
10637,107163,109379
10638,107173,109383
10639,107183,109387
10640,107194,109389
10641,107203,109391
10642,107213,109401
10643,107225,109402
10644,107232,109414
10645,107244,109415
10646,107254,109417
10647,107263,109419
10648,107274,109428
10649,107285,109429
10650,107297,109430
10651,107303,109432
10652,107314,109437
10653,107324,109443
10654,107335,109456
10655,107345,109462
10656,107354,109468
10657,107367,109470
10658,107375,109472
10659,107386,109479
10660,107395,109489
10661,107407,109491
10662,107415,109496
10663,107427,109498
10664,107434,109503
10665,107445,109516
10666,107454,109518
10667,107465,109522
10668,107474,109528
10669,107486,109533
10670,107494,109538
10671,107505,109539
10672,107515,109543
10673,107527,109544
10674,107536,109545
10675,107546,109549
10676,107556,109551
10677,107568,109553
10678,107575,109554
10679,107586,109556
10680,107597,109558
10681,107606,109562
10682,107615,109573
10683,107626,109577
10684,107636,109580
10685,107647,109581
10686,107656,109590
10687,107666,109593
10688,107677,109599
10689,107686,109606
10690,107696,109613
10691,107708,109614
10692,107717,109616
10693,107729,109622
10694,107737,109625
10695,107746,109627
10696,107759,109630
10697,107769,109631
10698,107777,109640
10699,107787,109644
10700,107799,109648
10701,107810,109652
10702,107817,109668
10703,107829,109672
10704,107838,109673
10705,107847,109678
10706,107857,109682
10707,107869,109685
10708,107877,109688
10709,107888,109692
10710,107900,109696
10711,107909,109698
10712,107917,109699
10713,107928,109708
10714,107939,109711
10715,107947,109713
10716,107958,109719
10717,107969,109722
10718,107978,109725
10719,107989,109727
10720,107997,109729
10721,108009,109730
10722,108021,109736
10723,108028,109740
10724,108039,109752
10725,108049,109753
10726,108061,109755
10727,108071,109762
10728,108079,109764
10729,108089,109772
10730,108101,109776
10731,108110,109781
10732,108120,109789
10733,108131,109804
10734,108140,109808
10735,108151,109816
10736,108161,109819
10737,108172,109821
10738,108181,109823
10739,108190,109824
10740,108200,109826
10741,108211,109828
10742,108220,109831
10743,108232,109835
10744,108242,109843
10745,108251,109846
10746,108260,109847
10747,108271,109849
10748,108280,109850
10749,108293,109851
10750,108302,109853
10751,108310,109855
10752,108320,109859
10753,108332,109864
10754,108341,109866
10755,108353,109872
10756,108363,109877
10757,108372,109885
10758,108382,109886
10759,108392,109888
10760,108402,109890
10761,108413,109892
10762,108423,109900
10763,108434,109905
10764,108444,109906
10765,108452,109912
10766,108464,109913
10767,108473,109915
10768,108484,109921
10769,108495,109926
10770,108503,109931
10771,108513,109936
10772,108524,109946
10773,108534,109951
10774,108541,109959
10775,108554,109964
10776,108563,109968
10777,108570,109972
10778,108581,109974
10779,108590,109979
10780,108604,109982
10781,108612,109987
10782,108623,109989
10783,108632,109993
10784,108644,109999
10785,108654,110001
10786,108663,110009
10787,108675,110013
10788,108685,110016
10789,108692,110023
10790,108702,110029
10791,108712,110030
10792,108722,110031
10793,108734,110035
10794,108743,110046
10795,108754,110052
10796,108765,110056
10797,108773,110060
10798,108785,110071
10799,108794,110072
10800,108805,110074
10801,108814,110076
10802,108826,110080
10803,108835,110087
10804,108843,110088
10805,108853,110092
10806,108866,110095
10807,108876,110101
10808,108886,110102
10809,108894,110104
10810,108906,110109
10811,108915,110112
10812,108924,110118
10813,108936,110120
10814,108945,110125
10815,108957,110127
10816,108965,110129
10817,108976,110134
10818,108987,110139
10819,108996,110146
10820,109005,110148
10821,109016,110155
10822,109026,110162
10823,109036,110164
10824,109047,110166
10825,109056,110170
10826,109067,110174
10827,109073,110184
10828,109088,110188
10829,109094,110191
10830,109107,110196
10831,109117,110204
10832,109127,110206
10833,109137,110211
10834,109147,110214
10835,109157,110222
10836,109166,110224
10837,109177,110225
10838,109186,110228
10839,109198,110231
10840,109207,110233
10841,109217,110242
10842,109228,110250
10843,109237,110253
10844,109248,110255
10845,109259,110261
10846,109266,110263
10847,109280,110264
10848,109288,110266
10849,109297,110267
10850,109307,110275
10851,109319,110284
10852,109330,110285
10853,109338,110289
10854,109349,110300
10855,109357,110307
10856,109369,110308
10857,109378,110309
10858,109389,110310
10859,109399,110313
10860,109409,110317
10861,109420,110318
10862,109429,110325
10863,109437,110326
10864,109449,110328
10865,109458,110335
10866,109470,110338
10867,109480,110340
10868,109490,110341
10869,109501,110342
10870,109512,110345
10871,109517,110346
10872,109529,110348
10873,109539,110349
10874,109550,110351
10875,109560,110353
10876,109571,110354
10877,109580,110355
10878,109590,110357
10879,109601,110359
10880,109610,110361
10881,109621,110364
10882,109629,110366
10883,109641,110369
10884,109652,110373
10885,109661,110374
10886,109669,110376
10887,109680,110378
10888,109689,110379
10889,109703,110380
10890,109710,110389
10891,109720,110391
10892,109733,110393
10893,109740,110398
10894,109752,110400
10895,109763,110402
10896,109770,110406
10897,109782,110408
10898,109791,110410
10899,109802,110414
10900,109810,110416
10901,109822,110417
10902,109833,110421
10903,109843,110424
10904,109851,110431
10905,109861,110444
10906,109874,110451
10907,109881,110462
10908,109891,110464
10909,109902,110465
10910,109911,110467
10911,109923,110471
10912,109933,110477
10913,109943,110480
10914,109954,110484
10915,109963,110491
10916,109972,110494
10917,109982,110502
10918,109994,110504
10919,110002,110509
10920,110012,110518
10921,110024,110524
10922,110033,110525
10923,110042,110534
10924,110054,110535
10925,110065,110540
10926,110073,110546
10927,110083,110548
10928,110091,110551
10929,110103,110554
10930,110112,110556
10931,110123,110562
10932,110132,110571
10933,110143,110576
10934,110153,110579
10935,110162,110581
10936,110173,110583
10937,110185,110587
10938,110194,110591
10939,110204,110594
10940,110215,110595
10941,110225,110598
10942,110238,110601
10943,110244,110605
10944,110254,110610
10945,110266,110611
10946,110278,110613
10947,110284,110615
10948,110295,110617
10949,110306,110618
10950,110315,110620
10951,110326,110621
10952,110336,110632
10953,110345,110633
10954,110357,110635
10955,110367,110643
10956,110375,110649
10957,110385,110651
10958,110396,110653
10959,110404,110656
10960,110415,110658
10961,110425,110659
10962,110434,110661
10963,110444,110664
10964,110455,110672
10965,110466,110676
10966,110476,110678
10967,110487,110684
10968,110495,110686
10969,110505,110687
10970,110516,110689
10971,110526,110696
10972,110535,110700
10973,110549,110713
10974,110558,110715
10975,110566,110717
10976,110576,110720
10977,110586,110728
10978,110596,110730
10979,110606,110732
10980,110619,110735
10981,110628,110736
10982,110639,110740
10983,110649,110742
10984,110658,110743
10985,110667,110745
10986,110676,110746
10987,110688,110750
10988,110697,110753
10989,110710,110756
10990,110717,110762
10991,110728,110765
10992,110739,110766
10993,110747,110775
10994,110758,110780
10995,110768,110782
10996,110777,110786
10997,110789,110787
10998,110799,110789
10999,110809,110796
11000,110817,110806
11001,110830,110808
11002,110836,110814
11003,110847,110819
11004,110860,110820
11005,110868,110822
11006,110879,110829
11007,110889,110836
11008,110899,110846
11009,110910,110858
11010,110920,110875
11011,110929,110883
11012,110940,110897
11013,110949,110908
11014,110959,110910
11015,110969,110917
11016,110979,110933
11017,110990,110939
11018,111000,110954
11019,111011,110962
11020,111020,110971
11021,111030,110983
11022,111042,110993
11023,111050,110999
11024,111061,111010
11025,111073,111022
11026,111081,111032
11027,111091,111038
11028,111102,111050
11029,111110,111061
11030,111121,111077
11031,111130,111082
11032,111141,111088
11033,111151,111101
11034,111162,111109
11035,111171,111123
11036,111181,111132
11037,111192,111145
11038,111201,111152
11039,111211,111162
11040,111223,111174
11041,111231,111180
11042,111242,111192
11043,111252,111201
11044,111264,111213
11045,111272,111224
11046,111281,111231
11047,111293,111242
11048,111301,111248
11049,111314,111261
11050,111320,111271
11051,111333,111282
11052,111345,111295
11053,111351,111300
11054,111363,111312
11055,111376,111324
11056,111383,111331
11057,111394,111341
11058,111404,111351
11059,111415,111364
11060,111423,111371
11061,111434,111388
11062,111442,111390
11063,111453,111402
11064,111463,111417
11065,111476,111428
11066,111483,111437
11067,111493,111443
11068,111504,111456
11069,111514,111464
11070,111525,111473
11071,111535,111490
11072,111541,111499
11073,111553,111501
11074,111565,111515
11075,111576,111529
11076,111586,111536
11077,111595,111545
11078,111606,111559
11079,111615,111565
11080,111625,111576
11081,111635,111590
11082,111645,111600
11083,111653,111607
11084,111663,111609
11085,111677,111633
11086,111686,111638
11087,111696,111644
11088,111705,111660
11089,111716,111673
11090,111724,111677
11091,111736,111688
11092,111746,111693
11093,111755,111702
11094,111766,111724
11095,111777,111726
11096,111784,111733
11097,111796,111750
11098,111806,111757
11099,111816,111764
11100,111825,111777
11101,111837,111789
11102,111846,111794
11103,111856,111803
11104,111868,111820
11105,111874,111827
11106,111885,111832
11107,111897,111846
11108,111907,111854
11109,111919,111872
11110,111929,111882
11111,111937,111887
11112,111948,111903
11113,111955,111904
11114,111967,111916
11115,111977,111929
11116,111989,111936
11117,111999,111950
11118,112006,111962
11119,112016,111969
11120,112028,111978
11121,112037,111986
11122,112048,111999
11123,112057,112006
11124,112067,112022
11125,112080,112028
11126,112087,112036
11127,112097,112044
11128,112109,112055
11129,112117,112068
11130,112127,112080
11131,112139,112095
11132,112149,112104
11133,112158,112110
11134,112170,112122
11135,112177,112132
11136,112191,112142
11137,112200,112152
11138,112209,112158
11139,112217,112165
11140,112229,112180
11141,112239,112189
11142,112248,112203
11143,112258,112212
11144,112270,112217
11145,112280,112234
11146,112290,112240
11147,112301,112250
11148,112308,112259
11149,112322,112272
11150,112332,112283
11151,112342,112293
11152,112350,112303
11153,112361,112312
11154,112369,112318
11155,112382,112334
11156,112391,112339
11157,112402,112349
11158,112410,112358
11159,112422,112369
11160,112431,112379
11161,112442,112395
11162,112451,112398
11163,112460,112413
11164,112471,112422
11165,112482,112434
11166,112489,112438
11167,112501,112453
11168,112512,112463
11169,112522,112471
11170,112530,112481
11171,112541,112490
11172,112552,112504
11173,112562,112514
11174,112572,112525
11175,112581,112533
11176,112592,112541
11177,112602,112551
11178,112610,112557
11179,112626,112575
11180,112631,112583
11181,112645,112595
11182,112652,112600
11183,112662,112611
11184,112671,112620
11185,112683,112634
11186,112693,112646
11187,112704,112653
11188,112714,112665
11189,112722,112671
11190,112732,112680
11191,112742,112697
11192,112754,112706
11193,112763,112713
11194,112774,112726
11195,112785,112733
11196,112793,112743
11197,112805,112758
11198,112813,112763
11199,112822,112771
11200,112834,112786
11201,112846,112797
11202,112853,112805
11203,112864,112812
11204,112873,112821
11205,112882,112836
11206,112893,112841
11207,112905,112856
11208,112915,112867
11209,112924,112872
11210,112933,112879
11211,112944,112895
11212,112953,112907
11213,112965,112912
11214,112974,112921
11215,112983,112930
11216,112995,112947
11217,113006,112958
11218,113013,112962
11219,113026,112975
11220,113034,112984
11221,113046,113001
11222,113055,113003
11223,113064,113014
11224,113076,113025
11225,113088,113036
11226,113095,113043
11227,113106,113053
11228,113116,113065
11229,113125,113070
11230,113138,113085
11231,113148,113098
11232,113154,113105
11233,113167,113115
11234,113174,113124
11235,113185,113134
11236,113194,113144
11237,113205,113154
11238,113215,113169
11239,113226,113176
11240,113235,113185
11241,113247,113205
11242,113257,113210
11243,113266,113216
11244,113279,113230
11245,113286,113241
11246,113297,113249
11247,113308,113255
11248,113315,113270
11249,113325,113279
11250,113337,113284
11251,113348,113297
11252,113358,113307
11253,113366,113315
11254,113379,113331
11255,113390,113336
11256,113398,113346
11257,113408,113354
11258,113419,113369
11259,113428,113377
11260,113440,113388
11261,113447,113394
11262,113459,113407
11263,113470,113418
11264,113479,113426
11265,113490,113443
11266,113497,113446
11267,113509,113461
11268,113519,113472
11269,113528,113476
11270,113540,113492
11271,113549,113495
11272,113559,113508
11273,113569,113519
11274,113580,113532
11275,113589,113546
11276,113598,113547
11277,113609,113557
11278,113621,113576
11279,113628,113579
11280,113640,113598
11281,113651,113610
11282,113658,113614
11283,113670,113616
11284,113680,113628
11285,113693,113648
11286,113699,113650
11287,113710,113660
11288,113720,113673
11289,113730,113679
11290,113740,113690
11291,113751,113698
11292,113762,113711
11293,113770,113718
11294,113782,113731
11295,113791,113740
11296,113801,113748
11297,113810,113759
11298,113821,113770
11299,113830,113787
11300,113841,113794
11301,113851,113802
11302,113861,113809
11303,113870,113816
11304,113880,113829
11305,113890,113838
11306,113902,113851
11307,113911,113861
11308,113923,113874
11309,113929,113883
11310,113941,113895
11311,113952,113906
11312,113962,113913
11313,113972,113926
11314,113983,113931
11315,113991,113938
11316,114001,113949
11317,114011,113960
11318,114021,113976
11319,114030,113979
11320,114042,113988
11321,114050,114002
11322,114062,114014
11323,114071,114026
11324,114084,114034
11325,114092,114044
11326,114104,114051
11327,114114,114061
11328,114123,114070
11329,114135,114087
11330,114144,114092
11331,114154,114110
11332,114164,114116
11333,114174,114123
11334,114182,114129
11335,114196,114144
11336,114205,114156
11337,114214,114171
11338,114226,114176
11339,114232,114187
11340,114242,114192
11341,114257,114205
11342,114262,114215
11343,114272,114223
11344,114282,114230
11345,114294,114241
11346,114304,114257
11347,114314,114269
11348,114326,114277
11349,114334,114283
11350,114346,114292
11351,114355,114304
11352,114366,114317
11353,114374,114328
11354,114384,114339
11355,114396,114349
11356,114405,114356
11357,114415,114367
11358,114424,114378
11359,114435,114383
11360,114446,114395
11361,114455,114406
11362,114466,114416
11363,114475,114427
11364,114488,114437
11365,114496,114447
11366,114506,114452
11367,114515,114462
11368,114526,114480
11369,114536,114487
11370,114546,114495
11371,114555,114508
11372,114566,114515
11373,114577,114523
11374,114586,114535
11375,114597,114554
11376,114606,114556
11377,114616,114567
11378,114628,114582
11379,114635,114585
11380,114648,114603
11381,114658,114611
11382,114669,114619
11383,114678,114626
11384,114687,114636
11385,114695,114646
11386,114707,114655
11387,114719,114668
11388,114726,114680
11389,114736,114687
11390,114748,114700
11391,114759,114705
11392,114768,114718
11393,114780,114729
11394,114788,114736
11395,114799,114755
11396,114810,114769
11397,114819,114772
11398,114826,114780
11399,114839,114791
11400,114848,114797
11401,114859,114813
11402,114868,114818
11403,114878,114827
11404,114888,114838
11405,114899,114848
11406,114906,114857
11407,114920,114867
11408,114930,114882
11409,114939,114891
11410,114947,118758
11411,114959,118770
11412,114968,118777
11413,114981,118782
11414,114992,118790
11415,115001,118791
11416,115010,118794
11417,115021,118799
11418,115030,118801
11419,115043,118809
11420,115050,118816
11421,115059,118826
11422,115072,118829
11423,115081,118835
11424,115091,118838
11425,115101,118841
11426,115113,118847
11427,115124,118856
11428,115131,118858
11429,115141,118860
11430,115152,118862
11431,115160,118865
11432,115173,118868
11433,115182,118870
11434,115190,118872
11435,115202,118874
11436,115213,118882
11437,115223,118887
11438,115231,118888
11439,115242,118893
11440,115254,118894
11441,115262,118897
11442,115273,118899
11443,115282,118901
11444,115293,118903
11445,115303,118904
11446,115313,118906
11447,115324,118907
11448,115334,118909
11449,115343,118911
11450,115355,118914
11451,115362,118918
11452,115373,118924
11453,115382,118926
11454,115394,118931
11455,115403,118937
11456,115414,118943
11457,115425,118952
11458,115437,118955
11459,115443,118964
11460,115456,118965
11461,115466,118968
11462,115474,118970
11463,115483,118971
11464,115493,118973
11465,115503,118974
11466,115513,118977
11467,115524,118979
11468,115534,118985
11469,115544,118987
11470,115555,118990
11471,115565,118998
11472,115575,119000
11473,115585,119001
11474,115594,119004
11475,115605,119009
11476,115615,119018
11477,115625,119020
11478,115635,119026
11479,115646,119028
11480,115657,119029
11481,115667,119031
11482,115675,119034
11483,115686,119036
11484,115695,119038
11485,115706,119039
11486,115718,119043
11487,115725,119048
11488,115736,119054
11489,115747,119057
11490,115757,119061
11491,115766,119062
11492,115777,119064
11493,115787,119067
11494,115796,119068
11495,115806,119070
11496,115816,119072
11497,115825,119079
11498,115837,119095
11499,115846,119098
11500,115856,119099
11501,115866,119101
11502,115878,119105
11503,115889,119107
11504,115897,119110
11505,115907,119111
11506,115919,119121
11507,115927,119123
11508,115939,119132
11509,115947,119137
11510,115957,119140
11511,115968,119145
11512,115978,119151
11513,115987,119152
11514,115997,119156
11515,116007,119160
11516,116017,119162
11517,116029,119167
11518,116040,119169
11519,116049,119178
11520,116058,119184
11521,116069,119189
11522,116079,119191
11523,116089,119195
11524,116099,119196
11525,116109,119202
11526,116118,119204
11527,116129,119205
11528,116139,119207
11529,116151,119210
11530,116158,119215
11531,116167,119220
11532,116180,119226
11533,116190,119228
11534,116200,119231
11535,116209,119247
11536,116220,119250
11537,116231,119252
11538,116239,119254
11539,116249,119261
11540,116260,119267
11541,116270,119269
11542,116281,119271
11543,116292,119279
11544,116299,119280
11545,116310,119283
11546,116319,119292
11547,116332,119294
11548,116340,119299
11549,116351,119300
11550,116361,119301
11551,116371,119303
11552,116382,119323
11553,116391,119328
11554,116402,119333
11555,116411,119339
11556,116422,119340
11557,116431,119342
11558,116438,119344
11559,116451,119346
11560,116460,119349
11561,116472,119350
11562,116481,119352
11563,116492,119359
11564,116501,119365
11565,116514,119373
11566,116521,119386
11567,116533,119388
11568,116542,119389
11569,116552,119394
11570,116561,119402
11571,116572,119411
11572,116582,119424
11573,116593,119426
11574,116603,119432
11575,116612,119434
11576,116623,119439
11577,116632,119441
11578,116641,119443
11579,116653,119445
11580,116661,119449
11581,116672,119450
11582,116684,119457
11583,116693,119458
11584,116703,119461
11585,116713,119464
11586,116723,119483
11587,116733,119490
11588,116743,119494
11589,116753,119495
11590,116765,119504
11591,116772,119506
11592,116783,119509
11593,116794,119512
11594,116803,119513
11595,116814,119519
11596,116826,119524
11597,116834,119525
11598,116843,119528
11599,116852,119530
11600,116863,119537
11601,116874,119539
11602,116884,119548
11603,116894,119553
11604,116904,119565
11605,116914,119568
11606,116924,119573
11607,116935,119575
11608,116949,119582
11609,116955,119583
11610,116965,119587
11611,116975,119598
11612,116986,119600
11613,116996,119602
11614,117006,119605
11615,117015,119606
11616,117026,119608
11617,117035,119610
11618,117046,119612
11619,117055,119622
11620,117067,119623
11621,117077,119625
11622,117086,119630
11623,117097,119639
11624,117105,119653
11625,117115,119655
11626,117126,119659
11627,117136,119663
11628,117146,119667
11629,117157,119677
11630,117166,119679
11631,117175,119683
11632,117188,119684
11633,117197,119687
11634,117207,119689
11635,117215,119691
11636,117227,119693
11637,117237,119699
11638,117249,119700
11639,117258,119711
11640,117267,119716
11641,117277,119717
11642,117287,119726
11643,117297,119727
11644,117307,119730
11645,117317,119733
11646,117329,119734
11647,117336,119737
11648,117349,119739
11649,117356,119740
11650,117368,119744
11651,117380,119749
11652,117389,119762
11653,117398,119763
11654,117408,119765
11655,117418,119766
11656,117429,119769
11657,117439,119771
11658,117449,119773
11659,117457,119775
11660,117469,119778
11661,117479,119780
11662,117489,119790
11663,117500,119803
11664,117509,119809
11665,117519,119818
11666,117528,119821
11667,117540,119823
11668,117549,119824
11669,117561,119826
11670,117570,119827
11671,117579,119829
11672,117590,119831
11673,117599,119832
11674,117608,119840
11675,117620,119843
11676,117631,119848
11677,117642,119857
11678,117649,119859
11679,117659,119871
11680,117670,119873
11681,117680,119878
11682,117689,119890
11683,117699,119900
11684,117712,119904
11685,117721,119906
11686,117732,119908
11687,117740,119916
11688,117751,119918
11689,117762,119925
11690,117771,119926
11691,117782,119932
11692,117792,119936
11693,117801,119938
11694,117813,119949
11695,117820,119951
11696,117833,119952
11697,117841,119954
11698,117852,119966
11699,117861,119968
11700,117871,119970
11701,117882,119973
11702,117890,119974
11703,117902,119981
11704,117911,119994
11705,117921,120001
11706,117932,120008
11707,117941,120009
11708,117953,120011
11709,117963,120018
11710,117972,120024
11711,117983,120029
11712,117993,120037
11713,118003,120042
11714,118014,120046
11715,118024,120048
11716,118032,120053
11717,118043,120061
11718,118055,120062
11719,118063,120065
11720,118074,120069
11721,118084,120077
11722,118094,120085
11723,118105,120091
11724,118115,120093
11725,118123,120095
11726,118134,120097
11727,118146,120099
11728,118154,120101
11729,118165,120103
11730,118174,120104
11731,118185,120109
11732,118194,120110
11733,118204,120112
11734,118214,120114
11735,118225,120118
11736,118234,120123
11737,118243,120124
11738,118254,120129
11739,118265,120131
11740,118274,120137
11741,118285,120138
11742,118295,120143
11743,118304,120149
11744,118314,120151
11745,118326,120157
11746,118335,120164
11747,118345,120165
11748,118354,120176
11749,118367,120177
11750,118374,120179
11751,118385,120180
11752,118395,120183
11753,118407,120188
11754,118414,120196
11755,118427,120199
11756,118438,120206
11757,118445,120207
11758,118457,120213
11759,118465,120214
11760,118477,120216
11761,118486,120230
11762,118497,120237
11763,118507,120239
11764,118517,120244
11765,118526,120249
11766,118535,120262
11767,118548,120265
11768,118559,120266
11769,118567,120268
11770,118577,120275
11771,118587,120280
11772,118598,120286
11773,118607,120288
11774,118619,120289
11775,118628,120291
11776,118638,120294
11777,118647,120301
11778,118658,120306
11779,118667,120307
11780,118679,120312
11781,118687,120313
11782,118697,120317
11783,118708,120327
11784,118716,120328
11785,118729,120333
11786,118739,120335
11787,118748,120336
11788,118759,120340
11789,118770,120342
11790,118777,120351
11791,118790,120356
11792,118798,120358
11793,118807,120363
11794,118820,120368
11795,118827,120379
11796,118836,120381
11797,118848,120382
11798,118860,120384
11799,118869,120386
11800,118880,120387
11801,118888,120389
11802,118899,120391
11803,118908,120393
11804,118917,120400
11805,118927,120402
11806,118939,120410
11807,118948,120416
11808,118960,120417
11809,118968,120419
11810,118979,120423
11811,118989,120427
11812,119000,120435
11813,119008,120437
11814,119019,120438
11815,119030,120442
11816,119040,120445
11817,119050,120447
11818,119059,120449
11819,119071,120456
11820,119078,120459
11821,119090,120464
11822,119101,120471
11823,119111,120476
11824,119119,120482
11825,119132,120488
11826,119140,120490
11827,119149,120492
11828,119162,120497
11829,119172,120503
11830,119184,120505
11831,119191,120506
11832,119202,120520
11833,119212,120525
11834,119220,120529
11835,119230,120531
11836,119241,120532
11837,119251,120542
11838,119259,120543
11839,119270,120548
11840,119282,120549
11841,119291,120551
11842,119301,120556
11843,119311,120562
11844,119321,120571
11845,119330,120573
11846,119339,120577
11847,119351,120579
11848,119363,120581
11849,119371,120588
11850,119380,120589
11851,119391,120594
11852,119400,120607
11853,119413,120609
11854,119423,120610
11855,119433,120613
11856,119442,120616
11857,119453,120623
11858,119464,120625
11859,119475,120630
11860,119484,120631
11861,119494,120635
11862,119503,120636
11863,119514,120639
11864,119524,120644
11865,119534,120652
11866,119544,120656
11867,119555,120662
11868,119564,120670
11869,119575,120671
11870,119584,120675
11871,119592,120677
11872,119604,120681
11873,119615,120683
11874,119624,120685
11875,119634,120686
11876,119646,120688
11877,119654,120690
11878,119663,120699
11879,119676,120701
11880,119684,120706
11881,119694,120707
11882,119706,120709
11883,119714,120710
11884,119725,120712
11885,119735,120713
11886,119743,120718
11887,119754,120720
11888,119765,120727
11889,119776,120730
11890,119784,120739
11891,119795,120741
11892,119805,120743
11893,119815,120754
11894,119825,120755
11895,119836,120757
11896,119845,120761
11897,119856,120763
11898,119866,120766
11899,119874,120773
11900,119886,120775
11901,119895,120780
11902,119907,120783
11903,119916,120784
11904,119926,120787
11905,119937,120792
11906,119945,120796
11907,119956,120805
11908,119967,120807
11909,119976,120812
11910,119986,120813
11911,119997,120816
11912,120006,120819
11913,120018,120821
11914,120024,120823
11915,120037,120828
11916,120048,120841
11917,120058,120843
11918,120069,120845
11919,120078,120847
11920,120087,120850
11921,120097,120858
11922,120107,120863
11923,120117,120871
11924,120128,120877
11925,120137,120879
11926,120147,120887
11927,120160,120893
11928,120167,120894
11929,120178,120900
11930,120189,120901
11931,120197,120908
11932,120210,120913
11933,120216,120915
11934,120228,120924
11935,120239,120925
11936,120249,120928
11937,120260,120930
11938,120268,120931
11939,120277,120934
11940,120288,120941
11941,120298,120943
11942,120308,120947
11943,120318,120949
11944,120329,120951
11945,120339,120953
11946,120350,120955
11947,120359,120960
11948,120369,120967
11949,120380,120976
11950,120387,120977
11951,120397,120981
11952,120410,120983
11953,120420,120990
11954,120431,120994
11955,120439,120997
11956,120450,120999
11957,120461,121002
11958,120469,121004
11959,120480,121009
11960,120490,121011
11961,120501,121015
11962,120511,121024
11963,120521,121025
11964,120531,121028
11965,120540,121030
11966,120549,121032
11967,120561,121040
11968,120573,121042
11969,120583,121044
11970,120591,121053
11971,120602,121062
11972,120611,121068
11973,120621,121070
11974,120632,121075
11975,120643,121077
11976,120652,121082
11977,120661,121086
11978,120672,121094
11979,120680,121102
11980,120694,121103
11981,120702,121108
11982,120711,121116
11983,120722,121121
11984,120732,121127
11985,120741,121131
11986,120752,121143
11987,120762,121145
11988,120773,121147
11989,120781,121154
11990,120794,121155
11991,120803,121159
11992,120812,121165
11993,120821,121176
11994,120834,121180
11995,120842,121187
11996,120852,121191
11997,120862,121193
11998,120873,121197
11999,120883,121199
12000,120893,121202
12001,120902,121203
12002,120912,121205
12003,120921,121207
12004,120934,121217
12005,120945,121219
12006,120953,121225
12007,120963,121233
12008,120974,121237
12009,120982,121238
12010,120995,121240
12011,121003,121241
12012,121014,121247
12013,121024,121251
12014,121034,121256
12015,121045,121257
12016,121054,121259
12017,121063,121261
12018,121076,121273
12019,121083,121277
12020,121094,121281
12021,121105,121283
12022,121116,121289
12023,121126,121292
12024,121134,121296
12025,121145,121302
12026,121156,121304
12027,121167,121305
12028,121176,121308
12029,121186,121311
12030,121197,121315
12031,121206,121319
12032,121216,121322
12033,121227,121325
12034,121233,121327
12035,121245,121328
12036,121254,121330
12037,121266,121333
12038,121274,121334
12039,121286,121337
12040,121297,121338
12041,121304,121342
12042,121317,121343
12043,121326,121345
12044,121334,121350
12045,121347,121351
12046,121354,121356
12047,121365,121362
12048,121375,121365
12049,121385,121369
12050,121397,121374
12051,121406,121376
12052,121417,121377
12053,121428,121388
12054,121437,121392
12055,121448,121400
12056,121458,121409
12057,121469,121424
12058,121478,121428
12059,121488,121434
12060,121497,121446
12061,121508,121457
12062,121518,121471
12063,121527,121475
12064,121538,121488
12065,121548,121497
12066,121559,121511
12067,121568,121521
12068,121579,121526
12069,121588,121535
12070,121599,121550
12071,121608,121556
12072,121617,121565
12073,121628,121576
12074,121638,121585
12075,121650,121597
12076,121659,121611
12077,121669,121618
12078,121680,121628
12079,121689,121637
12080,121698,121648
12081,121709,121657
12082,121719,121666
12083,121731,121681
12084,121738,121691
12085,121749,121698
12086,121760,121710
12087,121769,121726
12088,121779,121728
12089,121788,121735
12090,121800,121750
12091,121812,121765
12092,121820,121768
12093,121829,121777
12094,121839,121793
12095,121850,121801
12096,121859,121806
12097,121870,121819
12098,121881,121829
12099,121890,121840
12100,121902,121853
12101,121911,121862
12102,121921,121870
12103,121932,121881
12104,121941,121894
12105,121949,121898
12106,121961,121911
12107,121972,121923
12108,121979,121930
12109,121991,121941
12110,122001,121959
12111,122013,121967
12112,122019,121968
12113,122030,121978
12114,122040,121988
12115,122052,122000
12116,122062,122014
12117,122071,122018
12118,122081,122032
12119,122089,122037
12120,122103,122051
12121,122112,122061
12122,122121,122074
12123,122131,122082
12124,122142,122105
12125,122152,122107
12126,122161,122110
12127,122173,122122
12128,122183,122132
12129,122192,122142
12130,122202,122150
12131,122213,122161
12132,122221,122171
12133,122232,122182
12134,122242,122197
12135,122254,122204
12136,122263,122209
12137,122274,122222
12138,122286,122235
12139,122294,122242
12140,122303,122248
12141,122315,122262
12142,122322,122268
12143,122334,122291
12144,122345,122297
12145,122352,122305
12146,122364,122318
12147,122375,122324
12148,122385,122334
12149,122395,122346
12150,122403,122353
12151,122414,122363
12152,122422,122376
12153,122434,122381
12154,122443,122396
12155,122454,122403
12156,122466,122414
12157,122474,122425
12158,122485,122434
12159,122495,122445
12160,122506,122462
12161,122515,122464
12162,122523,122477
12163,122535,122484
12164,122546,122497
12165,122557,122504
12166,122566,122516
12167,122576,122527
12168,122586,122540
12169,122595,122544
12170,122605,122559
12171,122616,122569
12172,122626,122579
12173,122637,122585
12174,122645,122594
12175,122656,122609
12176,122665,122627
12177,122675,122632
12178,122685,122636
12179,122695,122651
12180,122706,122665
12181,122717,122671
12182,122725,122678
12183,122738,122687
12184,122746,122697
12185,122757,122705
12186,122768,122716
12187,122776,122730
12188,122786,122740
12189,122799,122749
12190,122807,122753
12191,122817,122764
12192,122827,122775
12193,122838,122785
12194,122848,122798
12195,122857,122808
12196,122866,122818
12197,122878,122829
12198,122887,122835
12199,122899,122852
12200,122908,122861
12201,122919,122874
12202,122929,122882
12203,122938,122891
12204,122949,122898
12205,122959,122905
12206,122969,122919
12207,122978,122935
12208,122989,122942
12209,122998,122946
12210,123009,122957
12211,123021,122971
12212,123028,122979
12213,123038,122988
12214,123048,122997
12215,123059,123009
12216,123071,123020
12217,123081,123029
12218,123089,123036
12219,123100,123049
12220,123111,123064
12221,123119,123072
12222,123129,123077
12223,123139,123088
12224,123152,123100
12225,123159,123107
12226,123170,123122
12227,123180,123132
12228,123190,123137
12229,123202,123154
12230,123210,123162
12231,123220,123173
12232,123230,123180
12233,123240,123193
12234,123250,123199
12235,123260,123214
12236,123271,123225
12237,123281,123228
12238,123293,123242
12239,123303,123250
12240,123313,123261
12241,123320,123274
12242,123331,123279
12243,123341,123296
12244,123350,123304
12245,123362,123312
12246,123370,123319
12247,123383,123330
12248,123392,123340
12249,123401,123350
12250,123409,123356
12251,123422,123370
12252,123432,123390
12253,123443,123393
12254,123452,123404
12255,123460,123418
12256,123474,123424
12257,123482,123432
12258,123492,123447
12259,123503,123454
12260,123512,123462
12261,123523,123470
12262,123532,123482
12263,123542,123493
12264,123552,123506
12265,123563,123515
12266,123572,123523
12267,123583,123542
12268,123594,123549
12269,123604,123565
12270,123615,123571
12271,123624,123578
12272,123633,123593
12273,123645,123603
12274,123654,123622
12275,123663,123624
12276,123674,123633
12277,123684,123641
12278,123696,123647
12279,123703,123652
12280,123714,123666
12281,123725,123672
12282,123735,123691
12283,123744,123702
12284,123753,123709
12285,123764,123720
12286,123774,123721
12287,123785,123734
12288,123796,123743
12289,123806,123755
12290,123815,123762
12291,123824,123782
12292,123834,123787
12293,123846,123798
12294,123855,123803
12295,123866,123813
12296,123875,123827
12297,123884,123839
12298,123895,123843
12299,123906,123855
12300,123914,123862
12301,123927,123876
12302,123935,123883
12303,123945,123899
12304,123957,123909
12305,123966,123915
12306,123976,123925
12307,123986,123936
12308,123997,123945
12309,124006,123957
12310,124019,123978
12311,124027,123980
12312,124034,123984
12313,124046,123997
12314,124056,124007
12315,124066,124018
12316,124074,124028
12317,124087,124034
12318,124099,124047
12319,124108,124067
12320,124115,124069
12321,124128,124080
12322,124137,124092
12323,124148,124096
12324,124155,124103
12325,124168,124115
12326,124177,124131
12327,124189,124144
12328,124198,124146
12329,124210,124160
12330,124218,124165
12331,124229,124176
12332,124237,124185
12333,124248,124205
12334,124257,124213
12335,124268,124217
12336,124279,124230
12337,124288,124235
12338,124300,124250
12339,124309,124260
12340,124318,124274
12341,124329,124281
12342,124338,124290
12343,124347,124295
12344,124357,124310
12345,124369,124317
12346,124377,124335
12347,124389,124341
12348,124399,124346
12349,124410,124359
12350,124418,124368
12351,124427,124375
12352,124440,124387
12353,124450,124398
12354,124459,124412
12355,124469,124427
12356,124479,124433
12357,124488,124440
12358,124497,124447
12359,124510,124466
12360,124520,124471
12361,124529,124478
12362,124538,124485
12363,124550,124500
12364,124562,124510
12365,124570,124520
12366,124581,124530
12367,124589,124545
12368,124600,124562
12369,124611,124567
12370,124619,124579
12371,124632,124585
12372,124640,124590
12373,124650,124601
12374,124661,124610
12375,124671,124623
12376,124683,124633
12377,124693,124646
12378,124700,124656
12379,124711,124664
12380,124721,124672
12381,124730,124685
12382,124741,124693
12383,124751,124703
12384,124762,124713
12385,124771,124723
12386,124781,124734
12387,124792,124749
12388,124802,124757
12389,124811,124770
12390,124823,124783
12391,124834,124785
12392,124842,124802
12393,124853,124811
12394,124863,124814
12395,124872,124830
12396,124883,124835
12397,124891,124841
12398,124903,124851
12399,124914,124861
12400,124923,124877
12401,124936,124887
12402,124942,124896
12403,124954,124912
12404,124963,124915
12405,124974,124924
12406,124982,124935
12407,124993,124951
12408,125005,124964
12409,125014,124972
12410,125025,128968
12411,125036,128969
12412,125043,128974
12413,125058,128979
12414,125064,128980
12415,125076,128982
12416,125089,128987
12417,125098,128994
12418,125103,128997
12419,125114,129004
12420,125127,129011
12421,125135,129013
12422,125149,129018
12423,125156,129020
12424,125166,129025
12425,125176,129028
12426,125186,129035
12427,125195,129038
12428,125207,129051
12429,125217,129053
12430,125228,129057
12431,125236,129059
12432,125246,129065
12433,125257,129070
12434,125265,129071
12435,125277,129074
12436,125286,129076
12437,125297,129086
12438,125308,129098
12439,125319,129101
12440,125327,129104
12441,125336,129107
12442,125347,129108
12443,125358,129117
12444,125368,129119
12445,125376,129124
12446,125388,129129
12447,125399,129131
12448,125407,129136
12449,125419,129147
12450,125428,129148
12451,125439,129154
12452,125448,129164
12453,125459,129166
12454,125467,129170
12455,125478,129173
12456,125489,129174
12457,125499,129180
12458,125509,129182
12459,125519,129191
12460,125528,129193
12461,125539,129200
12462,125549,129203
12463,125560,129214
12464,125568,129222
12465,125578,129225
12466,125588,129231
12467,125599,129232
12468,125609,129235
12469,125616,129239
12470,125630,129241
12471,125638,129246
12472,125650,129255
12473,125660,129262
12474,125670,129266
12475,125681,129273
12476,125688,129274
12477,125699,129276
12478,125711,129278
12479,125721,129285
12480,125731,129287
12481,125739,129292
12482,125750,129294
12483,125763,129297
12484,125769,129299
12485,125780,129305
12486,125790,129306
12487,125801,129308
12488,125811,129309
12489,125819,129310
12490,125830,129328
12491,125841,129334
12492,125851,129336
12493,125861,129338
12494,125871,129342
12495,125881,129344
12496,125893,129346
12497,125902,129354
12498,125911,129357
12499,125921,129364
12500,125931,129366
12501,125942,129371
12502,125949,129373
12503,125962,129375
12504,125972,129388
12505,125982,129392
12506,125991,129417
12507,126002,129431
12508,126011,129434
12509,126023,129441
12510,126032,129444
12511,126042,129446
12512,126053,129450
12513,126062,129456
12514,126072,129457
12515,126083,129463
12516,126092,129468
12517,126102,129484
12518,126113,129486
12519,126122,129489
12520,126132,129492
12521,126144,129497
12522,126153,129504
12523,126165,129506
12524,126173,129515
12525,126184,129517
12526,126195,129521
12527,126202,129527
12528,126213,129535
12529,126222,129543
12530,126232,129547
12531,126244,129548
12532,126253,129550
12533,126265,129557
12534,126274,129559
12535,126282,129561
12536,126295,129563
12537,126304,129565
12538,126314,129576
12539,126323,129579
12540,126335,129582
12541,126344,129585
12542,126355,129587
12543,126365,129590
12544,126375,129598
12545,126386,129599
12546,126395,129604
12547,126406,129606
12548,126415,129614
12549,126425,129616
12550,126438,129625
12551,126445,129627
12552,126456,129628
12553,126465,129630
12554,126476,129636
12555,126485,129648
12556,126495,129650
12557,126506,129661
12558,126516,129670
12559,126525,129672
12560,126537,129677
12561,126547,129682
12562,126555,129697
12563,126567,129698
12564,126578,129702
12565,126584,129708
12566,126595,129714
12567,126609,129719
12568,126615,129729
12569,126626,129731
12570,126638,129735
12571,126645,129741
12572,126657,129744
12573,126667,129747
12574,126677,129758
12575,126686,129760
12576,126698,129761
12577,126708,129763
12578,126719,129764
12579,126727,129767
12580,126737,129769
12581,126747,129772
12582,126759,129775
12583,126769,129777
12584,126778,129778
12585,126788,129780
12586,126796,129787
12587,126810,129793
12588,126818,129794
12589,126827,129796
12590,126838,129798
12591,126848,129801
12592,126860,129804
12593,126867,129808
12594,126880,129810
12595,126888,129814
12596,126900,129815
12597,126910,129822
12598,126920,129840
12599,126929,129842
12600,126941,129847
12601,126949,129857
12602,126959,129860
12603,126969,129861
12604,126980,129863
12605,126990,129869
12606,127001,129874
12607,127009,129879
12608,127020,129884
12609,127029,129886
12610,127039,129888
12611,127049,129890
12612,127060,129891
12613,127069,129893
12614,127080,129894
12615,127091,129895
12616,127098,129898
12617,127110,129902
12618,127119,129904
12619,127130,129907
12620,127141,129912
12621,127150,129913
12622,127161,129919
12623,127170,129920
12624,127181,129926
12625,127191,129928
12626,127202,129929
12627,127211,129931
12628,127220,129933
12629,127230,129937
12630,127241,129945
12631,127252,129950
12632,127260,129952
12633,127272,129955
12634,127283,129960
12635,127292,129962
12636,127302,129964
12637,127312,129968
12638,127322,129969
12639,127332,129972
12640,127342,129981
12641,127352,129982
12642,127360,129985
12643,127373,129990
12644,127384,129991
12645,127392,129993
12646,127401,129995
12647,127413,129996
12648,127424,129997
12649,127433,130002
12650,127443,130005
12651,127453,130006
12652,127463,130010
12653,127471,130015
12654,127484,130017
12655,127494,130018
12656,127504,130023
12657,127513,130026
12658,127527,130031
12659,127535,130032
12660,127542,130036
12661,127554,130038
12662,127563,130045
12663,127573,130055
12664,127585,130056
12665,127594,130059
12666,127604,130060
12667,127616,130062
12668,127623,130064
12669,127634,130065
12670,127645,130068
12671,127653,130074
12672,127671,130077
12673,127676,130079
12674,127684,130081
12675,127694,130083
12676,127705,130085
12677,127715,130086
12678,127726,130088
12679,127737,130090
12680,127745,130093
12681,127754,130095
12682,127766,130100
12683,127775,130101
12684,127785,130112
12685,127796,130114
12686,127806,130118
12687,127816,130122
12688,127826,130123
12689,127835,130126
12690,127845,130132
12691,127856,130134
12692,127865,130142
12693,127876,130143
12694,127886,130151
12695,127897,130153
12696,127908,130155
12697,127915,130163
12698,127926,130168
12699,127936,130169
12700,127947,130171
12701,127957,130175
12702,127967,130182
12703,127977,130184
12704,127987,130186
12705,127997,130188
12706,128007,130191
12707,128017,130200
12708,128026,130203
12709,128037,130207
12710,128046,130213
12711,128057,130218
12712,128069,130220
12713,128077,130221
12714,128088,130223
12715,128097,130224
12716,128107,130233
12717,128117,130241
12718,128127,130242
12719,128138,130244
12720,128149,130250
12721,128158,130252
12722,128167,130255
12723,128178,130264
12724,128189,130270
12725,128198,130272
12726,128209,130274
12727,128218,130291
12728,128228,130293
12729,128240,130296
12730,128248,130298
12731,128259,130300
12732,128269,130308
12733,128278,130309
12734,128289,130315
12735,128298,130318
12736,128309,130319
12737,128319,130327
12738,128329,130329
12739,128339,130337
12740,128350,130349
12741,128360,130354
12742,128370,130355
12743,128379,130356
12744,128391,130361
12745,128398,130364
12746,128408,130366
12747,128421,130371
12748,128429,130373
12749,128441,130376
12750,128450,130381
12751,128459,130385
12752,128470,130386
12753,128481,130395
12754,128490,130397
12755,128500,130399
12756,128511,130407
12757,128520,130409
12758,128531,130415
12759,128540,130417
12760,128552,130422
12761,128564,130432
12762,128571,130438
12763,128583,130439
12764,128592,130441
12765,128602,130443
12766,128614,130445
12767,128621,130454
12768,128631,130455
12769,128641,130461
12770,128653,130466
12771,128660,130468
12772,128670,130470
12773,128683,130474
12774,128694,130475
12775,128701,130485
12776,128712,130488
12777,128722,130492
12778,128731,130493
12779,128742,130497
12780,128751,130498
12781,128762,130505
12782,128772,130507
12783,128783,130512
12784,128794,130516
12785,128802,130518
12786,128814,130524
12787,128824,130533
12788,128834,130535
12789,128844,130539
12790,128855,130540
12791,128863,130542
12792,128873,130544
12793,128885,130547
12794,128895,130548
12795,128903,130553
12796,128915,130561
12797,128922,130567
12798,128934,130568
12799,128943,130575
12800,128953,130583
12801,128963,130587
12802,128974,130589
12803,128982,130592
12804,128994,130599
12805,129003,130601
12806,129013,130607
12807,129024,130613
12808,129033,130615
12809,129044,130618
12810,129054,130620
12811,129062,130625
12812,129072,130632
12813,129083,130638
12814,129094,130641
12815,129106,130644
12816,129112,130649
12817,129124,130651
12818,129135,130656
12819,129143,130659
12820,129154,130661
12821,129163,130667
12822,129175,130669
12823,129183,130672
12824,129193,130674
12825,129203,130684
12826,129214,130686
12827,129224,130688
12828,129234,130690
12829,129245,130691
12830,129255,130693
12831,129265,130695
12832,129275,130697
12833,129286,130700
12834,129295,130701
12835,129306,130704
12836,129314,130706
12837,129326,130708
12838,129334,130710
12839,129347,130712
12840,129356,130717
12841,129367,130723
12842,129376,130724
12843,129386,130727
12844,129395,130729
12845,129408,130730
12846,129416,130732
12847,129428,130734
12848,129438,130737
12849,129447,130740
12850,129456,130748
12851,129467,130753
12852,129476,130755
12853,129486,130758
12854,129498,130764
12855,129507,130765
12856,129516,130773
12857,129527,130774
12858,129537,130778
12859,129544,130788
12860,129556,130797
12861,129567,130799
12862,129575,130803
12863,129587,130804
12864,129595,130810
12865,129606,130811
12866,129618,130813
12867,129627,130818
12868,129638,130820
12869,129648,130825
12870,129657,130827
12871,129667,130828
12872,129678,130837
12873,129688,130839
12874,129698,130844
12875,129711,130846
12876,129719,130850
12877,129728,130852
12878,129738,130856
12879,129749,130858
12880,129758,130865
12881,129769,130867
12882,129780,130872
12883,129788,130874
12884,129800,130880
12885,129808,130885
12886,129819,130898
12887,129830,130899
12888,129837,130908
12889,129850,130910
12890,129861,130912
12891,129869,130914
12892,129881,130916
12893,129890,130917
12894,129899,130921
12895,129911,130928
12896,129920,130929
12897,129931,130933
12898,129941,130939
12899,129951,130940
12900,129961,130942
12901,129969,130945
12902,129982,130947
12903,129992,130952
12904,130000,130957
12905,130011,130961
12906,130023,130963
12907,130029,130965
12908,130041,130970
12909,130051,130975
12910,130061,130977
12911,130073,130982
12912,130082,130984
12913,130091,130989
12914,130101,130993
12915,130113,130995
12916,130122,130997
12917,130131,130999
12918,130142,131002
12919,130152,131004
12920,130161,131005
12921,130173,131007
12922,130181,131010
12923,130192,131012
12924,130200,131014
12925,130212,131017
12926,130222,131019
12927,130232,131023
12928,130244,131026
12929,130253,131028
12930,130263,131030
12931,130273,131032
12932,130282,131034
12933,130292,131038
12934,130302,131043
12935,130312,131048
12936,130324,131055
12937,130332,131057
12938,130343,131059
12939,130351,131070
12940,130363,131072
12941,130374,131073
12942,130382,131076
12943,130392,131079
12944,130404,131084
12945,130412,131086
12946,130424,131089
12947,130435,131090
12948,130444,131103
12949,130453,131105
12950,130464,131107
12951,130473,131112
12952,130484,131114
12953,130494,131115
12954,130504,131119
12955,130514,131122
12956,130526,131124
12957,130534,131125
12958,130544,131130
12959,130555,131133
12960,130565,131144
12961,130574,131148
12962,130586,131150
12963,130593,131155
12964,130605,131159
12965,130616,131161
12966,130625,131174
12967,130635,131180
12968,130644,131183
12969,130655,131185
12970,130664,131186
12971,130672,131188
12972,130685,131198
12973,130696,131200
12974,130707,131201
12975,130715,131203
12976,130724,131206
12977,130737,131211
12978,130746,131218
12979,130756,131224
12980,130766,131225
12981,130776,131229
12982,130787,131231
12983,130798,131237
12984,130807,131242
12985,130817,131245
12986,130826,131253
12987,130836,131254
12988,130846,131256
12989,130857,131259
12990,130867,131261
12991,130878,131267
12992,130889,131271
12993,130897,131273
12994,130907,131275
12995,130918,131279
12996,130925,131281
12997,130938,131283
12998,130949,131287
12999,130957,131292
13000,130969,131302
13001,130979,131307
13002,130986,131309
13003,130997,131314
13004,131008,131316
13005,131017,131318
13006,131027,131324
13007,131039,131326
13008,131050,131329
13009,131060,131331
13010,131069,131332
13011,131079,131334
13012,131088,131339
13013,131098,131341
13014,131107,131343
13015,131117,131350
13016,131131,131352
13017,131139,131354
13018,131149,131360
13019,131157,131362
13020,131168,131365
13021,131182,131372
13022,131189,131373
13023,131200,131379
13024,131211,131385
13025,131218,131391
13026,131230,131392
13027,131239,131395
13028,131250,131400
13029,131260,131402
13030,131274,131406
13031,131279,131408
13032,131290,131410
13033,131300,131412
13034,131311,131416
13035,131322,131420
13036,131330,131422
13037,131339,131431
13038,131350,131436
13039,131360,131437
13040,131371,131442
13041,131382,131444
13042,131390,131446
13043,131399,131448
13044,131412,131453
13045,131421,131455
13046,131430,131456
13047,131442,131460
13048,131452,131475
13049,131461,131480
13050,131471,131486
13051,131482,131491
13052,131489,131496
13053,131500,131498
13054,131513,131501
13055,131523,131507
13056,131532,131509
13057,131542,131514
13058,131551,131519
13059,131560,131523
13060,131573,131525
13061,131583,131533
13062,131593,131542
13063,131603,131552
13064,131613,131563
13065,131622,131572
13066,131633,131582
13067,131645,131593
13068,131654,131603
13069,131662,131611
13070,131673,131622
13071,131684,131638
13072,131693,131647
13073,131704,131654
13074,131714,131675
13075,131724,131679
13076,131734,131683
13077,131745,131697
13078,131754,131709
13079,131764,131715
13080,131772,131725
13081,131784,131731
13082,131797,131744
13083,131804,131755
13084,131815,131773
13085,131826,131777
13086,131835,131782
13087,131846,131793
13088,131854,131807
13089,131864,131816
13090,131875,131834
13091,131886,131836
13092,131893,131847
13093,131905,131852
13094,131915,131868
13095,131925,131874
13096,131936,131887
13097,131944,131903
13098,131956,131908
13099,131964,131915
13100,131976,131924
13101,131986,131938
13102,131996,131946
13103,132005,131957
13104,132015,131971
13105,132027,131977
13106,132034,131984
13107,132045,131994
13108,132056,132004
13109,132066,132018
13110,132077,132026
13111,132088,132042
13112,132098,132052
13113,132106,132054
13114,132116,132064
13115,132125,132077
13116,132136,132087
13117,132148,132102
13118,132156,132110
13119,132167,132121
13120,132177,132126
13121,132187,132136
13122,132196,132148
13123,132206,132160
13124,132218,132173
13125,132227,132178
13126,132238,132185
13127,132246,132194
13128,132258,132205
13129,132266,132213
13130,132279,132233
13131,132286,132241
13132,132297,132247
13133,132310,132269
13134,132319,132274
13135,132326,132281
13136,132338,132287
13137,132347,132295
13138,132359,132310
13139,132368,132321
13140,132379,132337
13141,132390,132343
13142,132398,132349
13143,132408,132358
13144,132420,132371
13145,132429,132379
13146,132439,132386
13147,132450,132409
13148,132461,132413
13149,132469,132425
13150,132479,132430
13151,132489,132435
13152,132501,132452
13153,132509,132459
13154,132519,132469
13155,132529,132483
13156,132540,132494
13157,132551,132507
13158,132560,132511
13159,132570,132517
13160,132579,132535
13161,132590,132541
13162,132601,132548
13163,132611,132562
13164,132619,132573
13165,132631,132582
13166,132640,132589
13167,132651,132602
13168,132658,132613
13169,132669,132618
13170,132681,132632
13171,132690,132647
13172,132701,132651
13173,132711,132667
13174,132723,132673
13175,132731,132681
13176,132741,132695
13177,132753,132707
13178,132760,132709
13179,132770,132718
13180,132780,132728
13181,132790,132742
13182,132800,132751
13183,132811,132761
13184,132822,132772
13185,132831,132780
13186,132841,132793
13187,132851,132806
13188,132861,132808
13189,132872,132829
13190,132883,132835
13191,132891,132842
13192,132902,132857
13193,132913,132862
13194,132925,132876
13195,132933,132883
13196,132944,132893
13197,132953,132909
13198,132964,132913
13199,132972,132925
13200,132982,132932
13201,132993,132948
13202,133001,132954
13203,133014,132965
13204,133023,132975
13205,133032,132984
13206,133044,133001
13207,133053,133014
13208,133064,133016
13209,133074,133022
13210,133082,133031
13211,133093,133044
13212,133104,133053
13213,133113,133062
13214,133122,133073
13215,133133,133082
13216,133144,133097
13217,133155,133102
13218,133164,133114
13219,133172,133128
13220,133186,133132
13221,133195,133151
13222,133204,133160
13223,133215,133162
13224,133226,133177
13225,133234,133181
13226,133246,133193
13227,133254,133202
13228,133266,133217
13229,133274,133233
13230,133285,133237
13231,133296,133251
13232,133305,133256
13233,133315,133267
13234,133326,133277
13235,133337,133286
13236,133346,133298
13237,133355,133303
13238,133366,133314
13239,133377,133328
13240,133387,133342
13241,133396,133344
13242,133405,133355
13243,133415,133367
13244,133428,133374
13245,133436,133383
13246,133447,133397
13247,133456,133409
13248,133467,133419
13249,133477,133428
13250,133488,133437
13251,133496,133457
13252,133508,133470
13253,133516,133474
13254,133526,133489
13255,133540,133495
13256,133547,133509
13257,133558,133517
13258,133568,133519
13259,133577,133538
13260,133589,133542
13261,133598,133548
13262,133609,133560
13263,133618,133567
13264,133627,133574
13265,133639,133588
13266,133649,133600
13267,133658,133611
13268,133670,133618
13269,133679,133627
13270,133690,133640
13271,133698,133649
13272,133707,133664
13273,133718,133667
13274,133729,133675
13275,133738,133686
13276,133749,133697
13277,133760,133716
13278,133770,133722
13279,133776,133730
13280,133787,133740
13281,133799,133746
13282,133808,133766
13283,133820,133768
13284,133829,133778
13285,133839,133790
13286,133850,133804
13287,133859,133807
13288,133871,133819
13289,133881,133832
13290,133892,133840
13291,133900,133851
13292,133910,133865
13293,133921,133870
13294,133928,133882
13295,133940,133891
13296,133950,133902
13297,133960,133917
13298,133970,133923
13299,133981,133936
13300,133987,133941
13301,133999,133948
13302,134009,133958
13303,134020,133977
13304,134031,133983
13305,134042,133989
13306,134051,134003
13307,134062,134008
13308,134070,134023
13309,134082,134034
13310,134093,134051
13311,134100,134057
13312,134113,134065
13313,134121,134076
13314,134131,134090
13315,134140,134092
13316,134151,134098
13317,134163,134110
13318,134171,134120
13319,134181,134128
13320,134194,134146
13321,134203,134154
13322,134212,134160
13323,134223,134177
13324,134232,134182
13325,134243,134196
13326,134250,134202
13327,134263,134218
13328,134274,134248
13329,134283,134250
13330,134298,134255
13331,134305,134267
13332,134313,134270
13333,134323,134278
13334,134334,134288
13335,134345,134297
13336,134354,134316
13337,134366,134325
13338,134374,134338
13339,134385,134341
13340,134393,134347
13341,134404,134355
13342,134414,134366
13343,134423,134376
13344,134433,134385
13345,134445,134399
13346,134455,134408
13347,134465,134415
13348,134474,134428
13349,134486,134444
13350,134494,134446
13351,134503,134455
13352,134514,134464
13353,134526,134474
13354,134534,134491
13355,134545,134496
13356,134554,134510
13357,134565,134515
13358,134576,134525
13359,134585,134535
13360,134598,134551
13361,134603,134562
13362,134616,134565
13363,134624,134571
13364,134635,134584
13365,134645,134592
13366,134656,134604
13367,134665,134618
13368,134677,134625
13369,134686,134632
13370,134695,134642
13371,134706,134654
13372,134714,134661
13373,134725,134674
13374,134737,134688
13375,134745,134698
13376,134756,134707
13377,134766,134716
13378,134776,134726
13379,134786,134740
13380,134797,134748
13381,134808,134753
13382,134815,134767
13383,134825,134791
13384,134837,134796
13385,134847,134801
13386,134858,134807
13387,134868,134822
13388,134875,134824
13389,134885,134833
13390,134898,134846
13391,134907,134854
13392,134919,134873
13393,134927,134882
13394,134936,134890
13395,134950,134897
13396,134958,134908
13397,134969,134924
13398,134980,134926
13399,134988,134942
13400,134998,134953
13401,135008,134959
13402,135019,134972
13403,135028,134976
13404,135035,134984
13405,135047,135003
13406,135059,135010
13407,135069,135020
13408,135078,135035
13409,135089,135049
13410,135101,138910
13411,135109,138912
13412,135119,138915
13413,135128,138921
13414,135142,138926
13415,135147,138928
13416,135161,138932
13417,135170,138934
13418,135180,138937
13419,135189,138940
13420,135201,138947
13421,135210,138950
13422,135220,138952
13423,135230,138953
13424,135240,138957
13425,135251,138959
13426,135261,138960
13427,135270,138965
13428,135281,138972
13429,135292,138979
13430,135301,138986
13431,135312,138988
13432,135322,138993
13433,135333,138998
13434,135340,138999
13435,135351,139004
13436,135362,139007
13437,135373,139010
13438,135381,139012
13439,135391,139014
13440,135401,139016
13441,135412,139017
13442,135421,139022
13443,135431,139025
13444,135441,139027
13445,135451,139032
13446,135462,139034
13447,135472,139037
13448,135483,139039
13449,135493,139041
13450,135503,139045
13451,135512,139048
13452,135523,139050
13453,135533,139051
13454,135542,139053
13455,135552,139057
13456,135562,139062
13457,135573,139067
13458,135584,139074
13459,135594,139076
13460,135603,139081
13461,135611,139083
13462,135622,139090
13463,135633,139096
13464,135642,139103
13465,135652,139106
13466,135663,139110
13467,135673,139112
13468,135684,139128
13469,135693,139133
13470,135703,139135
13471,135717,139139
13472,135723,139140
13473,135733,139149
13474,135744,139156
13475,135755,139157
13476,135764,139160
13477,135775,139162
13478,135785,139163
13479,135794,139166
13480,135805,139169
13481,135816,139171
13482,135825,139173
13483,135835,139174
13484,135845,139176
13485,135855,139178
13486,135865,139179
13487,135875,139180
13488,135885,139181
13489,135895,139183
13490,135906,139186
13491,135916,139187
13492,135927,139189
13493,135936,139191
13494,135945,139194
13495,135957,139203
13496,135967,139205
13497,135975,139206
13498,135987,139208
13499,135994,139211
13500,136007,139213
13501,136015,139214
13502,136026,139216
13503,136037,139219
13504,136048,139232
13505,136055,139233
13506,136069,139234
13507,136077,139238
13508,136088,139246
13509,136099,139248
13510,136110,139251
13511,136117,139253
13512,136126,139255
13513,136137,139257
13514,136145,139262
13515,136158,139263
13516,136168,139269
13517,136178,139270
13518,136186,139280
13519,136197,139284
13520,136207,139293
13521,136219,139299
13522,136227,139303
13523,136237,139315
13524,136248,139317
13525,136259,139323
13526,136268,139325
13527,136277,139327
13528,136287,139330
13529,136298,139332
13530,136309,139337
13531,136317,139342
13532,136327,139344
13533,136340,139349
13534,136349,139352
13535,136358,139362
13536,136368,139367
13537,136379,139369
13538,136389,139371
13539,136397,139373
13540,136409,139377
13541,136419,139380
13542,136427,139383
13543,136440,139385
13544,136449,139389
13545,136459,139394
13546,136470,139396
13547,136479,139399
13548,136490,139403
13549,136501,139421
13550,136511,139432
13551,136520,139438
13552,136530,139445
13553,136540,139447
13554,136552,139451
13555,136559,139456
13556,136570,139458
13557,136581,139464
13558,136591,139472
13559,136601,139476
13560,136610,139478
13561,136621,139480
13562,136633,139482
13563,136640,139483
13564,136651,139488
13565,136663,139499
13566,136671,139501
13567,136681,139510
13568,136692,139512
13569,136702,139515
13570,136712,139525
13571,136722,139531
13572,136734,139533
13573,136742,139535
13574,136751,139540
13575,136761,139553
13576,136771,139559
13577,136780,139564
13578,136793,139566
13579,136803,139567
13580,136814,139569
13581,136822,139573
13582,136831,139574
13583,136841,139579
13584,136852,139584
13585,136864,139594
13586,136872,139596
13587,136885,139597
13588,136894,139599
13589,136902,139601
13590,136913,139605
13591,136924,139612
13592,136933,139614
13593,136944,139618
13594,136954,139623
13595,136964,139628
13596,136973,139632
13597,136983,139648
13598,136993,139650
13599,137005,139658
13600,137013,139664
13601,137025,139671
13602,137034,139680
13603,137047,139685
13604,137052,139687
13605,137064,139691
13606,137073,139695
13607,137083,139697
13608,137093,139700
13609,137103,139701
13610,137112,139703
13611,137125,139705
13612,137134,139711
13613,137146,139712
13614,137155,139714
13615,137164,139720
13616,137176,139724
13617,137187,139732
13618,137196,139734
13619,137205,139736
13620,137215,139744
13621,137226,139748
13622,137238,139752
13623,137246,139754
13624,137256,139761
13625,137265,139767
13626,137276,139769
13627,137286,139771
13628,137295,139773
13629,137306,139776
13630,137317,139780
13631,137327,139782
13632,137336,139790
13633,137346,139793
13634,137357,139799
13635,137367,139807
13636,137378,139812
13637,137386,139831
13638,137396,139838
13639,137407,139843
13640,137417,139848
13641,137427,139852
13642,137437,139854
13643,137447,139857
13644,137458,139858
13645,137468,139860
13646,137480,139863
13647,137486,139869
13648,137498,139872
13649,137508,139877
13650,137517,139878
13651,137529,139882
13652,137539,139885
13653,137545,139887
13654,137559,139897
13655,137567,139901
13656,137577,139903
13657,137589,139911
13658,137600,139915
13659,137609,139929
13660,137618,139934
13661,137629,139939
13662,137637,139942
13663,137648,139951
13664,137658,139953
13665,137671,139957
13666,137680,139962
13667,137689,139964
13668,137699,139987
13669,137709,139991
13670,137720,140004
13671,137729,140012
13672,137739,140019
13673,137749,140021
13674,137758,140024
13675,137769,140026
13676,137778,140028
13677,137789,140029
13678,137800,140037
13679,137810,140039
13680,137820,140046
13681,137829,140047
13682,137841,140050
13683,137851,140056
13684,137861,140058
13685,137870,140060
13686,137879,140064
13687,137890,140066
13688,137901,140071
13689,137911,140073
13690,137922,140075
13691,137930,140077
13692,137941,140081
13693,137949,140093
13694,137961,140100
13695,137970,140104
13696,137980,140108
13697,137991,140109
13698,138003,140111
13699,138011,140113
13700,138023,140116
13701,138030,140118
13702,138042,140119
13703,138051,140121
13704,138059,140126
13705,138072,140129
13706,138084,140132
13707,138092,140134
13708,138103,140138
13709,138113,140141
13710,138122,140150
13711,138132,140163
13712,138143,140165
13713,138152,140173
13714,138162,140174
13715,138172,140178
13716,138182,140181
13717,138194,140182
13718,138204,140195
13719,138212,140198
13720,138222,140199
13721,138233,140203
13722,138244,140205
13723,138252,140206
13724,138263,140211
13725,138274,140213
13726,138285,140219
13727,138293,140224
13728,138303,140233
13729,138313,140235
13730,138323,140236
13731,138332,140246
13732,138345,140247
13733,138354,140250
13734,138364,140251
13735,138374,140253
13736,138384,140263
13737,138394,140266
13738,138405,140270
13739,138413,140271
13740,138424,140274
13741,138435,140278
13742,138445,140283
13743,138454,140286
13744,138465,140288
13745,138474,140290
13746,138486,140292
13747,138492,140297
13748,138504,140299
13749,138514,140303
13750,138528,140317
13751,138533,140322
13752,138543,140324
13753,138556,140325
13754,138566,140330
13755,138575,140335
13756,138586,140337
13757,138597,140339
13758,138605,140340
13759,138616,140345
13760,138626,140346
13761,138637,140357
13762,138646,140359
13763,138656,140366
13764,138666,140368
13765,138676,140369
13766,138686,140371
13767,138697,140373
13768,138707,140375
13769,138717,140377
13770,138726,140378
13771,138736,140380
13772,138746,140384
13773,138758,140385
13774,138767,140389
13775,138778,140397
13776,138785,140406
13777,138795,140412
13778,138808,140413
13779,138819,140419
13780,138826,140422
13781,138836,140423
13782,138846,140425
13783,138856,140431
13784,138864,140433
13785,138878,140435
13786,138887,140437
13787,138898,140442
13788,138908,140444
13789,138918,140446
13790,138928,140449
13791,138937,140452
13792,138946,140454
13793,138957,140459
13794,138967,140462
13795,138978,140464
13796,138985,140466
13797,138999,140476
13798,139008,140478
13799,139016,140483
13800,139029,140488
13801,139038,140490
13802,139048,140492
13803,139059,140503
13804,139067,140505
13805,139078,140509
13806,139089,140511
13807,139100,140517
13808,139110,140528
13809,139118,140532
13810,139130,140535
13811,139138,140540
13812,139150,140548
13813,139158,140559
13814,139167,140562
13815,139180,140571
13816,139190,140580
13817,139198,140584
13818,139208,140591
13819,139221,140593
13820,139229,140598
13821,139240,140604
13822,139248,140612
13823,139258,140629
13824,139269,140632
13825,139279,140633
13826,139290,140636
13827,139300,140637
13828,139310,140639
13829,139319,140641
13830,139331,140646
13831,139339,140661
13832,139349,140667
13833,139360,140672
13834,139371,140674
13835,139380,140676
13836,139391,140683
13837,139400,140685
13838,139410,140687
13839,139420,140705
13840,139432,140710
13841,139442,140720
13842,139451,140725
13843,139461,140731
13844,139473,140732
13845,139482,140736
13846,139491,140738
13847,139500,140740
13848,139511,140750
13849,139521,140756
13850,139528,140763
13851,139543,140772
13852,139552,140781
13853,139562,140783
13854,139571,140794
13855,139583,140797
13856,139591,140800
13857,139601,140804
13858,139613,140809
13859,139623,140812
13860,139631,140814
13861,139641,140816
13862,139650,140819
13863,139663,140821
13864,139673,140825
13865,139685,140838
13866,139695,140842
13867,139702,140847
13868,139713,140849
13869,139721,140854
13870,139733,140856
13871,139743,140868
13872,139753,140870
13873,139763,140872
13874,139772,140878
13875,139782,140893
13876,139794,140900
13877,139803,140903
13878,139814,140910
13879,139824,140917
13880,139832,140927
13881,139844,140933
13882,139854,140936
13883,139864,140938
13884,139874,140944
13885,139886,140945
13886,139894,140947
13887,139905,140962
13888,139917,140965
13889,139925,140971
13890,139935,140973
13891,139944,140974
13892,139952,140978
13893,139964,140983
13894,139976,140984
13895,139986,140989
13896,139994,140991
13897,140005,140996
13898,140014,141003
13899,140025,141004
13900,140037,141010
13901,140045,141011
13902,140056,141013
13903,140067,141022
13904,140075,141035
13905,140083,141044
13906,140096,141045
13907,140107,141047
13908,140115,141050
13909,140125,141052
13910,140136,141057
13911,140148,141060
13912,140156,141064
13913,140166,141068
13914,140178,141070
13915,140186,141072
13916,140196,141075
13917,140206,141089
13918,140216,141099
13919,140226,141101
13920,140237,141102
13921,140248,141106
13922,140255,141114
13923,140268,141119
13924,140277,141121
13925,140287,141130
13926,140297,141135
13927,140308,141140
13928,140316,141146
13929,140330,141154
13930,140338,141161
13931,140347,141163
13932,140357,141178
13933,140369,141179
13934,140379,141184
13935,140386,141191
13936,140397,141192
13937,140409,141199
13938,140418,141201
13939,140427,141202
13940,140438,141204
13941,140448,141211
13942,140460,141217
13943,140470,141226
13944,140477,141229
13945,140488,141230
13946,140498,141241
13947,140509,141247
13948,140517,141249
13949,140529,141251
13950,140540,141252
13951,140548,141258
13952,140558,141259
13953,140567,141263
13954,140580,141270
13955,140589,141278
13956,140599,141283
13957,140610,141286
13958,140618,141289
13959,140629,141291
13960,140640,141296
13961,140650,141298
13962,140658,141300
13963,140669,141302
13964,140681,141307
13965,140688,141310
13966,140701,141322
13967,140710,141326
13968,140720,141329
13969,140730,141334
13970,140742,141340
13971,140751,141342
13972,140760,141352
13973,140772,141354
13974,140780,141355
13975,140791,141357
13976,140801,141358
13977,140810,141361
13978,140819,141363
13979,140831,141365
13980,140841,141371
13981,140851,141378
13982,140861,141382
13983,140869,141384
13984,140881,141388
13985,140891,141390
13986,140901,141393
13987,140911,141394
13988,140921,141397
13989,140930,141399
13990,140945,141403
13991,140951,141409
13992,140962,141410
13993,140972,141422
13994,140983,141426
13995,140993,141439
13996,141001,141441
13997,141012,141442
13998,141021,141444
13999,141032,141445
14000,141043,141447
14001,141051,141449
14002,141061,141452
14003,141074,141456
14004,141083,141461
14005,141092,141472
14006,141103,141475
14007,141114,141488
14008,141123,141490
14009,141132,141492
14010,141143,141493
14011,141154,141495
14012,141164,141497
14013,141173,141499
14014,141184,141501
14015,141193,141504
14016,141203,141509
14017,141213,141515
14018,141222,141517
14019,141233,141519
14020,141244,141521
14021,141254,141522
14022,141266,141524
14023,141274,141529
14024,141284,141539
14025,141295,141545
14026,141302,141549
14027,141316,141554
14028,141325,141563
14029,141336,141565
14030,141344,141566
14031,141356,141567
14032,141366,141569
14033,141374,141573
14034,141386,141581
14035,141394,141585
14036,141404,141588
14037,141415,141596
14038,141426,141605
14039,141436,141610
14040,141446,141617
14041,141454,141619
14042,141466,141622
14043,141476,141631
14044,141487,141634
14045,141495,141635
14046,141506,141642
14047,141516,141646
14048,141525,141663
14049,141536,141665
14050,141548,141666
14051,141557,141669
14052,141566,141673
14053,141576,141684
14054,141586,141690
14055,141596,141692
14056,141605,141700
14057,141617,141707
14058,141626,141718
14059,141635,141724
14060,141645,141736
14061,141657,141747
14062,141667,141749
14063,141677,141751
14064,141686,141756
14065,141696,141760
14066,141710,141770
14067,141717,141772
14068,141727,141781
14069,141738,141783
14070,141746,141784
14071,141758,141794
14072,141768,141796
14073,141778,141804
14074,141786,141806
14075,141798,141807
14076,141807,141812
14077,141815,141817
14078,141827,141821
14079,141837,141828
14080,141849,141829
14081,141858,141831
14082,141868,141836
14083,141877,141838
14084,141889,141847
14085,141898,141849
14086,141908,141856
14087,141918,141865
14088,141927,141875
14089,141942,141895
14090,141948,141898
14091,141957,141904
14092,141968,141917
14093,141980,141935
14094,141989,141937
14095,141999,141950
14096,142009,141961
14097,142019,141973
14098,142030,141979
14099,142040,141992
14100,142048,141998
14101,142058,142006
14102,142070,142025
14103,142080,142027
14104,142089,142039
14105,142099,142053
14106,142110,142065
14107,142118,142073
14108,142131,142085
14109,142139,142092
14110,142149,142098
14111,142160,142107
14112,142171,142126
14113,142179,142134
14114,142189,142141
14115,142200,142149
14116,142211,142159
14117,142222,142171
14118,142231,142179
14119,142241,142192
14120,142250,142200
14121,142261,142208
14122,142273,142223
14123,142280,142234
14124,142290,142244
14125,142304,142254
14126,142311,142260
14127,142321,142279
14128,142330,142282
14129,142341,142290
14130,142352,142300
14131,142361,142312
14132,142372,142320
14133,142383,142332
14134,142391,142340
14135,142401,142352
14136,142412,142362
14137,142420,142373
14138,142432,142380
14139,142442,142395
14140,142453,142400
14141,142463,142412
14142,142474,142422
14143,142483,142435
14144,142491,142443
14145,142504,142454
14146,142511,142467
14147,142522,142475
14148,142532,142480
14149,142545,142493
14150,142555,142505
14151,142564,142517
14152,142574,142530
14153,142584,142532
14154,142592,142542
14155,142604,142556
14156,142614,142565
14157,142625,142576
14158,142633,142592
14159,142643,142596
14160,142653,142605
14161,142662,142617
14162,142674,142623
14163,142683,142646
14164,142693,142650
14165,142703,142653
14166,142716,142665
14167,142723,142680
14168,142734,142686
14169,142745,142699
14170,142756,142706
14171,142762,142711
14172,142775,142724
14173,142784,142733
14174,142797,142743
14175,142806,142763
14176,142817,142765
14177,142823,142775
14178,142834,142781
14179,142848,142797
14180,142855,142808
14181,142868,142816
14182,142874,142825
14183,142885,142842
14184,142895,142847
14185,142907,142859
14186,142916,142865
14187,142925,142875
14188,142935,142893
14189,142947,142897
14190,142958,142909
14191,142965,142916
14192,142977,142927
14193,142987,142941
14194,142997,142953
14195,143007,142959
14196,143018,142973
14197,143028,142977
14198,143039,142988
14199,143047,143004
14200,143058,143009
14201,143067,143019
14202,143076,143023
14203,143089,143044
14204,143096,143049
14205,143106,143052
14206,143117,143069
14207,143127,143079
14208,143136,143087
14209,143149,143098
14210,143157,143105
14211,143168,143118
14212,143179,143131
14213,143188,143139
14214,143197,143146
14215,143208,143160
14216,143219,143172
14217,143228,143193
14218,143238,143195
14219,143249,143204
14220,143258,143212
14221,143269,143223
14222,143277,143229
14223,143290,143242
14224,143299,143249
14225,143310,143260
14226,143319,143270
14227,143329,143279
14228,143338,143292
14229,143348,143297
14230,143362,143311
14231,143368,143317
14232,143379,143328
14233,143390,143342
14234,143399,143350
14235,143409,143359
14236,143420,143377
14237,143428,143388
14238,143441,143392
14239,143450,143398
14240,143462,143408
14241,143469,143425
14242,143479,143427
14243,143491,143438
14244,143499,143451
14245,143511,143465
14246,143522,143474
14247,143531,143483
14248,143542,143489
14249,143551,143503
14250,143561,143514
14251,143572,143531
14252,143582,143541
14253,143592,143547
14254,143603,143552
14255,143611,143558
14256,143623,143573
14257,143631,143580
14258,143641,143593
14259,143653,143607
14260,143662,143609
14261,143672,143619
14262,143683,143636
14263,143692,143643
14264,143701,143661
14265,143714,143665
14266,143722,143677
14267,143732,143686
14268,143744,143700
14269,143752,143702
14270,143762,143717
14271,143772,143724
14272,143783,143738
14273,143794,143743
14274,143803,143754
14275,143814,143765
14276,143825,143775
14277,143832,143785
14278,143843,143790
14279,143854,143806
14280,143862,143819
14281,143874,143823
14282,143882,143833
14283,143892,143845
14284,143901,143853
14285,143916,143865
14286,143925,143886
14287,143933,143896
14288,143943,143900
14289,143952,143906
14290,143961,143914
14291,143975,143923
14292,143985,143932
14293,143995,143941
14294,144006,143956
14295,144015,143971
14296,144026,143973
14297,144034,143983
14298,144043,143997
14299,144056,144017
14300,144066,144022
14301,144073,144025
14302,144084,144034
14303,144096,144048
14304,144106,144056
14305,144115,144069
14306,144127,144076
14307,144134,144089
14308,144144,144093
14309,144156,144107
14310,144165,144120
14311,144175,144128
14312,144185,144135
14313,144196,144144
14314,144206,144156
14315,144215,144168
14316,144225,144173
14317,144233,144185
14318,144246,144194
14319,144255,144204
14320,144266,144221
14321,144276,144226
14322,144285,144241
14323,144297,144248
14324,144308,144258
14325,144318,144287
14326,144327,144300
14327,144336,144307
14328,144345,144311
14329,144355,144313
14330,144367,144323
14331,144377,144332
14332,144386,144337
14333,144397,144344
14334,144406,144353
14335,144416,144369
14336,144424,144373
14337,144435,144385
14338,144448,144396
14339,144457,144416
14340,144469,144421
14341,144478,144433
14342,144488,144441
14343,144498,144446
14344,144508,144457
14345,144518,144466
14346,144528,144482
14347,144536,144488
14348,144548,144498
14349,144559,144518
14350,144570,144523
14351,144578,144527
14352,144590,144552
14353,144599,144559
14354,144610,144561
14355,144618,144567
14356,144630,144578
14357,144637,144586
14358,144649,144600
14359,144659,144614
14360,144669,144623
14361,144679,144628
14362,144688,144641
14363,144697,144647
14364,144708,144660
14365,144720,144674
14366,144729,144683
14367,144741,144697
14368,144751,144701
14369,144758,144707
14370,144770,144721
14371,144778,144727
14372,144790,144743
14373,144800,144754
14374,144808,144756
14375,144819,144767
14376,144830,144782
14377,144840,144796
14378,144851,144802
14379,144861,144808
14380,144871,144824
14381,144881,144832
14382,144892,144843
14383,144900,144854
14384,144912,144866
14385,144920,144868
14386,144931,144881
14387,144940,144888
14388,144951,144906
14389,144963,144914
14390,144971,144920
14391,144983,144933
14392,144992,144942
14393,145001,144952
14394,145013,144963
14395,145021,144974
14396,145032,144981
14397,145042,144992
14398,145053,145004
14399,145063,145010
14400,145070,145019
14401,145079,145027
14402,145093,145047
14403,145100,145058
14404,145113,145063
14405,145122,145070
14406,145132,145084
14407,145141,145091
14408,145154,145104
14409,145164,145111
14410,145171,148780
14411,145181,148787
14412,145197,148788
14413,145200,148790
14414,145213,148796
14415,145224,148803
14416,145233,148807
14417,145245,148809
14418,145254,148815
14419,145265,148819
14420,145274,148824
14421,145284,148835
14422,145294,148848
14423,145306,148852
14424,145315,148855
14425,145325,148856
14426,145336,148861
14427,145345,148864
14428,145354,148866
14429,145365,148871
14430,145375,148892
14431,145383,148894
14432,145394,148903
14433,145404,148904
14434,145415,148906
14435,145425,148908
14436,145436,148909
14437,145445,148915
14438,145457,148930
14439,145466,148932
14440,145475,148934
14441,145485,148937
14442,145496,148939
14443,145505,148942
14444,145517,148943
14445,145526,148948
14446,145536,148956
14447,145545,148958
14448,145557,148963
14449,145566,148965
14450,145578,148969
14451,145590,148972
14452,145597,148974
14453,145607,148977
14454,145617,148980
14455,145627,148985
14456,145639,148990
14457,145647,148999
14458,145656,149001
14459,145668,149002
14460,145677,149004
14461,145687,149007
14462,145699,149011
14463,145707,149012
14464,145719,149014
14465,145727,149026
14466,145738,149028
14467,145747,149036
14468,145758,149038
14469,145768,149039
14470,145781,149042
14471,145788,149043
14472,145798,149047
14473,145808,149051
14474,145817,149054
14475,145825,149064
14476,145837,149070
14477,145849,149073
14478,145858,149078
14479,145869,149084
14480,145879,149089
14481,145888,149098
14482,145900,149103
14483,145910,149105
14484,145920,149113
14485,145929,149114
14486,145939,149115
14487,145948,149121
14488,145961,149129
14489,145970,149134
14490,145980,149137
14491,145990,149139
14492,146001,149143
14493,146008,149152
14494,146020,149159
14495,146029,149169
14496,146040,149170
14497,146051,149171
14498,146061,149174
14499,146070,149179
14500,146079,149184
14501,146091,149197
14502,146099,149202
14503,146112,149208
14504,146121,149210
14505,146130,149212
14506,146141,149215
14507,146151,149225
14508,146161,149230
14509,146171,149231
14510,146182,149233
14511,146190,149237
14512,146200,149238
14513,146211,149243
14514,146222,149248
14515,146232,149251
14516,146241,149266
14517,146253,149268
14518,146261,149271
14519,146270,149281
14520,146282,149290
14521,146291,149298
14522,146302,149302
14523,146311,149305
14524,146322,149310
14525,146331,149318
14526,146342,149326
14527,146352,149328
14528,146363,149329
14529,146371,149331
14530,146384,149333
14531,146392,149338
14532,146403,149342
14533,146412,149343
14534,146423,149344
14535,146434,149350
14536,146443,149355
14537,146452,149357
14538,146462,149360
14539,146474,149362
14540,146483,149375
14541,146494,149376
14542,146504,149380
14543,146513,149382
14544,146523,149382
14545,146532,149384
14546,146543,149392
14547,146553,149393
14548,146564,149395
14549,146573,149396
14550,146584,149403
14551,146594,149405
14552,146604,149409
14553,146615,149417
14554,146625,149425
14555,146634,149432
14556,146645,149437
14557,146654,149447
14558,146663,149466
14559,146672,149471
14560,146684,149477
14561,146695,149487
14562,146706,149492
14563,146717,149497
14564,146725,149502
14565,146737,149506
14566,146745,149508
14567,146756,149513
14568,146764,149515
14569,146776,149518
14570,146786,149524
14571,146794,149525
14572,146807,149526
14573,146816,149536
14574,146825,149539
14575,146836,149549
14576,146847,149551
14577,146855,149555
14578,146866,149557
14579,146876,149558
14580,146887,149570
14581,146897,149575
14582,146907,149578
14583,146917,149583
14584,146925,149585
14585,146937,149592
14586,146948,149598
14587,146956,149599
14588,146966,149601
14589,146977,149605
14590,146987,149611
14591,146997,149613
14592,147006,149620
14593,147018,149621
14594,147028,149624
14595,147035,149625
14596,147048,149628
14597,147057,149629
14598,147066,149631
14599,147078,149632
14600,147088,149633
14601,147096,149635
14602,147107,149638
14603,147118,149640
14604,147128,149645
14605,147137,149649
14606,147149,149657
14607,147157,149659
14608,147170,149670
14609,147177,149672
14610,147188,149675
14611,147199,149677
14612,147208,149680
14613,147219,149681
14614,147229,149683
14615,147239,149685
14616,147248,149687
14617,147259,149689
14618,147269,149695
14619,147278,149697
14620,147288,149699
14621,147298,149700
14622,147309,149702
14623,147318,149704
14624,147328,149705
14625,147339,149707
14626,147350,149710
14627,147359,149712
14628,147369,149715
14629,147380,149724
14630,147390,149728
14631,147400,149736
14632,147408,149738
14633,147420,149742
14634,147429,149744
14635,147441,149745
14636,147452,149747
14637,147460,149750
14638,147470,149752
14639,147480,149753
14640,147490,149758
14641,147501,149760
14642,147510,149763
14643,147522,149764
14644,147529,149766
14645,147540,149768
14646,147550,149770
14647,147562,149772
14648,147572,149775
14649,147581,149777
14650,147591,149781
14651,147599,149782
14652,147611,149783
14653,147621,149785
14654,147632,149793
14655,147641,149794
14656,147653,149797
14657,147663,149799
14658,147672,149801
14659,147683,149802
14660,147693,149805
14661,147701,149806
14662,147710,149809
14663,147723,149812
14664,147733,149814
14665,147743,149816
14666,147753,149821
14667,147762,149830
14668,147770,149835
14669,147784,149837
14670,147793,149842
14671,147802,149844
14672,147812,149846
14673,147823,149852
14674,147834,149854
14675,147843,149856
14676,147856,149860
14677,147863,149863
14678,147873,149865
14679,147883,149867
14680,147894,149869
14681,147901,149871
14682,147913,149873
14683,147924,149877
14684,147932,149888
14685,147943,149897
14686,147955,149900
14687,147963,149903
14688,147974,149905
14689,147984,149913
14690,147994,149915
14691,148004,149917
14692,148018,149919
14693,148023,149920
14694,148035,149921
14695,148045,149928
14696,148054,149930
14697,148065,149932
14698,148075,149936
14699,148087,149939
14700,148095,149946
14701,148105,149947
14702,148115,149953
14703,148125,149954
14704,148134,149956
14705,148145,149958
14706,148156,149963
14707,148165,149964
14708,148174,149966
14709,148185,149969
14710,148197,149971
14711,148205,149972
14712,148216,149978
14713,148226,149980
14714,148236,149986
14715,148246,150001
14716,148257,150008
14717,148267,150018
14718,148276,150023
14719,148286,150025
14720,148297,150030
14721,148306,150033
14722,148318,150037
14723,148327,150038
14724,148337,150044
14725,148345,150049
14726,148356,150060
14727,148366,150064
14728,148377,150072
14729,148388,150076
14730,148397,150083
14731,148407,150085
14732,148418,150087
14733,148428,150089
14734,148438,150094
14735,148448,150099
14736,148460,150103
14737,148475,150108
14738,148478,150113
14739,148488,150114
14740,148499,150125
14741,148510,150130
14742,148518,150137
14743,148530,150143
14744,148538,150147
14745,148550,150149
14746,148560,150151
14747,148569,150156
14748,148579,150161
14749,148590,150163
14750,148600,150175
14751,148610,150176
14752,148619,150179
14753,148628,150181
14754,148638,150184
14755,148649,150189
14756,148658,150191
14757,148668,150192
14758,148680,150196
14759,148689,150205
14760,148700,150207
14761,148710,150211
14762,148719,150212
14763,148729,150214
14764,148739,150215
14765,148750,150221
14766,148759,150223
14767,148770,150225
14768,148778,150227
14769,148790,150229
14770,148800,150231
14771,148811,150232
14772,148821,150233
14773,148829,150235
14774,148839,150237
14775,148848,150240
14776,148859,150243
14777,148870,150248
14778,148879,150253
14779,148890,150255
14780,148903,150259
14781,148911,150263
14782,148920,150264
14783,148932,150265
14784,148943,150267
14785,148952,150269
14786,148960,150271
14787,148970,150272
14788,148982,150279
14789,148990,150280
14790,149002,150282
14791,149012,150286
14792,149022,150288
14793,149031,150289
14794,149042,150291
14795,149053,150292
14796,149061,150293
14797,149071,150295
14798,149080,150296
14799,149091,150298
14800,149101,150300
14801,149111,150302
14802,149122,150305
14803,149133,150308
14804,149141,150309
14805,149153,150312
14806,149160,150316
14807,149173,150320
14808,149183,150326
14809,149193,150331
14810,149200,150333
14811,149211,150335
14812,149223,150340
14813,149233,150345
14814,149243,150352
14815,149252,150353
14816,149261,150362
14817,149274,150363
14818,149282,150369
14819,149290,150376
14820,149302,150378
14821,149315,150388
14822,149323,150390
14823,149334,150391
14824,149345,150395
14825,149352,150400
14826,149362,150406
14827,149373,150407
14828,149383,150408
14829,149392,150417
14830,149404,150419
14831,149412,150421
14832,149426,150422
14833,149434,150424
14834,149444,150429
14835,149455,150430
14836,149464,150432
14837,149473,150438
14838,149482,150441
14839,149494,150444
14840,149504,150446
14841,149515,150460
14842,149524,150465
14843,149535,150477
14844,149544,150479
14845,149555,150483
14846,149564,150495
14847,149575,150496
14848,149584,150499
14849,149595,150504
14850,149604,150506
14851,149617,150507
14852,149626,150509
14853,149634,150511
14854,149647,150512
14855,149655,150514
14856,149664,150521
14857,149675,150527
14858,149687,150535
14859,149695,150542
14860,149706,150546
14861,149714,150547
14862,149724,150553
14863,149738,150555
14864,149747,150560
14865,149758,150571
14866,149765,150577
14867,149776,150579
14868,149786,150580
14869,149797,150581
14870,149808,150585
14871,149816,150591
14872,149826,150593
14873,149836,150594
14874,149847,150601
14875,149859,150602
14876,149867,150606
14877,149877,150607
14878,149887,150612
14879,149898,150617
14880,149908,150623
14881,149918,150625
14882,149927,150627
14883,149937,150635
14884,149948,150637
14885,149957,150638
14886,149967,150640
14887,149978,150646
14888,149987,150650
14889,149998,150656
14890,150007,150658
14891,150019,150659
14892,150028,150661
14893,150035,150662
14894,150050,150670
14895,150057,150679
14896,150070,150684
14897,150077,150692
14898,150088,150693
14899,150101,150698
14900,150109,150699
14901,150121,150701
14902,150128,150702
14903,150139,150703
14904,150148,150705
14905,150159,150706
14906,150169,150708
14907,150180,150712
14908,150191,150714
14909,150198,150719
14910,150210,150723
14911,150220,150725
14912,150229,150726
14913,150240,150727
14914,150250,150732
14915,150259,150734
14916,150272,150735
14917,150279,150740
14918,150292,150742
14919,150300,150743
14920,150309,150745
14921,150322,150754
14922,150330,150757
14923,150340,150760
14924,150352,150764
14925,150362,150766
14926,150371,150768
14927,150381,150770
14928,150391,150771
14929,150401,150773
14930,150410,150774
14931,150422,150776
14932,150430,150777
14933,150441,150779
14934,150450,150781
14935,150461,150783
14936,150470,150785
14937,150481,150788
14938,150491,150792
14939,150502,150794
14940,150513,150796
14941,150520,150797
14942,150533,150799
14943,150541,150800
14944,150552,150802
14945,150562,150803
14946,150573,150805
14947,150583,150806
14948,150592,150808
14949,150602,150809
14950,150615,150813
14951,150624,150815
14952,150632,150817
14953,150643,150818
14954,150653,150820
14955,150662,150826
14956,150673,150830
14957,150684,150833
14958,150693,150835
14959,150701,150837
14960,150713,150838
14961,150723,150839
14962,150733,150841
14963,150743,150842
14964,150754,150844
14965,150762,150845
14966,150773,150847
14967,150784,150849
14968,150791,150850
14969,150805,150856
14970,150814,150857
14971,150822,150863
14972,150833,150864
14973,150844,150877
14974,150854,150882
14975,150863,150884
14976,150874,150885
14977,150884,150887
14978,150897,150894
14979,150904,150895
14980,150914,150897
14981,150926,150898
14982,150935,150902
14983,150947,150904
14984,150954,150905
14985,150966,150914
14986,150975,150921
14987,150986,150932
14988,150997,150942
14989,151005,150955
14990,151015,150963
14991,151027,150976
14992,151035,150982
14993,151045,150999
14994,151055,151004
14995,151067,151015
14996,151077,151024
14997,151088,151037
14998,151097,151049
14999,151105,151057
15000,151118,151069
15001,151126,151075
15002,151134,151082
15003,151144,151094
15004,151157,151104
15005,151168,151117
15006,151177,151133
15007,151188,151138
15008,151196,151147
15009,151207,151159
15010,151219,151170
15011,151225,151174
15012,151237,151186
15013,151249,151199
15014,151257,151204
15015,151269,151218
15016,151277,151229
15017,151287,151236
15018,151298,151247
15019,151308,151261
15020,151317,151276
15021,151328,151278
15022,151338,151288
15023,151348,151297
15024,151358,151308
15025,151367,151328
15026,151379,151341
15027,151390,151343
15028,151398,151346
15029,151409,151357
15030,151418,151366
15031,151426,151381
15032,151438,151386
15033,151449,151397
15034,151459,151414
15035,151470,151419
15036,151477,151429
15037,151489,151442
15038,151499,151448
15039,151510,151463
15040,151518,151469
15041,151528,151475
15042,151539,151487
15043,151548,151503
15044,151559,151511
15045,151570,151520
15046,151582,151531
15047,151590,151543
15048,151601,151550
15049,151610,151558
15050,151620,151569
15051,151629,151576
15052,151642,151591
15053,151649,151602
15054,151660,151614
15055,151670,151620
15056,151680,151635
15057,151691,151641
15058,151700,151650
15059,151710,151659
15060,151721,151673
15061,151732,151679
15062,151742,151690
15063,151751,151714
15064,151762,151720
15065,151771,151725
15066,151782,151735
15067,151791,151745
15068,151801,151752
15069,151812,151759
15070,151822,151770
15071,151832,151788
15072,151842,151792
15073,151852,151803
15074,151863,151814
15075,151873,151822
15076,151881,151829
15077,151891,151841
15078,151903,151853
15079,151913,151864
15080,151922,151871
15081,151934,151882
15082,151941,151888
15083,151951,151901
15084,151963,151913
15085,151973,151924
15086,151983,151934
15087,151993,151940
15088,152004,151954
15089,152012,151958
15090,152023,151975
15091,152031,151981
15092,152043,151992
15093,152051,152000
15094,152065,152013
15095,152073,152025
15096,152082,152034
15097,152094,152049
15098,152105,152053
15099,152114,152062
15100,152123,152072
15101,152134,152082
15102,152144,152091
15103,152154,152104
15104,152165,152114
15105,152176,152126
15106,152184,152134
15107,152194,152150
15108,152203,152157
15109,152214,152165
15110,152224,152174
15111,152234,152182
15112,152245,152196
15113,152253,152204
15114,152265,152216
15115,152275,152227
15116,152284,152232
15117,152295,152245
15118,152304,152254
15119,152316,152265
15120,152324,152272
15121,152337,152287
15122,152348,152299
15123,152356,152303
15124,152365,152314
15125,152375,152327
15126,152385,152333
15127,152397,152345
15128,152407,152357
15129,152417,152366
15130,152428,152376
15131,152437,152388
15132,152447,152395
15133,152457,152406
15134,152467,152416
15135,152474,152423
15136,152487,152436
15137,152495,152446
15138,152505,152454
15139,152516,152464
15140,152527,152476
15141,152535,152482
15142,152546,152492
15143,152558,152512
15144,152567,152515
15145,152576,152526
15146,152587,152537
15147,152596,152549
15148,152608,152564
15149,152618,152574
15150,152628,152580
15151,152637,152584
15152,152648,152599
15153,152657,152610
15154,152668,152619
15155,152676,152626
15156,152688,152636
15157,152698,152647
15158,152709,152661
15159,152719,152669
15160,152728,152680
15161,152738,152688
15162,152749,152704
15163,152759,152711
15164,152769,152719
15165,152779,152728
15166,152788,152738
15167,152797,152748
15168,152809,152760
15169,152819,152769
15170,152828,152780
15171,152840,152792
15172,152851,152798
15173,152859,152813
15174,152867,152819
15175,152878,152826
15176,152891,152847
15177,152899,152855
15178,152908,152861
15179,152918,152865
15180,152929,152877
15181,152941,152889
15182,152949,152901
15183,152960,152908
15184,152972,152922
15185,152980,152930
15186,152990,152944
15187,153002,152953
15188,153011,152959
15189,153021,152971
15190,153035,152985
15191,153041,152988
15192,153052,153003
15193,153060,153012
15194,153071,153022
15195,153079,153030
15196,153091,153042
15197,153101,153050
15198,153111,153062
15199,153121,153071
15200,153129,153076
15201,153141,153091
15202,153150,153100
15203,153161,153116
15204,153172,153122
15205,153182,153130
15206,153192,153147
15207,153200,153150
15208,153212,153159
15209,153219,153174
15210,153229,153182
15211,153239,153191
15212,153252,153204
15213,153264,153214
15214,153271,153220
15215,153280,153226
15216,153292,153238
15217,153300,153246
15218,153310,153256
15219,153320,153269
15220,153331,153277
15221,153341,153287
15222,153354,153302
15223,153361,153308
15224,153372,153318
15225,153381,153328
15226,153394,153341
15227,153401,153348
15228,153413,153361
15229,153424,153369
15230,153432,153379
15231,153445,153391
15232,153455,153401
15233,153462,153409
15234,153472,153418
15235,153484,153431
15236,153492,153440
15237,153503,153450
15238,153513,153459
15239,153522,153469
15240,153532,153480
15241,153541,153487
15242,153554,153501
15243,153564,153509
15244,153572,153519
15245,153584,153531
15246,153594,153541
15247,153603,153550
15248,153612,153559
15249,153627,153573
15250,153633,153579
15251,153642,153589
15252,153654,153601
15253,153665,153612
15254,153677,153624
15255,153685,153633
15256,153696,153642
15257,153703,153650
15258,153713,153660
15259,153727,153673
15260,153734,153682
15261,153744,153691
15262,153754,153702
15263,153765,153711
15264,153774,153721
15265,153785,153733
15266,153796,153743
15267,153806,153752
15268,153816,153763
15269,153825,153771
15270,153834,153781
15271,153846,153793
15272,153855,153801
15273,153865,153812
15274,153875,153821
15275,153887,153834
15276,153895,153842
15277,153905,153852
15278,153916,153862
15279,153925,153872
15280,153935,153882
15281,153945,153891
15282,153955,153902
15283,153967,153914
15284,153975,153921
15285,153987,153936
15286,153997,153949
15287,154009,153960
15288,154018,153969
15289,154028,153980
15290,154037,153993
15291,154048,154000
15292,154059,154011
15293,154067,154023
15294,154078,154034
15295,154090,154047
15296,154101,154050
15297,154110,154063
15298,154118,154071
15299,154129,154078
15300,154137,154085
15301,154150,154101
15302,154158,154115
15303,154168,154120
15304,154179,154136
15305,154189,154141
15306,154198,154146
15307,154208,154156
15308,154221,154171
15309,154230,154179
15310,154241,154192
15311,154249,154199
15312,154259,154207
15313,154268,154220
15314,154279,154229
15315,154289,154240
15316,154298,154254
15317,154308,154257
15318,154320,154276
15319,154331,154281
15320,154339,154291
15321,154350,154298
15322,154360,154310
15323,154369,154321
15324,154381,154329
15325,154389,154340
15326,154401,154348
15327,154411,154360
15328,154422,154371
15329,154433,154388
15330,154442,154393
15331,154451,154401
15332,154462,154410
15333,154471,154422
15334,154482,154431
15335,154493,154443
15336,154501,154454
15337,154511,154474
15338,154523,154476
15339,154531,154484
15340,154543,154491
15341,154551,154500
15342,154563,154511
15343,154572,154530
15344,154583,154532
15345,154594,154541
15346,154603,154551
15347,154613,154563
15348,154622,154575
15349,154632,154583
15350,154642,154589
15351,154652,154601
15352,154661,154614
15353,154674,154624
15354,154685,154641
15355,154692,154647
15356,154702,154650
15357,154715,154662
15358,154721,154670
15359,154735,154685
15360,154742,154690
15361,154753,154703
15362,154765,154721
15363,154772,154722
15364,154783,154730
15365,154794,154748
15366,154805,154754
15367,154815,154766
15368,154823,154771
15369,154833,154784
15370,154843,154796
15371,154853,154800
15372,154865,154815
15373,154872,154831
15374,154884,154834
15375,154893,154841
15376,154905,154861
15377,154915,154869
15378,154923,154877
15379,154935,154882
15380,154942,154892
15381,154955,154907
15382,154965,154911
15383,154976,154928
15384,154985,154939
15385,154997,154945
15386,155004,154953
15387,155014,154964
15388,155025,154982
15389,155036,154988
15390,155046,154995
15391,155056,155004
15392,155066,155018
15393,155075,155021
15394,155086,155039
15395,155095,155052
15396,155105,155060
15397,155115,155068
15398,155125,155075
15399,155135,155086
15400,155146,155095
15401,155157,155107
15402,155167,155118
15403,155174,155122
15404,155188,155139
15405,155196,155150
15406,155206,155159
15407,155217,155170
15408,155227,155180
15409,155238,155186
15410,155247,158940
15411,155255,158953
15412,155267,158954
15413,155279,158956
15414,155288,158956
15415,155300,158962
15416,155308,158963
15417,155318,158965
15418,155329,158971
15419,155339,158976
15420,155348,158978
15421,155357,158981
15422,155368,158995
15423,155377,158999
15424,155388,159008
15425,155398,159010
15426,155409,159011
15427,155416,159013
15428,155429,159017
15429,155438,159019
15430,155450,159020
15431,155458,159023
15432,155471,159026
15433,155478,159034
15434,155490,159051
15435,155501,159052
15436,155510,159054
15437,155519,159062
15438,155532,159069
15439,155539,159073
15440,155549,159087
15441,155560,159088
15442,155569,159090
15443,155581,159093
15444,155590,159102
15445,155600,159104
15446,155610,159105
15447,155619,159107
15448,155632,159109
15449,155640,159113
15450,155650,159121
15451,155661,159125
15452,155671,159134
15453,155680,159141
15454,155692,159144
15455,155700,159150
15456,155711,159152
15457,155722,159156
15458,155732,159161
15459,155740,159162
15460,155752,159164
15461,155761,159169
15462,155771,159178
15463,155782,159184
15464,155792,159185
15465,155803,159191
15466,155812,159193
15467,155822,159195
15468,155832,159197
15469,155841,159202
15470,155850,159205
15471,155862,159207
15472,155872,159211
15473,155884,159216
15474,155892,159218
15475,155904,159226
15476,155913,159238
15477,155921,159240
15478,155932,159254
15479,155942,159255
15480,155954,159257
15481,155964,159258
15482,155973,159260
15483,155983,159262
15484,155994,159269
15485,156003,159273
15486,156013,159275
15487,156024,159278
15488,156034,159282
15489,156044,159288
15490,156053,159299
15491,156065,159307
15492,156074,159309
15493,156083,159323
15494,156094,159326
15495,156105,159336
15496,156115,159337
15497,156123,159342
15498,156134,159345
15499,156145,159347
15500,156155,159349
15501,156164,159363
15502,156174,159368
15503,156184,159374
15504,156195,159375
15505,156205,159377
15506,156216,159383
15507,156225,159386
15508,156236,159392
15509,156245,159394
15510,156256,159402
15511,156266,159408
15512,156276,159413
15513,156287,159413
15514,156297,159416
15515,156307,159425
15516,156317,159427
15517,156326,159429
15518,156335,159435
15519,156346,159442
15520,156356,159444
15521,156365,159448
15522,156377,159449
15523,156387,159452
15524,156397,159453
15525,156406,159455
15526,156414,159457
15527,156425,159460
15528,156438,159467
15529,156445,159468
15530,156457,159473
15531,156467,159479
15532,156478,159481
15533,156487,159490
15534,156496,159491
15535,156509,159494
15536,156516,159500
15537,156526,159503
15538,156538,159507
15539,156549,159508
15540,156556,159517
15541,156566,159522
15542,156577,159524
15543,156588,159527
15544,156599,159529
15545,156606,159535
15546,156617,159539
15547,156629,159549
15548,156640,159551
15549,156647,159564
15550,156658,159566
15551,156669,159570
15552,156679,159583
15553,156689,159585
15554,156699,159587
15555,156709,159598
15556,156718,159600
15557,156728,159602
15558,156739,159607
15559,156748,159609
15560,156759,159611
15561,156770,159612
15562,156780,159614
15563,156789,159618
15564,156799,159628
15565,156810,159630
15566,156819,159631
15567,156829,159635
15568,156839,159640
15569,156849,159642
15570,156859,159644
15571,156869,159649
15572,156881,159651
15573,156890,159657
15574,156899,159659
15575,156909,159673
15576,156919,159681
15577,156930,159688
15578,156940,159699
15579,156950,159700
15580,156960,159702
15581,156970,159703
15582,156980,159705
15583,156990,159707
15584,157001,159710
15585,157010,159715
15586,157019,159727
15587,157030,159730
15588,157042,159741
15589,157050,159746
15590,157062,159748
15591,157072,159757
15592,157080,159761
15593,157091,159763
15594,157099,159766
15595,157111,159768
15596,157122,159770
15597,157131,159776
15598,157143,159778
15599,157152,159780
15600,157162,159785
15601,157171,159787
15602,157184,159790
15603,157192,159792
15604,157203,159796
15605,157212,159797
15606,157222,159799
15607,157231,159805
15608,157244,159808
15609,157253,159810
15610,157262,159816
15611,157274,159818
15612,157282,159820
15613,157293,159844
15614,157302,159851
15615,157313,159857
15616,157322,159859
15617,157333,159869
15618,157342,159870
15619,157352,159873
15620,157362,159875
15621,157372,159878
15622,157382,159885
15623,157394,159889
15624,157404,159895
15625,157414,159902
15626,157423,159906
15627,157434,159916
15628,157445,159921
15629,157453,159932
15630,157465,159936
15631,157474,159940
15632,157484,159949
15633,157494,159959
15634,157504,159961
15635,157515,159967
15636,157524,159979
15637,157533,159982
15638,157544,159987
15639,157559,159988
15640,157566,159999
15641,157575,160001
15642,157585,160008
15643,157592,160011
15644,157605,160014
15645,157616,160016
15646,157625,160025
15647,157635,160036
15648,157645,160038
15649,157655,160042
15650,157665,160046
15651,157676,160048
15652,157686,160051
15653,157695,160052
15654,157705,160053
15655,157717,160054
15656,157727,160056
15657,157737,160059
15658,157746,160060
15659,157754,160062
15660,157766,160064
15661,157777,160065
15662,157785,160066
15663,157796,160068
15664,157807,160071
15665,157817,160072
15666,157826,160075
15667,157837,160077
15668,157846,160081
15669,157856,160088
15670,157869,160091
15671,157877,160091
15672,157887,160092
15673,157896,160093
15674,157909,160096
15675,157918,160104
15676,157927,160109
15677,157938,160116
15678,157947,160119
15679,157957,160121
15680,157967,160123
15681,157979,160125
15682,157987,160126
15683,157998,160127
15684,158008,160129
15685,158015,160136
15686,158028,160141
15687,158038,160147
15688,158047,160158
15689,158056,160160
15690,158069,160161
15691,158079,160166
15692,158088,160168
15693,158099,160174
15694,158109,160175
15695,158117,160181
15696,158128,160182
15697,158139,160185
15698,158149,160187
15699,158158,160189
15700,158169,160193
15701,158179,160195
15702,158189,160197
15703,158199,160199
15704,158208,160204
15705,158218,160212
15706,158229,160219
15707,158239,160221
15708,158249,160224
15709,158261,160233
15710,158268,160238
15711,158281,160242
15712,158292,160245
15713,158301,160249
15714,158310,160251
15715,158321,160253
15716,158330,160256
15717,158341,160257
15718,158350,160259
15719,158360,160260
15720,158369,160279
15721,158380,160285
15722,158391,160295
15723,158402,160298
15724,158412,160308
15725,158421,160309
15726,158430,160311
15727,158440,160328
15728,158453,160330
15729,158462,160332
15730,158472,160336
15731,158482,160340
15732,158489,160342
15733,158501,160349
15734,158512,160352
15735,158521,160356
15736,158531,160366
15737,158542,160368
15738,158552,160377
15739,158561,160380
15740,158571,160382
15741,158580,160384
15742,158593,160396
15743,158602,160400
15744,158613,160401
15745,158622,160403
15746,158632,160405
15747,158642,160406
15748,158655,160411
15749,158662,160414
15750,158673,160416
15751,158684,160424
15752,158693,160431
15753,158702,160433
15754,158713,160434
15755,158723,160436
15756,158733,160441
15757,158744,160446
15758,158754,160451
15759,158763,160452
15760,158772,160454
15761,158783,160463
15762,158794,160464
15763,158805,160476
15764,158814,160482
15765,158823,160483
15766,158834,160485
15767,158842,160486
15768,158855,160488
15769,158865,160496
15770,158874,160498
15771,158884,160506
15772,158894,160512
15773,158905,160529
15774,158915,160535
15775,158924,160536
15776,158935,160539
15777,158945,160542
15778,158957,160544
15779,158966,160545
15780,158973,160546
15781,158985,160547
15782,158993,160549
15783,159005,160551
15784,159013,160557
15785,159026,160568
15786,159033,160575
15787,159046,160578
15788,159054,160587
15789,159065,160588
15790,159076,160595
15791,159087,160596
15792,159095,160601
15793,159106,160612
15794,159116,160614
15795,159126,160626
15796,159137,160637
15797,159145,160642
15798,159154,160647
15799,159165,160648
15800,159176,160650
15801,159186,160653
15802,159196,160655
15803,159207,160656
15804,159216,160670
15805,159224,160671
15806,159235,160674
15807,159247,160679
15808,159256,160684
15809,159266,160686
15810,159276,160693
15811,159286,160694
15812,159296,160696
15813,159305,160697
15814,159317,160699
15815,159328,160701
15816,159337,160702
15817,159348,160704
15818,159355,160705
15819,159368,160715
15820,159377,160719
15821,159389,160721
15822,159399,160732
15823,159408,160734
15824,159418,160736
15825,159429,160737
15826,159438,160741
15827,159446,160750
15828,159457,160753
15829,159468,160754
15830,159477,160762
15831,159488,160767
15832,159496,160769
15833,159508,160770
15834,159518,160772
15835,159527,160777
15836,159538,160780
15837,159549,160786
15838,159558,160798
15839,159568,160800
15840,159578,160804
15841,159589,160807
15842,159601,160826
15843,159608,160834
15844,159619,160836
15845,159628,160837
15846,159640,160840
15847,159647,160845
15848,159659,160847
15849,159669,160853
15850,159682,160854
15851,159688,160856
15852,159700,160865
15853,159710,160866
15854,159721,160868
15855,159729,160871
15856,159741,160873
15857,159751,160874
15858,159758,160875
15859,159769,160882
15860,159779,160884
15861,159793,160886
15862,159800,160887
15863,159811,160893
15864,159821,160895
15865,159831,160903
15866,159841,160907
15867,159851,160912
15868,159860,160916
15869,159870,160925
15870,159881,160934
15871,159891,160939
15872,159902,160941
15873,159911,160945
15874,159921,160947
15875,159929,160956
15876,159942,160958
15877,159951,160962
15878,159959,160964
15879,159971,160967
15880,159982,160969
15881,159990,160975
15882,160001,160981
15883,160012,160984
15884,160022,160989
15885,160033,160990
15886,160041,160992
15887,160052,160993
15888,160062,160995
15889,160071,161000
15890,160082,161002
15891,160092,161003
15892,160101,161007
15893,160114,161014
15894,160123,161021
15895,160132,161024
15896,160143,161028
15897,160151,161033
15898,160162,161034
15899,160174,161040
15900,160183,161042
15901,160193,161053
15902,160204,161056
15903,160214,161062
15904,160223,161063
15905,160231,161064
15906,160246,161066
15907,160255,161069
15908,160264,161078
15909,160274,161085
15910,160288,161087
15911,160292,161089
15912,160306,161090
15913,160316,161106
15914,160323,161112
15915,160337,161121
15916,160346,161129
15917,160352,161136
15918,160364,161139
15919,160374,161141
15920,160385,161147
15921,160395,161154
15922,160405,161155
15923,160414,161158
15924,160424,161160
15925,160434,161162
15926,160446,161163
15927,160455,161164
15928,160466,161165
15929,160475,161166
15930,160486,161167
15931,160495,161169
15932,160503,161175
15933,160515,161183
15934,160525,161189
15935,160537,161200
15936,160545,161202
15937,160555,161206
15938,160566,161211
15939,160578,161216
15940,160586,161221
15941,160593,161228
15942,160606,161230
15943,160616,161231
15944,160626,161236
15945,160637,161242
15946,160647,161247
15947,160658,161253
15948,160668,161259
15949,160677,161263
15950,160686,161264
15951,160696,161266
15952,160705,161267
15953,160717,161269
15954,160725,161272
15955,160736,161275
15956,160745,161277
15957,160758,161288
15958,160770,161290
15959,160778,161294
15960,160790,161296
15961,160796,161308
15962,160807,161315
15963,160818,161319
15964,160827,161321
15965,160840,161331
15966,160851,161333
15967,160859,161334
15968,160868,161335
15969,160878,161337
15970,160888,161339
15971,160898,161341
15972,160908,161347
15973,160920,161349
15974,160927,161350
15975,160936,161355
15976,160948,161358
15977,160960,161360
15978,160969,161366
15979,160980,161368
15980,160988,161370
15981,160997,161371
15982,161010,161379
15983,161018,161381
15984,161032,161387
15985,161039,161392
15986,161050,161400
15987,161061,161402
15988,161070,161412
15989,161078,161414
15990,161091,161416
15991,161098,161421
15992,161110,161423
15993,161121,161425
15994,161130,161426
15995,161141,161427
15996,161154,161429
15997,161159,161429
15998,161171,161432
15999,161180,161433
16000,161190,161434
16001,161203,161436
16002,161211,161438
16003,161221,161442
16004,161232,161452
16005,161241,161459
16006,161253,161463
16007,161260,161465
16008,161271,161470
16009,161283,161471
16010,161288,161481
16011,161299,161486
16012,161311,161488
16013,161324,161490
16014,161329,161492
16015,161342,161493
16016,161351,161494
16017,161361,161496
16018,161369,161497
16019,161382,161498
16020,161393,161502
16021,161401,161505
16022,161412,161506
16023,161423,161508
16024,161434,161516
16025,161441,161518
16026,161452,161522
16027,161462,161524
16028,161472,161537
16029,161482,161544
16030,161492,161546
16031,161504,161554
16032,161512,161561
16033,161520,161576
16034,161533,161578
16035,161542,161580
16036,161554,161582
16037,161565,161590
16038,161573,161592
16039,161584,161593
16040,161591,161597
16041,161602,161599
16042,161614,161607
16043,161625,161612
16044,161632,161614
16045,161643,161617
16046,161653,161624
16047,161664,161628
16048,161674,161635
16049,161684,161637
16050,161694,161642
16051,161702,161653
16052,161714,161666
16053,161725,161673
16054,161732,161682
16055,161743,161691
16056,161754,161703
16057,161764,161718
16058,161775,161728
16059,161784,161739
16060,161795,161746
16061,161804,161756
16062,161815,161764
16063,161825,161777
16064,161835,161787
16065,161846,161804
16066,161858,161807
16067,161864,161817
16068,161876,161833
16069,161887,161836
16070,161894,161845
16071,161905,161856
16072,161917,161866
16073,161927,161878
16074,161934,161885
16075,161946,161906
16076,161957,161908
16077,161965,161917
16078,161975,161928
16079,161987,161946
16080,161997,161951
16081,162007,161962
16082,162018,161966
16083,162026,161973
16084,162037,161987
16085,162048,161998
16086,162057,162005
16087,162068,162027
16088,162077,162029
16089,162085,162033
16090,162098,162046
16091,162106,162056
16092,162117,162066
16093,162128,162079
16094,162137,162089
16095,162148,162098
16096,162158,162107
16097,162168,162117
16098,162180,162130
16099,162189,162144
16100,162198,162149
16101,162207,162159
16102,162217,162177
16103,162229,162179
16104,162240,162188
16105,162249,162197
16106,162256,162213
16107,162268,162219
16108,162277,162230
16109,162288,162250
16110,162299,162254
16111,162306,162259
16112,162320,162268
16113,162330,162278
16114,162338,162286
16115,162348,162299
16116,162359,162308
16117,162367,162320
16118,162379,162338
16119,162390,162340
16120,162402,162350
16121,162409,162371
16122,162420,162375
16123,162429,162378
16124,162440,162394
16125,162450,162399
16126,162461,162411
16127,162470,162429
16128,162480,162433
16129,162490,162442
16130,162501,162456
16131,162512,162462
16132,162519,162472
16133,162531,162486
16134,162542,162491
16135,162549,162497
16136,162562,162511
16137,162569,162517
16138,162580,162529
16139,162593,162542
16140,162601,162550
16141,162611,162562
16142,162622,162571
16143,162633,162584
16144,162640,162589
16145,162651,162599
16146,162663,162611
16147,162672,162624
16148,162681,162630
16149,162691,162642
16150,162703,162651
16151,162711,162664
16152,162722,162677
16153,162731,162681
16154,162741,162699
16155,162753,162702
16156,162760,162707
16157,162770,162720
16158,162784,162731
16159,162790,162736
16160,162801,162757
16161,162812,162765
16162,162823,162770
16163,162832,162782
16164,162841,162791
16165,162851,162800
16166,162863,162811
16167,162874,162828
16168,162882,162831
16169,162893,162853
16170,162904,162863
16171,162913,162876
16172,162921,162884
16173,162933,162889
16174,162944,162898
16175,162954,162906
16176,162965,162917
16177,162973,162922
16178,162983,162931
16179,162995,162949
16180,163004,162954
16181,163014,162966
16182,163025,162976
16183,163034,162983
16184,163044,163001
16185,163055,163008
16186,163062,163017
16187,163072,163023
16188,163083,163046
16189,163093,163053
16190,163104,163058
16191,163115,163067
16192,163125,163072
16193,163133,163085
16194,163145,163097
16195,163155,163107
16196,163164,163122
16197,163176,163131
16198,163187,163137
16199,163195,163147
16200,163204,163155
16201,163215,163165
16202,163227,163176
16203,163237,163191
16204,163247,163198
16205,163256,163206
16206,163266,163216
16207,163277,163224
16208,163286,163244
16209,163297,163246
16210,163306,163257
16211,163316,163264
16212,163325,163280
16213,163337,163286
16214,163348,163298
16215,163356,163306
16216,163368,163319
16217,163376,163327
16218,163388,163336
16219,163398,163345
16220,163407,163355
16221,163416,163364
16222,163428,163381
16223,163437,163391
16224,163447,163396
16225,163457,163404
16226,163468,163418
16227,163478,163427
16228,163487,163440
16229,163498,163451
16230,163507,163455
16231,163517,163467
16232,163525,163475
16233,163539,163493
16234,163547,163503
16235,163557,163505
16236,163568,163516
16237,163579,163526
16238,163588,163540
16239,163600,163548
16240,163609,163559
16241,163617,163571
16242,163629,163575
16243,163640,163589
16244,163650,163601
16245,163657,163606
16246,163669,163624
16247,163678,163629
16248,163690,163651
16249,163700,163656
16250,163708,163662
16251,163717,163667
16252,163730,163677
16253,163740,163691
16254,163749,163699
16255,163760,163707
16256,163771,163717
16257,163780,163727
16258,163790,163742
16259,163800,163753
16260,163810,163763
16261,163820,163776
16262,163830,163778
16263,163839,163786
16264,163849,163796
16265,163860,163814
16266,163869,163821
16267,163879,163829
16268,163891,163844
16269,163900,163846
16270,163908,163857
16271,163920,163869
16272,163929,163877
16273,163941,163888
16274,163951,163901
16275,163962,163912
16276,163972,163926
16277,163983,163934
16278,163990,163939
16279,164001,163951
16280,164013,163967
16281,164022,163972
16282,164032,163978
16283,164039,163992
16284,164054,164000
16285,164063,164014
16286,164071,164021
16287,164081,164030
16288,164091,164045
16289,164101,164058
16290,164111,164066
16291,164120,164072
16292,164133,164089
16293,164142,164093
16294,164152,164100
16295,164163,164115
16296,164172,164124
16297,164184,164131
16298,164192,164141
16299,164204,164155
16300,164213,164161
16301,164224,164178
16302,164235,164187
16303,164245,164192
16304,164253,164207
16305,164263,164214
16306,164276,164227
16307,164284,164234
16308,164294,164247
16309,164302,164250
16310,164316,164264
16311,164323,164272
16312,164334,164285
16313,164345,164301
16314,164354,164303
16315,164364,164318
16316,164374,164328
16317,164385,164333
16318,164396,164346
16319,164404,164362
16320,164412,164364
16321,164422,164370
16322,164433,164384
16323,164444,164392
16324,164455,164407
16325,164466,164417
16326,164473,164430
16327,164485,164433
16328,164494,164451
16329,164505,164457
16330,164515,164465
16331,164525,164475
16332,164538,164487
16333,164547,164503
16334,164555,164504
16335,164564,164513
16336,164574,164529
16337,164584,164533
16338,164597,164544
16339,164607,164556
16340,164616,164569
16341,164625,164579
16342,164635,164587
16343,164647,164597
16344,164657,164612
16345,164667,164624
16346,164677,164634
16347,164685,164638
16348,164696,164651
16349,164707,164660
16350,164714,164663
16351,164726,164676
16352,164739,164686
16353,164746,164693
16354,164756,164707
16355,164767,164716
16356,164779,164729
16357,164787,164736
16358,164798,164748
16359,164808,164759
16360,164817,164767
16361,164827,164781
16362,164836,164792
16363,164849,164808
16364,164858,164820
16365,164865,164822
16366,164876,164837
16367,164886,164839
16368,164900,164854
16369,164908,164857
16370,164917,164864
16371,164929,164878
16372,164939,164890
16373,164949,164899
16374,164961,164911
16375,164968,164919
16376,164978,164928
16377,164988,164938
16378,164999,164950
16379,165008,164957
16380,165017,164965
16381,165030,164983
16382,165038,164988
16383,165050,165004
16384,165059,165011
16385,165067,165014
16386,165081,165033
16387,165089,165047
16388,165098,165050
16389,165109,165063
16390,165121,165075
16391,165131,165086
16392,165140,165092
16393,165150,165105
16394,165162,165117
16395,165170,165118
16396,165179,165129
16397,165188,165136
16398,165199,165145
16399,165210,165158
16400,165220,165174
16401,165231,165182
16402,165239,165198
16403,165252,165206
16404,165260,165212
16405,165269,165219
16406,165278,165235
16407,165290,165243
16408,165300,165251
16409,165312,165265
16410,165321,169120
16411,165332,169121
16412,165342,169123
16413,165354,169125
16414,165362,169127
16415,165373,169128
16416,165383,169132
16417,165393,169137
16418,165403,169141
16419,165413,169150
16420,165425,169152
16421,165433,169156
16422,165444,169161
16423,165452,169164
16424,165464,169172
16425,165473,169173
16426,165483,169175
16427,165491,169176
16428,165503,169178
16429,165514,169179
16430,165524,169181
16431,165534,169185
16432,165544,169187
16433,165554,169192
16434,165562,169194
16435,165574,169196
16436,165585,169199
16437,165594,169205
16438,165604,169212
16439,165613,169218
16440,165623,169220
16441,165633,169221
16442,165646,169223
16443,165656,169230
16444,165666,169232
16445,165675,169234
16446,165686,169236
16447,165694,169238
16448,165704,169240
16449,165715,169244
16450,165726,169246
16451,165735,169251
16452,165744,169253
16453,165755,169264
16454,165765,169270
16455,165773,169275
16456,165784,169280
16457,165794,169283
16458,165805,169289
16459,165815,169303
16460,165825,169309
16461,165837,169311
16462,165845,169313
16463,165856,169315
16464,165867,169318
16465,165875,169320
16466,165887,169325
16467,165896,169327
16468,165908,169329
16469,165916,169331
16470,165926,169333
16471,165937,169339
16472,165946,169353
16473,165958,169354
16474,165967,169362
16475,165978,169373
16476,165988,169381
16477,165997,169389
16478,166006,169391
16479,166017,169393
16480,166026,169395
16481,166037,169402
16482,166049,169404
16483,166056,169413
16484,166067,169415
16485,166078,169418
16486,166088,169421
16487,166097,169424
16488,166107,169433
16489,166118,169434
16490,166129,169439
16491,166138,169444
16492,166150,169446
16493,166159,169448
16494,166169,169450
16495,166180,169452
16496,166188,169454
16497,166199,169456
16498,166208,169458
16499,166218,169463
16500,166229,169466
16501,166238,169468
16502,166250,169475
16503,166259,169480
16504,166268,169481
16505,166279,169483
16506,166288,169488
16507,166299,169493
16508,166309,169504
16509,166320,169510
16510,166330,169512
16511,166341,169514
16512,166349,169520
16513,166360,169523
16514,166370,169525
16515,166381,169540
16516,166390,169542
16517,166401,169543
16518,166410,169548
16519,166422,169551
16520,166429,169556
16521,166441,169557
16522,166450,169559
16523,166459,169562
16524,166471,169564
16525,166480,169565
16526,166492,169565
16527,166503,169568
16528,166510,169569
16529,166521,169571
16530,166531,169574
16531,166541,169580
16532,166550,169581
16533,166562,169584
16534,166571,169585
16535,166582,169587
16536,166590,169588
16537,166601,169589
16538,166612,169594
16539,166624,169598
16540,166631,169600
16541,166642,169601
16542,166653,169602
16543,166662,169603
16544,166672,169606
16545,166681,169610
16546,166690,169617
16547,166702,169619
16548,166713,169627
16549,166722,169634
16550,166732,169640
16551,166742,169643
16552,166753,169645
16553,166762,169646
16554,166773,169648
16555,166781,169649
16556,166792,169650
16557,166804,169663
16558,166814,169666
16559,166824,169671
16560,166834,169673
16561,166844,169674
16562,166853,169678
16563,166863,169685
16564,166873,169686
16565,166882,169691
16566,166894,169692
16567,166904,169695
16568,166915,169701
16569,166926,169710
16570,166933,169714
16571,166944,169718
16572,166956,169722
16573,166965,169724
16574,166974,169725
16575,166985,169735
16576,166994,169743
16577,167003,169745
16578,167013,169746
16579,167025,169754
16580,167034,169755
16581,167044,169757
16582,167054,169763
16583,167064,169775
16584,167075,169777
16585,167085,169778
16586,167093,169782
16587,167106,169783
16588,167112,169785
16589,167126,169794
16590,167137,169807
16591,167147,169808
16592,167155,169810
16593,167165,169812
16594,167177,169813
16595,167186,169815
16596,167194,169817
16597,167205,169824
16598,167216,169828
16599,167226,169833
16600,167237,169835
16601,167246,169849
16602,167256,169851
16603,167267,169853
16604,167276,169855
16605,167287,169858
16606,167298,169860
16607,167307,169865
16608,167318,169870
16609,167328,169879
16610,167336,169884
16611,167349,169904
16612,167357,169906
16613,167367,169911
16614,167378,169913
16615,167387,169916
16616,167398,169924
16617,167409,169927
16618,167419,169941
16619,167428,169943
16620,167437,169950
16621,167447,169952
16622,167458,169955
16623,167467,169956
16624,167477,169957
16625,167488,169960
16626,167497,169962
16627,167510,169964
16628,167519,169965
16629,167528,169966
16630,167542,169968
16631,167548,169974
16632,167560,169980
16633,167570,169982
16634,167579,169987
16635,167588,169991
16636,167600,169995
16637,167609,169997
16638,167618,169999
16639,167630,170000
16640,167639,170001
16641,167650,170003
16642,167661,170005
16643,167670,170009
16644,167679,170011
16645,167691,170013
16646,167699,170018
16647,167711,170023
16648,167720,170026
16649,167729,170031
16650,167737,170034
16651,167751,170035
16652,167761,170037
16653,167770,170039
16654,167781,170040
16655,167790,170042
16656,167802,170045
16657,167812,170048
16658,167821,170054
16659,167830,170058
16660,167841,170060
16661,167848,170060
16662,167860,170065
16663,167872,170067
16664,167880,170069
16665,167891,170073
16666,167903,170075
16667,167911,170079
16668,167921,170085
16669,167931,170094
16670,167942,170096
16671,167950,170101
16672,167962,170105
16673,167971,170112
16674,167982,170117
16675,167993,170122
16676,168003,170123
16677,168012,170135
16678,168023,170136
16679,168033,170138
16680,168040,170141
16681,168053,170142
16682,168063,170144
16683,168072,170148
16684,168084,170149
16685,168094,170154
16686,168103,170155
16687,168112,170161
16688,168122,170163
16689,168133,170166
16690,168143,170167
16691,168152,170175
16692,168163,170177
16693,168173,170180
16694,168184,170189
16695,168192,170192
16696,168204,170196
16697,168215,170211
16698,168224,170223
16699,168235,170227
16700,168245,170231
16701,168254,170233
16702,168266,170238
16703,168275,170241
16704,168282,170249
16705,168295,170253
16706,168306,170258
16707,168315,170260
16708,168325,170262
16709,168335,170272
16710,168344,170275
16711,168355,170276
16712,168366,170278
16713,168375,170293
16714,168382,170298
16715,168395,170300
16716,168406,170305
16717,168415,170318
16718,168427,170320
16719,168435,170324
16720,168445,170329
16721,168455,170330
16722,168466,170332
16723,168477,170333
16724,168485,170340
16725,168497,170342
16726,168505,170349
16727,168517,170355
16728,168526,170356
16729,168536,170358
16730,168546,170359
16731,168556,170361
16732,168566,170363
16733,168574,170364
16734,168586,170366
16735,168597,170368
16736,168606,170369
16737,168617,170370
16738,168626,170372
16739,168637,170374
16740,168647,170375
16741,168656,170378
16742,168667,170380
16743,168677,170382
16744,168685,170384
16745,168697,170386
16746,168707,170391
16747,168718,170393
16748,168728,170395
16749,168737,170399
16750,168749,170401
16751,168757,170407
16752,168768,170412
16753,168777,170417
16754,168789,170424
16755,168798,170426
16756,168809,170428
16757,168819,170430
16758,168827,170432
16759,168837,170440
16760,168848,170446
16761,168858,170449
16762,168869,170457
16763,168879,170464
16764,168888,170465
16765,168899,170479
16766,168910,170480
16767,168919,170481
16768,168931,170486
16769,168941,170489
16770,168950,170491
16771,168958,170493
16772,168971,170500
16773,168980,170502
16774,168989,170503
16775,169000,170504
16776,169009,170507
16777,169020,170508
16778,169029,170517
16779,169040,170519
16780,169050,170525
16781,169059,170527
16782,169070,170530
16783,169079,170532
16784,169092,170540
16785,169100,170542
16786,169109,170543
16787,169119,170545
16788,169131,170550
16789,169142,170559
16790,169149,170564
16791,169160,170565
16792,169171,170567
16793,169182,170569
16794,169190,170573
16795,169201,170591
16796,169210,170597
16797,169222,170604
16798,169231,170608
16799,169240,170615
16800,169252,170623
16801,169261,170633
16802,169272,170635
16803,169281,170639
16804,169291,170641
16805,169301,170643
16806,169309,170645
16807,169320,170646
16808,169335,170648
16809,169342,170651
16810,169351,170653
16811,169363,170655
16812,169369,170658
16813,169380,170661
16814,169391,170662
16815,169404,170669
16816,169412,170670
16817,169422,170674
16818,169432,170679
16819,169442,170681
16820,169451,170684
16821,169462,170691
16822,169472,170693
16823,169483,170697
16824,169493,170702
16825,169501,170704
16826,169512,170706
16827,169523,170709
16828,169531,170716
16829,169542,170717
16830,169553,170721
16831,169562,170732
16832,169573,170734
16833,169584,170740
16834,169593,170742
16835,169606,170748
16836,169614,170753
16837,169624,170755
16838,169634,170756
16839,169645,170757
16840,169654,170759
16841,169661,170760
16842,169675,170762
16843,169683,170764
16844,169691,170769
16845,169705,170770
16846,169715,170775
16847,169723,170777
16848,169734,170781
16849,169744,170782
16850,169754,170794
16851,169765,170799
16852,169773,170808
16853,169786,170813
16854,169796,170814
16855,169804,170823
16856,169812,170828
16857,169827,170829
16858,169833,170831
16859,169846,170835
16860,169857,170836
16861,169866,170838
16862,169876,170840
16863,169885,170842
16864,169896,170845
16865,169906,170852
16866,169915,170857
16867,169924,170862
16868,169935,170865
16869,169944,170867
16870,169960,170870
16871,169966,170871
16872,169976,170873
16873,169985,170880
16874,169995,170881
16875,170007,170886
16876,170014,170892
16877,170026,170896
16878,170037,170908
16879,170047,170922
16880,170059,170929
16881,170064,170931
16882,170077,170933
16883,170086,170939
16884,170097,170943
16885,170107,170950
16886,170114,170951
16887,170128,170953
16888,170138,170954
16889,170147,170960
16890,170157,170964
16891,170168,170969
16892,170178,170970
16893,170187,170972
16894,170198,170973
16895,170208,170978
16896,170218,170980
16897,170227,170981
16898,170236,170982
16899,170247,170986
16900,170258,170988
16901,170269,170990
16902,170279,170992
16903,170288,170993
16904,170298,170996
16905,170309,171004
16906,170320,171009
16907,170330,171021
16908,170340,171027
16909,170350,171028
16910,170359,171031
16911,170370,171039
16912,170378,171044
16913,170389,171046
16914,170401,171052
16915,170411,171055
16916,170419,171057
16917,170428,171059
16918,170439,171067
16919,170446,171068
16920,170458,171070
16921,170469,171074
16922,170480,171078
16923,170491,171086
16924,170501,171088
16925,170510,171093
16926,170518,171094
16927,170532,171098
16928,170540,171100
16929,170551,171104
16930,170562,171109
16931,170570,171119
16932,170580,171131
16933,170591,171133
16934,170598,171134
16935,170610,171139
16936,170622,171146
16937,170632,171153
16938,170642,171155
16939,170650,171164
16940,170660,171180
16941,170672,171192
16942,170680,171198
16943,170692,171200
16944,170702,171201
16945,170710,171203
16946,170721,171210
16947,170733,171211
16948,170742,171213
16949,170753,171218
16950,170761,171220
16951,170771,171225
16952,170782,171229
16953,170791,171230
16954,170803,171236
16955,170814,171240
16956,170821,171245
16957,170830,171247
16958,170841,171249
16959,170851,171254
16960,170861,171255
16961,170873,171257
16962,170883,171260
16963,170893,171261
16964,170901,171266
16965,170914,171275
16966,170921,171276
16967,170935,171283
16968,170942,171285
16969,170954,171289
16970,170963,171297
16971,170974,171305
16972,170985,171307
16973,170995,171309
16974,171003,171311
16975,171014,171313
16976,171024,171316
16977,171035,171324
16978,171042,171334
16979,171055,171340
16980,171065,171345
16981,171075,171355
16982,171083,171360
16983,171095,171363
16984,171103,171367
16985,171116,171369
16986,171125,171377
16987,171135,171378
16988,171145,171387
16989,171153,171391
16990,171165,171400
16991,171175,171406
16992,171185,171409
16993,171195,171413
16994,171204,171430
16995,171215,171433
16996,171227,171438
16997,171236,171440
16998,171246,171441
16999,171256,171443
17000,171265,171453
17001,171273,171457
17002,171288,171459
17003,171296,171463
17004,171304,171467
17005,171316,171473
17006,171326,171475
17007,171336,171489
17008,171346,171491
17009,171355,171496
17010,171368,171500
17011,171377,171507
17012,171386,171508
17013,171397,171517
17014,171409,171522
17015,171415,171523
17016,171427,171532
17017,171436,171533
17018,171447,171537
17019,171458,171545
17020,171467,171547
17021,171479,171548
17022,171487,171550
17023,171495,171551
17024,171508,171554
17025,171518,171560
17026,171528,171566
17027,171539,171568
17028,171548,171569
17029,171558,171573
17030,171569,171575
17031,171578,171576
17032,171588,171578
17033,171597,171579
17034,171608,171581
17035,171617,171583
17036,171627,171584
17037,171636,171586
17038,171646,171596
17039,171659,171613
17040,171669,171619
17041,171680,171630
17042,171688,171644
17043,171699,171646
17044,171710,171660
17045,171719,171673
17046,171729,171678
17047,171736,171682
17048,171750,171702
17049,171761,171721
17050,171769,171724
17051,171781,171730
17052,171792,171743
17053,171801,171754
17054,171810,171758
17055,171819,171769
17056,171829,171776
17057,171840,171788
17058,171848,171796
17059,171860,171808
17060,171870,171819
17061,171879,171829
17062,171892,171839
17063,171902,171854
17064,171910,171858
17065,171919,171866
17066,171931,171884
17067,171940,171888
17068,171951,171904
17069,171960,171908
17070,171972,171924
17071,171980,171931
17072,171990,171937
17073,172001,171951
17074,172012,171963
17075,172021,171973
17076,172030,171982
17077,172039,171986
17078,172053,172003
17079,172062,172009
17080,172073,172021
17081,172083,172032
17082,172093,172043
17083,172099,172050
17084,172111,172059
17085,172123,172072
17086,172132,172084
17087,172141,172092
17088,172150,172104
17089,172162,172110
17090,172173,172120
17091,172180,172129
17092,172192,172142
17093,172201,172149
17094,172212,172161
17095,172222,172182
17096,172232,172186
17097,172243,172191
17098,172252,172200
17099,172264,172217
17100,172271,172224
17101,172282,172235
17102,172292,172242
17103,172304,172254
17104,172313,172265
17105,172322,172273
17106,172333,172291
17107,172344,172302
17108,172353,172304
17109,172363,172316
17110,172375,172322
17111,172384,172334
17112,172395,172345
17113,172403,172351
17114,172413,172365
17115,172426,172375
17116,172434,172383
17117,172443,172390
17118,172454,172405
17119,172466,172413
17120,172474,172429
17121,172485,172434
17122,172495,172448
17123,172506,172460
17124,172516,172464
17125,172526,172483
17126,172537,172488
17127,172545,172500
17128,172556,172509
17129,172566,172517
17130,172576,172525
17131,172586,172536
17132,172597,172547
17133,172606,172558
17134,172616,172564
17135,172627,172573
17136,172635,172589
17137,172646,172603
17138,172655,172613
17139,172666,172618
17140,172675,172621
17141,172685,172638
17142,172697,172647
17143,172706,172655
17144,172717,172664
17145,172728,172679
17146,172736,172687
17147,172745,172702
17148,172758,172710
17149,172766,172712
17150,172775,172731
17151,172788,172737
17152,172797,172746
17153,172807,172758
17154,172816,172767
17155,172826,172777
17156,172835,172784
17157,172847,172799
17158,172856,172806
17159,172866,172813
17160,172877,172827
17161,172888,172840
17162,172897,172851
17163,172908,172855
17164,172919,172871
17165,172928,172878
17166,172935,172891
17167,172948,172897
17168,172959,172909
17169,172969,172928
17170,172980,172938
17171,172990,172943
17172,173000,172956
17173,173010,172961
17174,173018,172970
17175,173029,172979
17176,173037,173003
17177,173049,173004
17178,173057,173008
17179,173070,173021
17180,173078,173028
17181,173090,173039
17182,173097,173048
17183,173108,173060
17184,173118,173066
17185,173129,173079
17186,173140,173089
17187,173151,173100
17188,173159,173106
17189,173170,173122
17190,173180,173132
17191,173192,173140
17192,173197,173150
17193,173211,173165
17194,173220,173169
17195,173231,173183
17196,173239,173189
17197,173249,173196
17198,173258,173209
17199,173269,173218
17200,173278,173227
17201,173291,173242
17202,173300,173247
17203,173312,173264
17204,173320,173273
17205,173330,173280
17206,173339,173291
17207,173351,173298
17208,173362,173312
17209,173373,173321
17210,173382,173332
17211,173392,173346
17212,173403,173350
17213,173410,173357
17214,173422,173370
17215,173430,173378
17216,173442,173394
17217,173449,173406
17218,173461,173420
17219,173473,173422
17220,173479,173428
17221,173493,173443
17222,173502,173447
17223,173512,173463
17224,173521,173472
17225,173531,173484
17226,173542,173490
17227,173553,173502
17228,173561,173513
17229,173573,173524
17230,173584,173545
17231,173594,173549
17232,173605,173557
17233,173612,173564
17234,173623,173571
17235,173634,173584
17236,173642,173594
17237,173653,173603
17238,173664,173612
17239,173671,173623
17240,173684,173631
17241,173694,173643
17242,173703,173662
17243,173715,173666
17244,173723,173674
17245,173736,173683
17246,173746,173696
17247,173754,173701
17248,173764,173710
17249,173773,173723
17250,173785,173738
17251,173794,173751
17252,173802,173752
17253,173814,173761
17254,173824,173772
17255,173835,173789
17256,173845,173791
17257,173857,173811
17258,173865,173820
17259,173875,173826
17260,173884,173837
17261,173896,173848
17262,173905,173856
17263,173913,173869
17264,173926,173875
17265,173938,173889
17266,173943,173893
17267,173956,173908
17268,173965,173914
17269,173976,173931
17270,173986,173937
17271,173996,173948
17272,174005,173961
17273,174016,173966
17274,174024,173971
17275,174034,173982
17276,174048,173996
17277,174056,174008
17278,174067,174015
17279,174076,174030
17280,174087,174041
17281,174096,174045
17282,174109,174057
17283,174115,174065
17284,174127,174084
17285,174136,174091
17286,174148,174099
17287,174155,174102
17288,174168,174122
17289,174174,174129
17290,174186,174133
17291,174198,174146
17292,174208,174165
17293,174217,174175
17294,174228,174177
17295,174239,174191
17296,174247,174197
17297,174259,174207
17298,174266,174213
17299,174278,174226
17300,174291,174237
17301,174295,174245
17302,174307,174257
17303,174319,174269
17304,174328,174275
17305,174339,174291
17306,174350,174300
17307,174359,174307
17308,174369,174321
17309,174378,174338
17310,174389,174346
17311,174399,174347
17312,174409,174359
17313,174419,174377
17314,174429,174382
17315,174438,174392
17316,174450,174400
17317,174457,174403
17318,174470,174419
17319,174481,174429
17320,174488,174436
17321,174499,174453
17322,174508,174460
17323,174518,174472
17324,174529,174480
17325,174540,174491
17326,174548,174497
17327,174560,174508
17328,174572,174525
17329,174580,174534
17330,174591,174543
17331,174599,174553
17332,174611,174563
17333,174621,174574
17334,174631,174580
17335,174642,174594
17336,174649,174598
17337,174661,174611
17338,174671,174622
17339,174679,174627
17340,174692,174640
17341,174700,174648
17342,174711,174666
17343,174721,174672
17344,174729,174678
17345,174740,174693
17346,174752,174705
17347,174762,174710
17348,174771,174718
17349,174781,174731
17350,174794,174741
17351,174803,174757
17352,174813,174763
17353,174822,174768
17354,174831,174790
17355,174839,174794
17356,174851,174797
17357,174861,174808
17358,174873,174821
17359,174879,174826
17360,174893,174841
17361,174900,174852
17362,174913,174864
17363,174922,174877
17364,174933,174884
17365,174942,174891
17366,174954,174904
17367,174964,174921
17368,174973,174926
17369,174983,174929
17370,174992,174939
17371,175004,174955
17372,175013,174966
17373,175023,174975
17374,175032,174980
17375,175043,174991
17376,175054,175005
17377,175063,175014
17378,175073,175023
17379,175084,175037
17380,175092,175040
17381,175103,175051
17382,175113,175063
17383,175126,175077
17384,175135,175086
17385,175144,175092
17386,175156,175104
17387,175163,175113
17388,175174,175126
17389,175185,175134
17390,175193,175143
17391,175204,175162
17392,175214,175164
17393,175225,175175
17394,175236,175189
17395,175243,175190
17396,175254,175203
17397,175265,175211
17398,175277,175230
17399,175285,175235
17400,175297,175249
17401,175306,175256
17402,175317,175268
17403,175326,175275
17404,175336,175291
17405,175347,175304
17406,175353,175306
17407,175367,175314
17408,175377,175330
17409,175385,175334
17410,175398,178954
17411,175407,178963
17412,175416,178968
17413,175426,178983
17414,175437,178987
17415,175448,178989
17416,175457,178991
17417,175467,178994
17418,175478,179002
17419,175487,179003
17420,175497,179005
17421,175506,179006
17422,175518,179010
17423,175526,179012
17424,175538,179014
17425,175549,179017
17426,175559,179025
17427,175567,179027
17428,175579,179029
17429,175588,179033
17430,175597,179034
17431,175609,179036
17432,175619,179041
17433,175630,179047
17434,175638,179051
17435,175649,179059
17436,175657,179061
17437,175670,179074
17438,175679,179076
17439,175689,179080
17440,175700,179089
17441,175710,179091
17442,175719,179101
17443,175728,179102
17444,175740,179107
17445,175749,179109
17446,175758,179111
17447,175769,179118
17448,175781,179123
17449,175791,179127
17450,175801,179132
17451,175810,179134
17452,175820,179136
17453,175831,179142
17454,175840,179145
17455,175851,179146
17456,175860,179155
17457,175870,179165
17458,175879,179166
17459,175888,179170
17460,175897,179172
17461,175911,179181
17462,175918,179185
17463,175930,179195
17464,175939,179198
17465,175951,179200
17466,175961,179208
17467,175971,179210
17468,175982,179215
17469,175992,179228
17470,176000,179230
17471,176011,179236
17472,176022,179237
17473,176032,179242
17474,176041,179251
17475,176053,179253
17476,176063,179256
17477,176072,179259
17478,176084,179261
17479,176091,179262
17480,176102,179263
17481,176112,179266
17482,176122,179268
17483,176131,179275
17484,176143,179281
17485,176152,179283
17486,176164,179284
17487,176174,179286
17488,176183,179287
17489,176193,179289
17490,176202,179297
17491,176213,179299
17492,176223,179301
17493,176232,179303
17494,176244,179304
17495,176254,179308
17496,176262,179310
17497,176273,179311
17498,176283,179312
17499,176294,179316
17500,176304,179318
17501,176314,179319
17502,176323,179321
17503,176333,179325
17504,176343,179327
17505,176354,179328
17506,176363,179331
17507,176374,179340
17508,176383,179344
17509,176395,179349
17510,176404,179354
17511,176414,179364
17512,176424,179365
17513,176436,179368
17514,176446,179376
17515,176456,179379
17516,176466,179380
17517,176475,179382
17518,176485,179383
17519,176495,179386
17520,176505,179388
17521,176516,179396
17522,176525,179398
17523,176535,179403
17524,176544,179414
17525,176556,179421
17526,176564,179423
17527,176576,179425
17528,176587,179427
17529,176597,179428
17530,176606,179430
17531,176616,179431
17532,176625,179432
17533,176634,179434
17534,176648,179435
17535,176656,179437
17536,176666,179438
17537,176676,179441
17538,176687,179443
17539,176696,179444
17540,176708,179446
17541,176716,179453
17542,176727,179456
17543,176738,179463
17544,176748,179466
17545,176758,179467
17546,176767,179471
17547,176779,179472
17548,176788,179473
17549,176796,179475
17550,176807,179480
17551,176816,179501
17552,176825,179505
17553,176838,179507
17554,176848,179516
17555,176857,179519
17556,176869,179524
17557,176878,179526
17558,176888,179527
17559,176898,179528
17560,176908,179534
17561,176918,179536
17562,176930,179537
17563,176937,179539
17564,176950,179540
17565,176959,179546
17566,176969,179548
17567,176979,179555
17568,176990,179558
17569,176997,179560
17570,177007,179563
17571,177019,179573
17572,177027,179583
17573,177037,179585
17574,177050,179587
17575,177059,179589
17576,177068,179591
17577,177079,179592
17578,177089,179593
17579,177099,179598
17580,177111,179600
17581,177120,179602
17582,177130,179607
17583,177139,179619
17584,177150,179623
17585,177160,179628
17586,177171,179630
17587,177181,179634
17588,177190,179638
17589,177200,179643
17590,177214,179649
17591,177220,179651
17592,177230,179661
17593,177240,179663
17594,177251,179668
17595,177258,179682
17596,177270,179693
17597,177282,179694
17598,177290,179697
17599,177301,179699
17600,177312,179701
17601,177321,179714
17602,177332,179724
17603,177342,179729
17604,177352,179731
17605,177360,179733
17606,177372,179740
17607,177383,179744
17608,177391,179746
17609,177402,179747
17610,177411,179749
17611,177423,179760
17612,177429,179764
17613,177442,179766
17614,177452,179776
17615,177461,179778
17616,177471,179779
17617,177482,179787
17618,177492,179794
17619,177502,179803
17620,177514,179814
17621,177522,179816
17622,177534,179823
17623,177543,179827
17624,177553,179832
17625,177563,179833
17626,177573,179836
17627,177585,179837
17628,177592,179838
17629,177603,179844
17630,177612,179847
17631,177623,179856
17632,177633,179857
17633,177642,179866
17634,177654,179868
17635,177665,179869
17636,177674,179879
17637,177684,179884
17638,177694,179891
17639,177704,179895
17640,177713,179896
17641,177725,179900
17642,177733,179902
17643,177742,179904
17644,177754,179906
17645,177765,179918
17646,177773,179922
17647,177786,179924
17648,177795,179925
17649,177804,179930
17650,177815,179932
17651,177826,179937
17652,177835,179940
17653,177844,179942
17654,177856,179948
17655,177864,179955
17656,177876,179967
17657,177886,179973
17658,177893,179978
17659,177907,179980
17660,177916,179985
17661,177925,179989
17662,177940,179990
17663,177945,179993
17664,177955,179995
17665,177964,179997
17666,177977,180002
17667,177988,180004
17668,177994,180007
17669,178005,180011
17670,178018,180017
17671,178026,180024
17672,178036,180026
17673,178046,180028
17674,178057,180031
17675,178066,180036
17676,178077,180039
17677,178088,180040
17678,178098,180041
17679,178105,180045
17680,178119,180046
17681,178127,180052
17682,178135,180063
17683,178146,180065
17684,178156,180066
17685,178166,180071
17686,178178,180076
17687,178188,180083
17688,178198,180089
17689,178209,180091
17690,178217,180098
17691,178227,180099
17692,178237,180101
17693,178248,180102
17694,178259,180103
17695,178268,180104
17696,178278,180106
17697,178288,180109
17698,178299,180113
17699,178309,180115
17700,178317,180127
17701,178328,180128
17702,178338,180130
17703,178348,180131
17704,178358,180136
17705,178369,180138
17706,178377,180140
17707,178390,180150
17708,178400,180156
17709,178408,180161
17710,178421,180170
17711,178429,180172
17712,178439,180174
17713,178449,180177
17714,178459,180180
17715,178470,180185
17716,178478,180188
17717,178492,180197
17718,178500,180199
17719,178508,180200
17720,178521,180202
17721,178530,180211
17722,178540,180218
17723,178552,180219
17724,178560,180221
17725,178570,180227
17726,178582,180229
17727,178591,180230
17728,178602,180232
17729,178610,180237
17730,178621,180255
17731,178630,180258
17732,178640,180259
17733,178652,180268
17734,178662,180271
17735,178672,180280
17736,178680,180283
17737,178691,180285
17738,178700,180287
17739,178711,180288
17740,178721,180289
17741,178731,180291
17742,178741,180294
17743,178751,180299
17744,178760,180301
17745,178773,180308
17746,178782,180315
17747,178791,180317
17748,178802,180318
17749,178813,180322
17750,178822,180324
17751,178832,180328
17752,178842,180332
17753,178852,180341
17754,178861,180343
17755,178871,180348
17756,178881,180352
17757,178894,180356
17758,178902,180357
17759,178914,180359
17760,178922,180360
17761,178933,180362
17762,178942,180363
17763,178953,180368
17764,178962,180373
17765,178972,180374
17766,178983,180382
17767,178992,180384
17768,179003,180385
17769,179014,180392
17770,179023,180395
17771,179035,180398
17772,179044,180407
17773,179053,180422
17774,179062,180427
17775,179073,180434
17776,179082,180435
17777,179093,180440
17778,179103,180441
17779,179112,180443
17780,179126,180448
17781,179134,180450
17782,179144,180452
17783,179156,180454
17784,179164,180458
17785,179174,180463
17786,179183,180470
17787,179193,180491
17788,179204,180498
17789,179214,180507
17790,179224,180509
17791,179235,180512
17792,179244,180514
17793,179253,180525
17794,179263,180532
17795,179274,180536
17796,179284,180537
17797,179294,180538
17798,179303,180540
17799,179318,180541
17800,179324,180543
17801,179333,180553
17802,179346,180557
17803,179353,180573
17804,179365,180575
17805,179376,180580
17806,179387,180583
17807,179396,180584
17808,179405,180589
17809,179416,180595
17810,179424,180599
17811,179436,180601
17812,179447,180603
17813,179457,180605
17814,179466,180620
17815,179477,180626
17816,179486,180627
17817,179494,180628
17818,179507,180633
17819,179515,180637
17820,179527,180641
17821,179535,180643
17822,179546,180645
17823,179557,180650
17824,179567,180652
17825,179577,180655
17826,179587,180657
17827,179598,180659
17828,179606,180661
17829,179616,180672
17830,179630,180683
17831,179637,180685
17832,179649,180687
17833,179659,180690
17834,179667,180702
17835,179677,180704
17836,179687,180706
17837,179697,180707
17838,179708,180719
17839,179717,180721
17840,179729,180723
17841,179736,180725
17842,179747,180727
17843,179756,180729
17844,179767,180730
17845,179778,180732
17846,179788,180733
17847,179797,180736
17848,179808,180739
17849,179819,180741
17850,179830,180749
17851,179839,180752
17852,179848,180759
17853,179860,180761
17854,179868,180762
17855,179879,180763
17856,179888,180765
17857,179898,180768
17858,179910,180770
17859,179922,180773
17860,179929,180778
17861,179939,180779
17862,179949,180781
17863,179958,180788
17864,179971,180790
17865,179979,180792
17866,179991,180794
