session,range_bin,pair,ch_i,ch_j,same_tx,timestamp_source,coherence_hr_timestamp_aware,coherence_br_timestamp_aware,coherence_hr_legacy_frame_index,coherence_br_legacy_frame_index,input_frames,segments,gap_count,median_dt_ms,resampled_fs_hz,gap_threshold_ms,discarded_short_gap_segments,paired_segments,coherence_segments_used,coherence_weighted_by
sub-3_,9,tx0_rx0__tx0_rx1,tx0_rx0,tx0_rx1,True,device_ms,0.7333506880002502,0.9374232158103152,0.7320002913475037,0.9323087930679321,6000,1,0,10.0,100.0,15.0,0,1,1,resampled segment frame count
sub-3_,9,tx0_rx0__tx0_rx1,tx0_rx0,tx0_rx1,True,host_ms,nan,nan,0.7320002913475037,0.9323087930679321,6000,0,1206,8.0,125.0,12.0,1207,0,,
sub-3_,9,tx0_rx0__tx0_rx2,tx0_rx0,tx0_rx2,True,device_ms,0.814312713730831,0.9823749026163833,0.8101759552955627,0.9832835793495178,6000,1,0,10.0,100.0,15.0,0,1,1,resampled segment frame count
sub-3_,9,tx0_rx0__tx0_rx2,tx0_rx0,tx0_rx2,True,host_ms,nan,nan,0.8101759552955627,0.9832835793495178,6000,0,1206,8.0,125.0,12.0,1207,0,,
sub-3_,9,tx0_rx0__tx0_rx3,tx0_rx0,tx0_rx3,True,device_ms,0.8869064758934825,0.9808663232855421,0.8635488152503967,0.9750474691390991,6000,1,0,10.0,100.0,15.0,0,1,1,resampled segment frame count
sub-3_,9,tx0_rx0__tx0_rx3,tx0_rx0,tx0_rx3,True,host_ms,nan,nan,0.8635488152503967,0.9750474691390991,6000,0,1206,8.0,125.0,12.0,1207,0,,
sub-3_,9,tx0_rx0__tx1_rx0,tx0_rx0,tx1_rx0,False,device_ms,0.8919470403538251,0.9907936053385101,0.9037755131721497,0.991337776184082,6000,1,0,10.0,100.0,15.0,0,1,1,resampled segment frame count
sub-3_,9,tx0_rx0__tx1_rx0,tx0_rx0,tx1_rx0,False,host_ms,nan,nan,0.9037755131721497,0.991337776184082,6000,0,1206,8.0,125.0,12.0,1207,0,,
sub-3_,9,tx0_rx0__tx1_rx1,tx0_rx0,tx1_rx1,False,device_ms,0.6139864725316643,0.9072548399100241,0.6180458068847656,0.8955027461051941,6000,1,0,10.0,100.0,15.0,0,1,1,resampled segment frame count
sub-3_,9,tx0_rx0__tx1_rx1,tx0_rx0,tx1_rx1,False,host_ms,nan,nan,0.6180458068847656,0.8955027461051941,6000,0,1206,8.0,125.0,12.0,1207,0,,
sub-3_,9,tx0_rx0__tx1_rx2,tx0_rx0,tx1_rx2,False,device_ms,0.8231490803054958,0.9822885525253694,0.8220722079277039,0.9799206256866455,6000,1,0,10.0,100.0,15.0,0,1,1,resampled segment frame count
sub-3_,9,tx0_rx0__tx1_rx2,tx0_rx0,tx1_rx2,False,host_ms,nan,nan,0.8220722079277039,0.9799206256866455,6000,0,1206,8.0,125.0,12.0,1207,0,,
sub-3_,9,tx0_rx0__tx1_rx3,tx0_rx0,tx1_rx3,False,device_ms,0.8414506648111031,0.9885345753673036,0.8435725569725037,0.9886058568954468,6000,1,0,10.0,100.0,15.0,0,1,1,resampled segment frame count
sub-3_,9,tx0_rx0__tx1_rx3,tx0_rx0,tx1_rx3,False,host_ms,nan,nan,0.8435725569725037,0.9886058568954468,6000,0,1206,8.0,125.0,12.0,1207,0,,
sub-3_,9,tx0_rx1__tx0_rx2,tx0_rx1,tx0_rx2,True,device_ms,0.7251034815325809,0.9469899974097197,0.7155484557151794,0.9410704970359802,6000,1,0,10.0,100.0,15.0,0,1,1,resampled segment frame count
sub-3_,9,tx0_rx1__tx0_rx2,tx0_rx1,tx0_rx2,True,host_ms,nan,nan,0.7155484557151794,0.9410704970359802,6000,0,1206,8.0,125.0,12.0,1207,0,,
sub-3_,9,tx0_rx1__tx0_rx3,tx0_rx1,tx0_rx3,True,device_ms,0.6786653226488583,0.9349167226744906,0.6457608938217163,0.9199153184890747,6000,1,0,10.0,100.0,15.0,0,1,1,resampled segment frame count
sub-3_,9,tx0_rx1__tx0_rx3,tx0_rx1,tx0_rx3,True,host_ms,nan,nan,0.6457608938217163,0.9199153184890747,6000,0,1206,8.0,125.0,12.0,1207,0,,
sub-3_,9,tx0_rx1__tx1_rx0,tx0_rx1,tx1_rx0,False,device_ms,0.7627883096304929,0.9525469592172643,0.7612466216087341,0.945949375629425,6000,1,0,10.0,100.0,15.0,0,1,1,resampled segment frame count
sub-3_,9,tx0_rx1__tx1_rx0,tx0_rx1,tx1_rx0,False,host_ms,nan,nan,0.7612466216087341,0.945949375629425,6000,0,1206,8.0,125.0,12.0,1207,0,,
sub-3_,9,tx0_rx1__tx1_rx1,tx0_rx1,tx1_rx1,False,device_ms,0.920343861785768,0.9820981961213104,0.924450695514679,0.9816450476646423,6000,1,0,10.0,100.0,15.0,0,1,1,resampled segment frame count
sub-3_,9,tx0_rx1__tx1_rx1,tx0_rx1,tx1_rx1,False,host_ms,nan,nan,0.924450695514679,0.9816450476646423,6000,0,1206,8.0,125.0,12.0,1207,0,,
sub-3_,9,tx0_rx1__tx1_rx2,tx0_rx1,tx1_rx2,False,device_ms,0.6859152541093841,0.9440834099418962,0.6715942025184631,0.9316931962966919,6000,1,0,10.0,100.0,15.0,0,1,1,resampled segment frame count
sub-3_,9,tx0_rx1__tx1_rx2,tx0_rx1,tx1_rx2,False,host_ms,nan,nan,0.6715942025184631,0.9316931962966919,6000,0,1206,8.0,125.0,12.0,1207,0,,
sub-3_,9,tx0_rx1__tx1_rx3,tx0_rx1,tx1_rx3,False,device_ms,0.6879147542640588,0.9461779867885478,0.6716684699058533,0.9377352595329285,6000,1,0,10.0,100.0,15.0,0,1,1,resampled segment frame count
sub-3_,9,tx0_rx1__tx1_rx3,tx0_rx1,tx1_rx3,False,host_ms,nan,nan,0.6716684699058533,0.9377352595329285,6000,0,1206,8.0,125.0,12.0,1207,0,,
sub-3_,9,tx0_rx2__tx0_rx3,tx0_rx2,tx0_rx3,True,device_ms,0.812054911417801,0.9734486084438062,0.7994024157524109,0.9660225510597229,6000,1,0,10.0,100.0,15.0,0,1,1,resampled segment frame count
sub-3_,9,tx0_rx2__tx0_rx3,tx0_rx2,tx0_rx3,True,host_ms,nan,nan,0.7994024157524109,0.9660225510597229,6000,0,1206,8.0,125.0,12.0,1207,0,,
sub-3_,9,tx0_rx2__tx1_rx0,tx0_rx2,tx1_rx0,False,device_ms,0.8870870826190652,0.9905239876547003,0.8887462019920349,0.9909763932228088,6000,1,0,10.0,100.0,15.0,0,1,1,resampled segment frame count
sub-3_,9,tx0_rx2__tx1_rx0,tx0_rx2,tx1_rx0,False,host_ms,nan,nan,0.8887462019920349,0.9909763932228088,6000,0,1206,8.0,125.0,12.0,1207,0,,
sub-3_,9,tx0_rx2__tx1_rx1,tx0_rx2,tx1_rx1,False,device_ms,0.6221152609752968,0.906091604189251,0.6183188557624817,0.8949186205863953,6000,1,0,10.0,100.0,15.0,0,1,1,resampled segment frame count
sub-3_,9,tx0_rx2__tx1_rx1,tx0_rx2,tx1_rx1,False,host_ms,nan,nan,0.6183188557624817,0.8949186205863953,6000,0,1206,8.0,125.0,12.0,1207,0,,
sub-3_,9,tx0_rx2__tx1_rx2,tx0_rx2,tx1_rx2,False,device_ms,0.8857505347541974,0.9809619466132072,0.8825656771659851,0.9772750735282898,6000,1,0,10.0,100.0,15.0,0,1,1,resampled segment frame count
sub-3_,9,tx0_rx2__tx1_rx2,tx0_rx2,tx1_rx2,False,host_ms,nan,nan,0.8825656771659851,0.9772750735282898,6000,0,1206,8.0,125.0,12.0,1207,0,,
sub-3_,9,tx0_rx2__tx1_rx3,tx0_rx2,tx1_rx3,False,device_ms,0.8281060679220476,0.9859207730573641,0.830254852771759,0.9851208925247192,6000,1,0,10.0,100.0,15.0,0,1,1,resampled segment frame count
sub-3_,9,tx0_rx2__tx1_rx3,tx0_rx2,tx1_rx3,False,host_ms,nan,nan,0.830254852771759,0.9851208925247192,6000,0,1206,8.0,125.0,12.0,1207,0,,
sub-3_,9,tx0_rx3__tx1_rx0,tx0_rx3,tx1_rx0,False,device_ms,0.8200687470984886,0.9786338114094397,0.813960075378418,0.9701603651046753,6000,1,0,10.0,100.0,15.0,0,1,1,resampled segment frame count
sub-3_,9,tx0_rx3__tx1_rx0,tx0_rx3,tx1_rx0,False,host_ms,nan,nan,0.813960075378418,0.9701603651046753,6000,0,1206,8.0,125.0,12.0,1207,0,,
sub-3_,9,tx0_rx3__tx1_rx1,tx0_rx3,tx1_rx1,False,device_ms,0.5852006678380619,0.8896178193601302,0.5680264830589294,0.8663273453712463,6000,1,0,10.0,100.0,15.0,0,1,1,resampled segment frame count
sub-3_,9,tx0_rx3__tx1_rx1,tx0_rx3,tx1_rx1,False,host_ms,nan,nan,0.5680264830589294,0.8663273453712463,6000,0,1206,8.0,125.0,12.0,1207,0,,
sub-3_,9,tx0_rx3__tx1_rx2,tx0_rx3,tx1_rx2,False,device_ms,0.797156122356058,0.9755231537909027,0.7775965332984924,0.9670028686523438,6000,1,0,10.0,100.0,15.0,0,1,1,resampled segment frame count
sub-3_,9,tx0_rx3__tx1_rx2,tx0_rx3,tx1_rx2,False,host_ms,nan,nan,0.7775965332984924,0.9670028686523438,6000,0,1206,8.0,125.0,12.0,1207,0,,
sub-3_,9,tx0_rx3__tx1_rx3,tx0_rx3,tx1_rx3,False,device_ms,0.8785876319351943,0.9890276362912294,0.8763418197631836,0.9861690998077393,6000,1,0,10.0,100.0,15.0,0,1,1,resampled segment frame count
sub-3_,9,tx0_rx3__tx1_rx3,tx0_rx3,tx1_rx3,False,host_ms,nan,nan,0.8763418197631836,0.9861690998077393,6000,0,1206,8.0,125.0,12.0,1207,0,,
sub-3_,9,tx1_rx0__tx1_rx1,tx1_rx0,tx1_rx1,True,device_ms,0.6731755787901118,0.9098043173884556,0.6684309840202332,0.8985317349433899,6000,1,0,10.0,100.0,15.0,0,1,1,resampled segment frame count
sub-3_,9,tx1_rx0__tx1_rx1,tx1_rx0,tx1_rx1,True,host_ms,nan,nan,0.6684309840202332,0.8985317349433899,6000,0,1206,8.0,125.0,12.0,1207,0,,
sub-3_,9,tx1_rx0__tx1_rx2,tx1_rx0,tx1_rx2,True,device_ms,0.8669704555406073,0.9879715426703425,0.869683563709259,0.9843072295188904,6000,1,0,10.0,100.0,15.0,0,1,1,resampled segment frame count
sub-3_,9,tx1_rx0__tx1_rx2,tx1_rx0,tx1_rx2,True,host_ms,nan,nan,0.869683563709259,0.9843072295188904,6000,0,1206,8.0,125.0,12.0,1207,0,,
sub-3_,9,tx1_rx0__tx1_rx3,tx1_rx0,tx1_rx3,True,device_ms,0.8529990047490125,0.9924543571606139,0.8556703925132751,0.990818202495575,6000,1,0,10.0,100.0,15.0,0,1,1,resampled segment frame count
sub-3_,9,tx1_rx0__tx1_rx3,tx1_rx0,tx1_rx3,True,host_ms,nan,nan,0.8556703925132751,0.990818202495575,6000,0,1206,8.0,125.0,12.0,1207,0,,
sub-3_,9,tx1_rx1__tx1_rx2,tx1_rx1,tx1_rx2,True,device_ms,0.58328801629813,0.9099801156493964,0.5761169195175171,0.8951499462127686,6000,1,0,10.0,100.0,15.0,0,1,1,resampled segment frame count
sub-3_,9,tx1_rx1__tx1_rx2,tx1_rx1,tx1_rx2,True,host_ms,nan,nan,0.5761169195175171,0.8951499462127686,6000,0,1206,8.0,125.0,12.0,1207,0,,
sub-3_,9,tx1_rx1__tx1_rx3,tx1_rx1,tx1_rx3,True,device_ms,0.6049154549859777,0.9024811111477761,0.6016712188720703,0.8880214691162109,6000,1,0,10.0,100.0,15.0,0,1,1,resampled segment frame count
sub-3_,9,tx1_rx1__tx1_rx3,tx1_rx1,tx1_rx3,True,host_ms,nan,nan,0.6016712188720703,0.8880214691162109,6000,0,1206,8.0,125.0,12.0,1207,0,,
sub-3_,9,tx1_rx2__tx1_rx3,tx1_rx2,tx1_rx3,True,device_ms,0.866298057648183,0.9875658547929529,0.8680453300476074,0.9840790033340454,6000,1,0,10.0,100.0,15.0,0,1,1,resampled segment frame count
sub-3_,9,tx1_rx2__tx1_rx3,tx1_rx2,tx1_rx3,True,host_ms,nan,nan,0.8680453300476074,0.9840790033340454,6000,0,1206,8.0,125.0,12.0,1207,0,,
sub-3_,12,tx0_rx0__tx0_rx1,tx0_rx0,tx0_rx1,True,device_ms,0.4138436738107991,0.5529099304855373,0.4229070842266083,0.5246586203575134,6000,1,0,10.0,100.0,15.0,0,1,1,resampled segment frame count
sub-3_,12,tx0_rx0__tx0_rx1,tx0_rx0,tx0_rx1,True,host_ms,nan,nan,0.4229070842266083,0.5246586203575134,6000,0,1206,8.0,125.0,12.0,1207,0,,
sub-3_,12,tx0_rx0__tx0_rx2,tx0_rx0,tx0_rx2,True,device_ms,0.37269007177497754,0.7244629232596406,0.38576868176460266,0.706178605556488,6000,1,0,10.0,100.0,15.0,0,1,1,resampled segment frame count
sub-3_,12,tx0_rx0__tx0_rx2,tx0_rx0,tx0_rx2,True,host_ms,nan,nan,0.38576868176460266,0.706178605556488,6000,0,1206,8.0,125.0,12.0,1207,0,,
sub-3_,12,tx0_rx0__tx0_rx3,tx0_rx0,tx0_rx3,True,device_ms,0.37940940023886266,0.6044021226671233,0.3694976270198822,0.599332869052887,6000,1,0,10.0,100.0,15.0,0,1,1,resampled segment frame count
sub-3_,12,tx0_rx0__tx0_rx3,tx0_rx0,tx0_rx3,True,host_ms,nan,nan,0.3694976270198822,0.599332869052887,6000,0,1206,8.0,125.0,12.0,1207,0,,
sub-3_,12,tx0_rx0__tx1_rx0,tx0_rx0,tx1_rx0,False,device_ms,0.38695812649784395,0.6858023849239424,0.38571128249168396,0.6906396150588989,6000,1,0,10.0,100.0,15.0,0,1,1,resampled segment frame count
sub-3_,12,tx0_rx0__tx1_rx0,tx0_rx0,tx1_rx0,False,host_ms,nan,nan,0.38571128249168396,0.6906396150588989,6000,0,1206,8.0,125.0,12.0,1207,0,,
sub-3_,12,tx0_rx0__tx1_rx1,tx0_rx0,tx1_rx1,False,device_ms,0.4080169913398347,0.775443188017728,0.41575953364372253,0.7688482403755188,6000,1,0,10.0,100.0,15.0,0,1,1,resampled segment frame count
sub-3_,12,tx0_rx0__tx1_rx1,tx0_rx0,tx1_rx1,False,host_ms,nan,nan,0.41575953364372253,0.7688482403755188,6000,0,1206,8.0,125.0,12.0,1207,0,,
sub-3_,12,tx0_rx0__tx1_rx2,tx0_rx0,tx1_rx2,False,device_ms,0.2652001819410096,0.5317116565768334,0.2749400734901428,0.5158430337905884,6000,1,0,10.0,100.0,15.0,0,1,1,resampled segment frame count
sub-3_,12,tx0_rx0__tx1_rx2,tx0_rx0,tx1_rx2,False,host_ms,nan,nan,0.2749400734901428,0.5158430337905884,6000,0,1206,8.0,125.0,12.0,1207,0,,
sub-3_,12,tx0_rx0__tx1_rx3,tx0_rx0,tx1_rx3,False,device_ms,0.2507121909215478,0.6446130776727071,0.25318804383277893,0.6309013366699219,6000,1,0,10.0,100.0,15.0,0,1,1,resampled segment frame count
sub-3_,12,tx0_rx0__tx1_rx3,tx0_rx0,tx1_rx3,False,host_ms,nan,nan,0.25318804383277893,0.6309013366699219,6000,0,1206,8.0,125.0,12.0,1207,0,,
sub-3_,12,tx0_rx1__tx0_rx2,tx0_rx1,tx0_rx2,True,device_ms,0.30862411786374294,0.6086244598642717,0.3103504478931427,0.5993648767471313,6000,1,0,10.0,100.0,15.0,0,1,1,resampled segment frame count
sub-3_,12,tx0_rx1__tx0_rx2,tx0_rx1,tx0_rx2,True,host_ms,nan,nan,0.3103504478931427,0.5993648767471313,6000,0,1206,8.0,125.0,12.0,1207,0,,
sub-3_,12,tx0_rx1__tx0_rx3,tx0_rx1,tx0_rx3,True,device_ms,0.2235645055289263,0.6199033151311597,0.20782162249088287,0.6212021112442017,6000,1,0,10.0,100.0,15.0,0,1,1,resampled segment frame count
sub-3_,12,tx0_rx1__tx0_rx3,tx0_rx1,tx0_rx3,True,host_ms,nan,nan,0.20782162249088287,0.6212021112442017,6000,0,1206,8.0,125.0,12.0,1207,0,,
sub-3_,12,tx0_rx1__tx1_rx0,tx0_rx1,tx1_rx0,False,device_ms,0.43660263987020853,0.573517745083922,0.43276235461235046,0.5582840442657471,6000,1,0,10.0,100.0,15.0,0,1,1,resampled segment frame count
sub-3_,12,tx0_rx1__tx1_rx0,tx0_rx1,tx1_rx0,False,host_ms,nan,nan,0.43276235461235046,0.5582840442657471,6000,0,1206,8.0,125.0,12.0,1207,0,,
sub-3_,12,tx0_rx1__tx1_rx1,tx0_rx1,tx1_rx1,False,device_ms,0.4149205722273226,0.6138155674749088,0.4243346154689789,0.5934749245643616,6000,1,0,10.0,100.0,15.0,0,1,1,resampled segment frame count
sub-3_,12,tx0_rx1__tx1_rx1,tx0_rx1,tx1_rx1,False,host_ms,nan,nan,0.4243346154689789,0.5934749245643616,6000,0,1206,8.0,125.0,12.0,1207,0,,
sub-3_,12,tx0_rx1__tx1_rx2,tx0_rx1,tx1_rx2,False,device_ms,0.34300952242600585,0.4868028964063665,0.34312745928764343,0.4696703255176544,6000,1,0,10.0,100.0,15.0,0,1,1,resampled segment frame count
sub-3_,12,tx0_rx1__tx1_rx2,tx0_rx1,tx1_rx2,False,host_ms,nan,nan,0.34312745928764343,0.4696703255176544,6000,0,1206,8.0,125.0,12.0,1207,0,,
sub-3_,12,tx0_rx1__tx1_rx3,tx0_rx1,tx1_rx3,False,device_ms,0.22364875510219884,0.38162615246606135,0.22847257554531097,0.3574867248535156,6000,1,0,10.0,100.0,15.0,0,1,1,resampled segment frame count
sub-3_,12,tx0_rx1__tx1_rx3,tx0_rx1,tx1_rx3,False,host_ms,nan,nan,0.22847257554531097,0.3574867248535156,6000,0,1206,8.0,125.0,12.0,1207,0,,
sub-3_,12,tx0_rx2__tx0_rx3,tx0_rx2,tx0_rx3,True,device_ms,0.37009730112987566,0.6557541401533367,0.3627084195613861,0.6514350771903992,6000,1,0,10.0,100.0,15.0,0,1,1,resampled segment frame count
sub-3_,12,tx0_rx2__tx0_rx3,tx0_rx2,tx0_rx3,True,host_ms,nan,nan,0.3627084195613861,0.6514350771903992,6000,0,1206,8.0,125.0,12.0,1207,0,,
sub-3_,12,tx0_rx2__tx1_rx0,tx0_rx2,tx1_rx0,False,device_ms,0.2549860649881315,0.6044789489860637,0.24930958449840546,0.6082208156585693,6000,1,0,10.0,100.0,15.0,0,1,1,resampled segment frame count
sub-3_,12,tx0_rx2__tx1_rx0,tx0_rx2,tx1_rx0,False,host_ms,nan,nan,0.24930958449840546,0.6082208156585693,6000,0,1206,8.0,125.0,12.0,1207,0,,
sub-3_,12,tx0_rx2__tx1_rx1,tx0_rx2,tx1_rx1,False,device_ms,0.3336964591375804,0.6655845384502245,0.3476320207118988,0.6533668637275696,6000,1,0,10.0,100.0,15.0,0,1,1,resampled segment frame count
sub-3_,12,tx0_rx2__tx1_rx1,tx0_rx2,tx1_rx1,False,host_ms,nan,nan,0.3476320207118988,0.6533668637275696,6000,0,1206,8.0,125.0,12.0,1207,0,,
sub-3_,12,tx0_rx2__tx1_rx2,tx0_rx2,tx1_rx2,False,device_ms,0.2109076469464136,0.5175465865636594,0.19689105451107025,0.4885505735874176,6000,1,0,10.0,100.0,15.0,0,1,1,resampled segment frame count
sub-3_,12,tx0_rx2__tx1_rx2,tx0_rx2,tx1_rx2,False,host_ms,nan,nan,0.19689105451107025,0.4885505735874176,6000,0,1206,8.0,125.0,12.0,1207,0,,
sub-3_,12,tx0_rx2__tx1_rx3,tx0_rx2,tx1_rx3,False,device_ms,0.2508729549122187,0.6055334496496163,0.2411913424730301,0.5992148518562317,6000,1,0,10.0,100.0,15.0,0,1,1,resampled segment frame count
sub-3_,12,tx0_rx2__tx1_rx3,tx0_rx2,tx1_rx3,False,host_ms,nan,nan,0.2411913424730301,0.5992148518562317,6000,0,1206,8.0,125.0,12.0,1207,0,,
sub-3_,12,tx0_rx3__tx1_rx0,tx0_rx3,tx1_rx0,False,device_ms,0.25805573612177674,0.6671441911354762,0.23825234174728394,0.6463907361030579,6000,1,0,10.0,100.0,15.0,0,1,1,resampled segment frame count
sub-3_,12,tx0_rx3__tx1_rx0,tx0_rx3,tx1_rx0,False,host_ms,nan,nan,0.23825234174728394,0.6463907361030579,6000,0,1206,8.0,125.0,12.0,1207,0,,
sub-3_,12,tx0_rx3__tx1_rx1,tx0_rx3,tx1_rx1,False,device_ms,0.29169777670033664,0.650392682795356,0.2750607132911682,0.63089519739151,6000,1,0,10.0,100.0,15.0,0,1,1,resampled segment frame count
sub-3_,12,tx0_rx3__tx1_rx1,tx0_rx3,tx1_rx1,False,host_ms,nan,nan,0.2750607132911682,0.63089519739151,6000,0,1206,8.0,125.0,12.0,1207,0,,
sub-3_,12,tx0_rx3__tx1_rx2,tx0_rx3,tx1_rx2,False,device_ms,0.2496571828948773,0.5372243588418055,0.2385866791009903,0.51393723487854,6000,1,0,10.0,100.0,15.0,0,1,1,resampled segment frame count
sub-3_,12,tx0_rx3__tx1_rx2,tx0_rx3,tx1_rx2,False,host_ms,nan,nan,0.2385866791009903,0.51393723487854,6000,0,1206,8.0,125.0,12.0,1207,0,,
sub-3_,12,tx0_rx3__tx1_rx3,tx0_rx3,tx1_rx3,False,device_ms,0.2629175705039818,0.5912425914247889,0.25729793310165405,0.5880686044692993,6000,1,0,10.0,100.0,15.0,0,1,1,resampled segment frame count
sub-3_,12,tx0_rx3__tx1_rx3,tx0_rx3,tx1_rx3,False,host_ms,nan,nan,0.25729793310165405,0.5880686044692993,6000,0,1206,8.0,125.0,12.0,1207,0,,
sub-3_,12,tx1_rx0__tx1_rx1,tx1_rx0,tx1_rx1,True,device_ms,0.4047268446676399,0.8489116237321832,0.40274548530578613,0.8587700128555298,6000,1,0,10.0,100.0,15.0,0,1,1,resampled segment frame count
sub-3_,12,tx1_rx0__tx1_rx1,tx1_rx0,tx1_rx1,True,host_ms,nan,nan,0.40274548530578613,0.8587700128555298,6000,0,1206,8.0,125.0,12.0,1207,0,,
sub-3_,12,tx1_rx0__tx1_rx2,tx1_rx0,tx1_rx2,True,device_ms,0.32158283073168215,0.6186256803694311,0.3046766221523285,0.601527988910675,6000,1,0,10.0,100.0,15.0,0,1,1,resampled segment frame count
sub-3_,12,tx1_rx0__tx1_rx2,tx1_rx0,tx1_rx2,True,host_ms,nan,nan,0.3046766221523285,0.601527988910675,6000,0,1206,8.0,125.0,12.0,1207,0,,
sub-3_,12,tx1_rx0__tx1_rx3,tx1_rx0,tx1_rx3,True,device_ms,0.3361320809571666,0.5856007371058024,0.31813114881515503,0.5603517889976501,6000,1,0,10.0,100.0,15.0,0,1,1,resampled segment frame count
sub-3_,12,tx1_rx0__tx1_rx3,tx1_rx0,tx1_rx3,True,host_ms,nan,nan,0.31813114881515503,0.5603517889976501,6000,0,1206,8.0,125.0,12.0,1207,0,,
sub-3_,12,tx1_rx1__tx1_rx2,tx1_rx1,tx1_rx2,True,device_ms,0.2444837942218023,0.6584226925964838,0.24589954316616058,0.6329068541526794,6000,1,0,10.0,100.0,15.0,0,1,1,resampled segment frame count
sub-3_,12,tx1_rx1__tx1_rx2,tx1_rx1,tx1_rx2,True,host_ms,nan,nan,0.24589954316616058,0.6329068541526794,6000,0,1206,8.0,125.0,12.0,1207,0,,
sub-3_,12,tx1_rx1__tx1_rx3,tx1_rx1,tx1_rx3,True,device_ms,0.3484776758287862,0.5701603224930202,0.3419598340988159,0.5539580583572388,6000,1,0,10.0,100.0,15.0,0,1,1,resampled segment frame count
sub-3_,12,tx1_rx1__tx1_rx3,tx1_rx1,tx1_rx3,True,host_ms,nan,nan,0.3419598340988159,0.5539580583572388,6000,0,1206,8.0,125.0,12.0,1207,0,,
sub-3_,12,tx1_rx2__tx1_rx3,tx1_rx2,tx1_rx3,True,device_ms,0.2279338856556287,0.5696728158755128,0.2337033599615097,0.5542448163032532,6000,1,0,10.0,100.0,15.0,0,1,1,resampled segment frame count
sub-3_,12,tx1_rx2__tx1_rx3,tx1_rx2,tx1_rx3,True,host_ms,nan,nan,0.2337033599615097,0.5542448163032532,6000,0,1206,8.0,125.0,12.0,1207,0,,
sub-3_,18,tx0_rx0__tx0_rx1,tx0_rx0,tx0_rx1,True,device_ms,0.4892494523554893,0.9206065658000633,0.49490925669670105,0.9213851690292358,6000,1,0,10.0,100.0,15.0,0,1,1,resampled segment frame count
sub-3_,18,tx0_rx0__tx0_rx1,tx0_rx0,tx0_rx1,True,host_ms,nan,nan,0.49490925669670105,0.9213851690292358,6000,0,1206,8.0,125.0,12.0,1207,0,,
sub-3_,18,tx0_rx0__tx0_rx2,tx0_rx0,tx0_rx2,True,device_ms,0.7123468573463979,0.9563722335114333,0.714640200138092,0.9529967308044434,6000,1,0,10.0,100.0,15.0,0,1,1,resampled segment frame count
sub-3_,18,tx0_rx0__tx0_rx2,tx0_rx0,tx0_rx2,True,host_ms,nan,nan,0.714640200138092,0.9529967308044434,6000,0,1206,8.0,125.0,12.0,1207,0,,
sub-3_,18,tx0_rx0__tx0_rx3,tx0_rx0,tx0_rx3,True,device_ms,0.8685287351423205,0.9652720344945983,0.8685207962989807,0.9636350274085999,6000,1,0,10.0,100.0,15.0,0,1,1,resampled segment frame count
sub-3_,18,tx0_rx0__tx0_rx3,tx0_rx0,tx0_rx3,True,host_ms,nan,nan,0.8685207962989807,0.9636350274085999,6000,0,1206,8.0,125.0,12.0,1207,0,,
sub-3_,18,tx0_rx0__tx1_rx0,tx0_rx0,tx1_rx0,False,device_ms,0.97629296305479,0.9676900984892721,0.9768097400665283,0.967231273651123,6000,1,0,10.0,100.0,15.0,0,1,1,resampled segment frame count
sub-3_,18,tx0_rx0__tx1_rx0,tx0_rx0,tx1_rx0,False,host_ms,nan,nan,0.9768097400665283,0.967231273651123,6000,0,1206,8.0,125.0,12.0,1207,0,,
sub-3_,18,tx0_rx0__tx1_rx1,tx0_rx0,tx1_rx1,False,device_ms,0.7220615562666923,0.9520947153780422,0.7231593132019043,0.952769935131073,6000,1,0,10.0,100.0,15.0,0,1,1,resampled segment frame count
sub-3_,18,tx0_rx0__tx1_rx1,tx0_rx0,tx1_rx1,False,host_ms,nan,nan,0.7231593132019043,0.952769935131073,6000,0,1206,8.0,125.0,12.0,1207,0,,
sub-3_,18,tx0_rx0__tx1_rx2,tx0_rx0,tx1_rx2,False,device_ms,0.8631524335327073,0.9598368201378613,0.8695868849754333,0.9578712582588196,6000,1,0,10.0,100.0,15.0,0,1,1,resampled segment frame count
sub-3_,18,tx0_rx0__tx1_rx2,tx0_rx0,tx1_rx2,False,host_ms,nan,nan,0.8695868849754333,0.9578712582588196,6000,0,1206,8.0,125.0,12.0,1207,0,,
sub-3_,18,tx0_rx0__tx1_rx3,tx0_rx0,tx1_rx3,False,device_ms,0.832944910209146,0.9631972823827673,0.8364341259002686,0.9608471393585205,6000,1,0,10.0,100.0,15.0,0,1,1,resampled segment frame count
sub-3_,18,tx0_rx0__tx1_rx3,tx0_rx0,tx1_rx3,False,host_ms,nan,nan,0.8364341259002686,0.9608471393585205,6000,0,1206,8.0,125.0,12.0,1207,0,,
sub-3_,18,tx0_rx1__tx0_rx2,tx0_rx1,tx0_rx2,True,device_ms,0.7190174881869055,0.9124114518996458,0.7254136204719543,0.9105504751205444,6000,1,0,10.0,100.0,15.0,0,1,1,resampled segment frame count
sub-3_,18,tx0_rx1__tx0_rx2,tx0_rx1,tx0_rx2,True,host_ms,nan,nan,0.7254136204719543,0.9105504751205444,6000,0,1206,8.0,125.0,12.0,1207,0,,
sub-3_,18,tx0_rx1__tx0_rx3,tx0_rx1,tx0_rx3,True,device_ms,0.5963568607669804,0.8752080022055497,0.6051307320594788,0.874989926815033,6000,1,0,10.0,100.0,15.0,0,1,1,resampled segment frame count
sub-3_,18,tx0_rx1__tx0_rx3,tx0_rx1,tx0_rx3,True,host_ms,nan,nan,0.6051307320594788,0.874989926815033,6000,0,1206,8.0,125.0,12.0,1207,0,,
sub-3_,18,tx0_rx1__tx1_rx0,tx0_rx1,tx1_rx0,False,device_ms,0.5089872290848234,0.952089665132008,0.5152624249458313,0.9521276950836182,6000,1,0,10.0,100.0,15.0,0,1,1,resampled segment frame count
sub-3_,18,tx0_rx1__tx1_rx0,tx0_rx1,tx1_rx0,False,host_ms,nan,nan,0.5152624249458313,0.9521276950836182,6000,0,1206,8.0,125.0,12.0,1207,0,,
sub-3_,18,tx0_rx1__tx1_rx1,tx0_rx1,tx1_rx1,False,device_ms,0.7182968547638962,0.9249204076746249,0.7276961207389832,0.924805760383606,6000,1,0,10.0,100.0,15.0,0,1,1,resampled segment frame count
sub-3_,18,tx0_rx1__tx1_rx1,tx0_rx1,tx1_rx1,False,host_ms,nan,nan,0.7276961207389832,0.924805760383606,6000,0,1206,8.0,125.0,12.0,1207,0,,
sub-3_,18,tx0_rx1__tx1_rx2,tx0_rx1,tx1_rx2,False,device_ms,0.5329564953489994,0.9057079188801946,0.5493016839027405,0.9046919345855713,6000,1,0,10.0,100.0,15.0,0,1,1,resampled segment frame count
sub-3_,18,tx0_rx1__tx1_rx2,tx0_rx1,tx1_rx2,False,host_ms,nan,nan,0.5493016839027405,0.9046919345855713,6000,0,1206,8.0,125.0,12.0,1207,0,,
sub-3_,18,tx0_rx1__tx1_rx3,tx0_rx1,tx1_rx3,False,device_ms,0.6461990794044087,0.9002441330729628,0.652793824672699,0.8998000025749207,6000,1,0,10.0,100.0,15.0,0,1,1,resampled segment frame count
sub-3_,18,tx0_rx1__tx1_rx3,tx0_rx1,tx1_rx3,False,host_ms,nan,nan,0.652793824672699,0.8998000025749207,6000,0,1206,8.0,125.0,12.0,1207,0,,
sub-3_,18,tx0_rx2__tx0_rx3,tx0_rx2,tx0_rx3,True,device_ms,0.7240715345935622,0.903525809312033,0.7174715995788574,0.8998763561248779,6000,1,0,10.0,100.0,15.0,0,1,1,resampled segment frame count
sub-3_,18,tx0_rx2__tx0_rx3,tx0_rx2,tx0_rx3,True,host_ms,nan,nan,0.7174715995788574,0.8998763561248779,6000,0,1206,8.0,125.0,12.0,1207,0,,
sub-3_,18,tx0_rx2__tx1_rx0,tx0_rx2,tx1_rx0,False,device_ms,0.7225430479649496,0.9327705213574237,0.7252094745635986,0.9287105202674866,6000,1,0,10.0,100.0,15.0,0,1,1,resampled segment frame count
sub-3_,18,tx0_rx2__tx1_rx0,tx0_rx2,tx1_rx0,False,host_ms,nan,nan,0.7252094745635986,0.9287105202674866,6000,0,1206,8.0,125.0,12.0,1207,0,,
sub-3_,18,tx0_rx2__tx1_rx1,tx0_rx2,tx1_rx1,False,device_ms,0.7730539176123452,0.9597835172531715,0.7822114825248718,0.9594358205795288,6000,1,0,10.0,100.0,15.0,0,1,1,resampled segment frame count
sub-3_,18,tx0_rx2__tx1_rx1,tx0_rx2,tx1_rx1,False,host_ms,nan,nan,0.7822114825248718,0.9594358205795288,6000,0,1206,8.0,125.0,12.0,1207,0,,
sub-3_,18,tx0_rx2__tx1_rx2,tx0_rx2,tx1_rx2,False,device_ms,0.7301547060420467,0.9473249447778361,0.7326305508613586,0.9450273513793945,6000,1,0,10.0,100.0,15.0,0,1,1,resampled segment frame count
sub-3_,18,tx0_rx2__tx1_rx2,tx0_rx2,tx1_rx2,False,host_ms,nan,nan,0.7326305508613586,0.9450273513793945,6000,0,1206,8.0,125.0,12.0,1207,0,,
sub-3_,18,tx0_rx2__tx1_rx3,tx0_rx2,tx1_rx3,False,device_ms,0.7288337438416514,0.9562585086335659,0.7292997241020203,0.9525203704833984,6000,1,0,10.0,100.0,15.0,0,1,1,resampled segment frame count
sub-3_,18,tx0_rx2__tx1_rx3,tx0_rx2,tx1_rx3,False,host_ms,nan,nan,0.7292997241020203,0.9525203704833984,6000,0,1206,8.0,125.0,12.0,1207,0,,
sub-3_,18,tx0_rx3__tx1_rx0,tx0_rx3,tx1_rx0,False,device_ms,0.867728593844236,0.9073988606358994,0.8684812188148499,0.904349148273468,6000,1,0,10.0,100.0,15.0,0,1,1,resampled segment frame count
sub-3_,18,tx0_rx3__tx1_rx0,tx0_rx3,tx1_rx0,False,host_ms,nan,nan,0.8684812188148499,0.904349148273468,6000,0,1206,8.0,125.0,12.0,1207,0,,
sub-3_,18,tx0_rx3__tx1_rx1,tx0_rx3,tx1_rx1,False,device_ms,0.749577340743432,0.919652209142758,0.7543920874595642,0.9192824363708496,6000,1,0,10.0,100.0,15.0,0,1,1,resampled segment frame count
sub-3_,18,tx0_rx3__tx1_rx1,tx0_rx3,tx1_rx1,False,host_ms,nan,nan,0.7543920874595642,0.9192824363708496,6000,0,1206,8.0,125.0,12.0,1207,0,,
sub-3_,18,tx0_rx3__tx1_rx2,tx0_rx3,tx1_rx2,False,device_ms,0.8339154957827463,0.9286287435177125,0.8404645323753357,0.9275499582290649,6000,1,0,10.0,100.0,15.0,0,1,1,resampled segment frame count
sub-3_,18,tx0_rx3__tx1_rx2,tx0_rx3,tx1_rx2,False,host_ms,nan,nan,0.8404645323753357,0.9275499582290649,6000,0,1206,8.0,125.0,12.0,1207,0,,
sub-3_,18,tx0_rx3__tx1_rx3,tx0_rx3,tx1_rx3,False,device_ms,0.8554191270500489,0.9289005185675838,0.8555778861045837,0.9243683218955994,6000,1,0,10.0,100.0,15.0,0,1,1,resampled segment frame count
sub-3_,18,tx0_rx3__tx1_rx3,tx0_rx3,tx1_rx3,False,host_ms,nan,nan,0.8555778861045837,0.9243683218955994,6000,0,1206,8.0,125.0,12.0,1207,0,,
sub-3_,18,tx1_rx0__tx1_rx1,tx1_rx0,tx1_rx1,True,device_ms,0.7422905954934667,0.9396316136979689,0.7427501082420349,0.9395540952682495,6000,1,0,10.0,100.0,15.0,0,1,1,resampled segment frame count
sub-3_,18,tx1_rx0__tx1_rx1,tx1_rx0,tx1_rx1,True,host_ms,nan,nan,0.7427501082420349,0.9395540952682495,6000,0,1206,8.0,125.0,12.0,1207,0,,
sub-3_,18,tx1_rx0__tx1_rx2,tx1_rx0,tx1_rx2,True,device_ms,0.8256915298435474,0.9176293478603595,0.8356167674064636,0.9136661887168884,6000,1,0,10.0,100.0,15.0,0,1,1,resampled segment frame count
sub-3_,18,tx1_rx0__tx1_rx2,tx1_rx0,tx1_rx2,True,host_ms,nan,nan,0.8356167674064636,0.9136661887168884,6000,0,1206,8.0,125.0,12.0,1207,0,,
sub-3_,18,tx1_rx0__tx1_rx3,tx1_rx0,tx1_rx3,True,device_ms,0.8712033705879448,0.9490893181568332,0.8725066184997559,0.9467793703079224,6000,1,0,10.0,100.0,15.0,0,1,1,resampled segment frame count
sub-3_,18,tx1_rx0__tx1_rx3,tx1_rx0,tx1_rx3,True,host_ms,nan,nan,0.8725066184997559,0.9467793703079224,6000,0,1206,8.0,125.0,12.0,1207,0,,
sub-3_,18,tx1_rx1__tx1_rx2,tx1_rx1,tx1_rx2,True,device_ms,0.7177081320276071,0.9371017190323375,0.7317872643470764,0.9371886253356934,6000,1,0,10.0,100.0,15.0,0,1,1,resampled segment frame count
sub-3_,18,tx1_rx1__tx1_rx2,tx1_rx1,tx1_rx2,True,host_ms,nan,nan,0.7317872643470764,0.9371886253356934,6000,0,1206,8.0,125.0,12.0,1207,0,,
sub-3_,18,tx1_rx1__tx1_rx3,tx1_rx1,tx1_rx3,True,device_ms,0.7657964438010912,0.9699473145337869,0.7682960629463196,0.9687475562095642,6000,1,0,10.0,100.0,15.0,0,1,1,resampled segment frame count
sub-3_,18,tx1_rx1__tx1_rx3,tx1_rx1,tx1_rx3,True,host_ms,nan,nan,0.7682960629463196,0.9687475562095642,6000,0,1206,8.0,125.0,12.0,1207,0,,
sub-3_,18,tx1_rx2__tx1_rx3,tx1_rx2,tx1_rx3,True,device_ms,0.7676546191393917,0.942163538290326,0.7785453200340271,0.9385234117507935,6000,1,0,10.0,100.0,15.0,0,1,1,resampled segment frame count
sub-3_,18,tx1_rx2__tx1_rx3,tx1_rx2,tx1_rx3,True,host_ms,nan,nan,0.7785453200340271,0.9385234117507935,6000,0,1206,8.0,125.0,12.0,1207,0,,
sub-3_,247,tx0_rx0__tx0_rx1,tx0_rx0,tx0_rx1,True,device_ms,0.688610890782363,0.9368482513717881,0.6964499354362488,0.9314535856246948,6000,1,0,10.0,100.0,15.0,0,1,1,resampled segment frame count
sub-3_,247,tx0_rx0__tx0_rx1,tx0_rx0,tx0_rx1,True,host_ms,nan,nan,0.6964499354362488,0.9314535856246948,6000,0,1206,8.0,125.0,12.0,1207,0,,
sub-3_,247,tx0_rx0__tx0_rx2,tx0_rx0,tx0_rx2,True,device_ms,0.8256607667968697,0.9837709005108985,0.8234027028083801,0.9842760562896729,6000,1,0,10.0,100.0,15.0,0,1,1,resampled segment frame count
sub-3_,247,tx0_rx0__tx0_rx2,tx0_rx0,tx0_rx2,True,host_ms,nan,nan,0.8234027028083801,0.9842760562896729,6000,0,1206,8.0,125.0,12.0,1207,0,,
sub-3_,247,tx0_rx0__tx0_rx3,tx0_rx0,tx0_rx3,True,device_ms,0.8838427943663439,0.9853322480257055,0.8715671896934509,0.9781519174575806,6000,1,0,10.0,100.0,15.0,0,1,1,resampled segment frame count
sub-3_,247,tx0_rx0__tx0_rx3,tx0_rx0,tx0_rx3,True,host_ms,nan,nan,0.8715671896934509,0.9781519174575806,6000,0,1206,8.0,125.0,12.0,1207,0,,
sub-3_,247,tx0_rx0__tx1_rx0,tx0_rx0,tx1_rx0,False,device_ms,0.8847909842399356,0.99607476802336,0.8971664309501648,0.9956783652305603,6000,1,0,10.0,100.0,15.0,0,1,1,resampled segment frame count
sub-3_,247,tx0_rx0__tx1_rx0,tx0_rx0,tx1_rx0,False,host_ms,nan,nan,0.8971664309501648,0.9956783652305603,6000,0,1206,8.0,125.0,12.0,1207,0,,
sub-3_,247,tx0_rx0__tx1_rx1,tx0_rx0,tx1_rx1,False,device_ms,0.6213842603142067,0.908326660043274,0.6255735158920288,0.8976130485534668,6000,1,0,10.0,100.0,15.0,0,1,1,resampled segment frame count
sub-3_,247,tx0_rx0__tx1_rx1,tx0_rx0,tx1_rx1,False,host_ms,nan,nan,0.6255735158920288,0.8976130485534668,6000,0,1206,8.0,125.0,12.0,1207,0,,
sub-3_,247,tx0_rx0__tx1_rx2,tx0_rx0,tx1_rx2,False,device_ms,0.8650271383578444,0.994129725455284,0.8632028102874756,0.9929071664810181,6000,1,0,10.0,100.0,15.0,0,1,1,resampled segment frame count
sub-3_,247,tx0_rx0__tx1_rx2,tx0_rx0,tx1_rx2,False,host_ms,nan,nan,0.8632028102874756,0.9929071664810181,6000,0,1206,8.0,125.0,12.0,1207,0,,
sub-3_,247,tx0_rx0__tx1_rx3,tx0_rx0,tx1_rx3,False,device_ms,0.8661064788905212,0.9928026917935783,0.8725525736808777,0.9917740225791931,6000,1,0,10.0,100.0,15.0,0,1,1,resampled segment frame count
sub-3_,247,tx0_rx0__tx1_rx3,tx0_rx0,tx1_rx3,False,host_ms,nan,nan,0.8725525736808777,0.9917740225791931,6000,0,1206,8.0,125.0,12.0,1207,0,,
sub-3_,247,tx0_rx1__tx0_rx2,tx0_rx1,tx0_rx2,True,device_ms,0.7118149401769286,0.9407885766332559,0.7045223712921143,0.9348890781402588,6000,1,0,10.0,100.0,15.0,0,1,1,resampled segment frame count
sub-3_,247,tx0_rx1__tx0_rx2,tx0_rx1,tx0_rx2,True,host_ms,nan,nan,0.7045223712921143,0.9348890781402588,6000,0,1206,8.0,125.0,12.0,1207,0,,
sub-3_,247,tx0_rx1__tx0_rx3,tx0_rx1,tx0_rx3,True,device_ms,0.6659993730094408,0.9276398369106589,0.6369773149490356,0.9134196639060974,6000,1,0,10.0,100.0,15.0,0,1,1,resampled segment frame count
sub-3_,247,tx0_rx1__tx0_rx3,tx0_rx1,tx0_rx3,True,host_ms,nan,nan,0.6369773149490356,0.9134196639060974,6000,0,1206,8.0,125.0,12.0,1207,0,,
sub-3_,247,tx0_rx1__tx1_rx0,tx0_rx1,tx1_rx0,False,device_ms,0.8707292513789281,0.9597746653683508,0.8701708912849426,0.9571551084518433,6000,1,0,10.0,100.0,15.0,0,1,1,resampled segment frame count
sub-3_,247,tx0_rx1__tx1_rx0,tx0_rx1,tx1_rx0,False,host_ms,nan,nan,0.8701708912849426,0.9571551084518433,6000,0,1206,8.0,125.0,12.0,1207,0,,
sub-3_,247,tx0_rx1__tx1_rx1,tx0_rx1,tx1_rx1,False,device_ms,0.9255639927924406,0.9754655649551601,0.9315080642700195,0.9764688014984131,6000,1,0,10.0,100.0,15.0,0,1,1,resampled segment frame count
sub-3_,247,tx0_rx1__tx1_rx1,tx0_rx1,tx1_rx1,False,host_ms,nan,nan,0.9315080642700195,0.9764688014984131,6000,0,1206,8.0,125.0,12.0,1207,0,,
sub-3_,247,tx0_rx1__tx1_rx2,tx0_rx1,tx1_rx2,False,device_ms,0.6878801939895126,0.9367450364400782,0.6798399090766907,0.9290450215339661,6000,1,0,10.0,100.0,15.0,0,1,1,resampled segment frame count
sub-3_,247,tx0_rx1__tx1_rx2,tx0_rx1,tx1_rx2,False,host_ms,nan,nan,0.6798399090766907,0.9290450215339661,6000,0,1206,8.0,125.0,12.0,1207,0,,
sub-3_,247,tx0_rx1__tx1_rx3,tx0_rx1,tx1_rx3,False,device_ms,0.6747322718851964,0.9385314734623896,0.6576438546180725,0.9307795763015747,6000,1,0,10.0,100.0,15.0,0,1,1,resampled segment frame count
sub-3_,247,tx0_rx1__tx1_rx3,tx0_rx1,tx1_rx3,False,host_ms,nan,nan,0.6576438546180725,0.9307795763015747,6000,0,1206,8.0,125.0,12.0,1207,0,,
sub-3_,247,tx0_rx2__tx0_rx3,tx0_rx2,tx0_rx3,True,device_ms,0.81560058799485,0.9734417573172653,0.8029970526695251,0.9659439921379089,6000,1,0,10.0,100.0,15.0,0,1,1,resampled segment frame count
sub-3_,247,tx0_rx2__tx0_rx3,tx0_rx2,tx0_rx3,True,host_ms,nan,nan,0.8029970526695251,0.9659439921379089,6000,0,1206,8.0,125.0,12.0,1207,0,,
sub-3_,247,tx0_rx2__tx1_rx0,tx0_rx2,tx1_rx0,False,device_ms,0.8650720369455599,0.9839032055829116,0.8622234463691711,0.9840726852416992,6000,1,0,10.0,100.0,15.0,0,1,1,resampled segment frame count
sub-3_,247,tx0_rx2__tx1_rx0,tx0_rx2,tx1_rx0,False,host_ms,nan,nan,0.8622234463691711,0.9840726852416992,6000,0,1206,8.0,125.0,12.0,1207,0,,
sub-3_,247,tx0_rx2__tx1_rx1,tx0_rx2,tx1_rx1,False,device_ms,0.6580745145014161,0.9110960353210804,0.6507810950279236,0.9000011682510376,6000,1,0,10.0,100.0,15.0,0,1,1,resampled segment frame count
sub-3_,247,tx0_rx2__tx1_rx1,tx0_rx2,tx1_rx1,False,host_ms,nan,nan,0.6507810950279236,0.9000011682510376,6000,0,1206,8.0,125.0,12.0,1207,0,,
sub-3_,247,tx0_rx2__tx1_rx2,tx0_rx2,tx1_rx2,False,device_ms,0.9153527736357758,0.9863038643393973,0.908499538898468,0.9851074814796448,6000,1,0,10.0,100.0,15.0,0,1,1,resampled segment frame count
sub-3_,247,tx0_rx2__tx1_rx2,tx0_rx2,tx1_rx2,False,host_ms,nan,nan,0.908499538898468,0.9851074814796448,6000,0,1206,8.0,125.0,12.0,1207,0,,
sub-3_,247,tx0_rx2__tx1_rx3,tx0_rx2,tx1_rx3,False,device_ms,0.8496462291423638,0.9872073676155617,0.8511691093444824,0.9863730072975159,6000,1,0,10.0,100.0,15.0,0,1,1,resampled segment frame count
sub-3_,247,tx0_rx2__tx1_rx3,tx0_rx2,tx1_rx3,False,host_ms,nan,nan,0.8511691093444824,0.9863730072975159,6000,0,1206,8.0,125.0,12.0,1207,0,,
sub-3_,247,tx0_rx3__tx1_rx0,tx0_rx3,tx1_rx0,False,device_ms,0.8303443268850311,0.9804860613309565,0.8113331198692322,0.9722046256065369,6000,1,0,10.0,100.0,15.0,0,1,1,resampled segment frame count
sub-3_,247,tx0_rx3__tx1_rx0,tx0_rx3,tx1_rx0,False,host_ms,nan,nan,0.8113331198692322,0.9722046256065369,6000,0,1206,8.0,125.0,12.0,1207,0,,
sub-3_,247,tx0_rx3__tx1_rx1,tx0_rx3,tx1_rx1,False,device_ms,0.6097643204889556,0.8941274389868283,0.5895886421203613,0.8704138398170471,6000,1,0,10.0,100.0,15.0,0,1,1,resampled segment frame count
sub-3_,247,tx0_rx3__tx1_rx1,tx0_rx3,tx1_rx1,False,host_ms,nan,nan,0.5895886421203613,0.8704138398170471,6000,0,1206,8.0,125.0,12.0,1207,0,,
sub-3_,247,tx0_rx3__tx1_rx2,tx0_rx3,tx1_rx2,False,device_ms,0.8295068597291921,0.9730012199059401,0.8110284209251404,0.9611477851867676,6000,1,0,10.0,100.0,15.0,0,1,1,resampled segment frame count
sub-3_,247,tx0_rx3__tx1_rx2,tx0_rx3,tx1_rx2,False,host_ms,nan,nan,0.8110284209251404,0.9611477851867676,6000,0,1206,8.0,125.0,12.0,1207,0,,
sub-3_,247,tx0_rx3__tx1_rx3,tx0_rx3,tx1_rx3,False,device_ms,0.8975871920309186,0.9892465378095219,0.891998827457428,0.9864403009414673,6000,1,0,10.0,100.0,15.0,0,1,1,resampled segment frame count
sub-3_,247,tx0_rx3__tx1_rx3,tx0_rx3,tx1_rx3,False,host_ms,nan,nan,0.891998827457428,0.9864403009414673,6000,0,1206,8.0,125.0,12.0,1207,0,,
sub-3_,247,tx1_rx0__tx1_rx1,tx1_rx0,tx1_rx1,True,device_ms,0.7990907858543044,0.9375193848016447,0.7980924248695374,0.9301077127456665,6000,1,0,10.0,100.0,15.0,0,1,1,resampled segment frame count
sub-3_,247,tx1_rx0__tx1_rx1,tx1_rx0,tx1_rx1,True,host_ms,nan,nan,0.7980924248695374,0.9301077127456665,6000,0,1206,8.0,125.0,12.0,1207,0,,
sub-3_,247,tx1_rx0__tx1_rx2,tx1_rx0,tx1_rx2,True,device_ms,0.8832126424759572,0.992834412691503,0.8791189193725586,0.9907862544059753,6000,1,0,10.0,100.0,15.0,0,1,1,resampled segment frame count
sub-3_,247,tx1_rx0__tx1_rx2,tx1_rx0,tx1_rx2,True,host_ms,nan,nan,0.8791189193725586,0.9907862544059753,6000,0,1206,8.0,125.0,12.0,1207,0,,
sub-3_,247,tx1_rx0__tx1_rx3,tx1_rx0,tx1_rx3,True,device_ms,0.8718711160800281,0.9907876294785047,0.8630967140197754,0.9889518618583679,6000,1,0,10.0,100.0,15.0,0,1,1,resampled segment frame count
sub-3_,247,tx1_rx0__tx1_rx3,tx1_rx0,tx1_rx3,True,host_ms,nan,nan,0.8630967140197754,0.9889518618583679,6000,0,1206,8.0,125.0,12.0,1207,0,,
sub-3_,247,tx1_rx1__tx1_rx2,tx1_rx1,tx1_rx2,True,device_ms,0.6219189406540863,0.9124789258657933,0.6109556555747986,0.9014167785644531,6000,1,0,10.0,100.0,15.0,0,1,1,resampled segment frame count
sub-3_,247,tx1_rx1__tx1_rx2,tx1_rx1,tx1_rx2,True,host_ms,nan,nan,0.6109556555747986,0.9014167785644531,6000,0,1206,8.0,125.0,12.0,1207,0,,
sub-3_,247,tx1_rx1__tx1_rx3,tx1_rx1,tx1_rx3,True,device_ms,0.6331890289666607,0.9080220638707306,0.6275827884674072,0.8930314183235168,6000,1,0,10.0,100.0,15.0,0,1,1,resampled segment frame count
sub-3_,247,tx1_rx1__tx1_rx3,tx1_rx1,tx1_rx3,True,host_ms,nan,nan,0.6275827884674072,0.8930314183235168,6000,0,1206,8.0,125.0,12.0,1207,0,,
sub-3_,247,tx1_rx2__tx1_rx3,tx1_rx2,tx1_rx3,True,device_ms,0.9068682598367862,0.9915899141958492,0.9029059410095215,0.9876291155815125,6000,1,0,10.0,100.0,15.0,0,1,1,resampled segment frame count
sub-3_,247,tx1_rx2__tx1_rx3,tx1_rx2,tx1_rx3,True,host_ms,nan,nan,0.9029059410095215,0.9876291155815125,6000,0,1206,8.0,125.0,12.0,1207,0,,
sub-3_,69,tx0_rx0__tx0_rx1,tx0_rx0,tx0_rx1,True,device_ms,0.6652902257084871,0.9130373942831653,0.6775944828987122,0.905266523361206,6000,1,0,10.0,100.0,15.0,0,1,1,resampled segment frame count
sub-3_,69,tx0_rx0__tx0_rx1,tx0_rx0,tx0_rx1,True,host_ms,nan,nan,0.6775944828987122,0.905266523361206,6000,0,1206,8.0,125.0,12.0,1207,0,,
sub-3_,69,tx0_rx0__tx0_rx2,tx0_rx0,tx0_rx2,True,device_ms,0.7031962502148157,0.9073927539682985,0.7188091278076172,0.8957725763320923,6000,1,0,10.0,100.0,15.0,0,1,1,resampled segment frame count
sub-3_,69,tx0_rx0__tx0_rx2,tx0_rx0,tx0_rx2,True,host_ms,nan,nan,0.7188091278076172,0.8957725763320923,6000,0,1206,8.0,125.0,12.0,1207,0,,
sub-3_,69,tx0_rx0__tx0_rx3,tx0_rx0,tx0_rx3,True,device_ms,0.7005181909064409,0.9223425152330563,0.7140407562255859,0.9182592034339905,6000,1,0,10.0,100.0,15.0,0,1,1,resampled segment frame count
sub-3_,69,tx0_rx0__tx0_rx3,tx0_rx0,tx0_rx3,True,host_ms,nan,nan,0.7140407562255859,0.9182592034339905,6000,0,1206,8.0,125.0,12.0,1207,0,,
sub-3_,69,tx0_rx0__tx1_rx0,tx0_rx0,tx1_rx0,False,device_ms,0.6379859519836893,0.93469733458493,0.6570866107940674,0.9269953370094299,6000,1,0,10.0,100.0,15.0,0,1,1,resampled segment frame count
sub-3_,69,tx0_rx0__tx1_rx0,tx0_rx0,tx1_rx0,False,host_ms,nan,nan,0.6570866107940674,0.9269953370094299,6000,0,1206,8.0,125.0,12.0,1207,0,,
sub-3_,69,tx0_rx0__tx1_rx1,tx0_rx0,tx1_rx1,False,device_ms,0.7244358203049583,0.9442106095829829,0.7344022393226624,0.9387595057487488,6000,1,0,10.0,100.0,15.0,0,1,1,resampled segment frame count
sub-3_,69,tx0_rx0__tx1_rx1,tx0_rx0,tx1_rx1,False,host_ms,nan,nan,0.7344022393226624,0.9387595057487488,6000,0,1206,8.0,125.0,12.0,1207,0,,
sub-3_,69,tx0_rx0__tx1_rx2,tx0_rx0,tx1_rx2,False,device_ms,0.6161607702471188,0.898364347719911,0.6379519104957581,0.8874022960662842,6000,1,0,10.0,100.0,15.0,0,1,1,resampled segment frame count
sub-3_,69,tx0_rx0__tx1_rx2,tx0_rx0,tx1_rx2,False,host_ms,nan,nan,0.6379519104957581,0.8874022960662842,6000,0,1206,8.0,125.0,12.0,1207,0,,
sub-3_,69,tx0_rx0__tx1_rx3,tx0_rx0,tx1_rx3,False,device_ms,0.6623596149086993,0.8924448003701436,0.6803369522094727,0.8868399262428284,6000,1,0,10.0,100.0,15.0,0,1,1,resampled segment frame count
sub-3_,69,tx0_rx0__tx1_rx3,tx0_rx0,tx1_rx3,False,host_ms,nan,nan,0.6803369522094727,0.8868399262428284,6000,0,1206,8.0,125.0,12.0,1207,0,,
sub-3_,69,tx0_rx1__tx0_rx2,tx0_rx1,tx0_rx2,True,device_ms,0.6694656115812362,0.8992426956064514,0.6795638203620911,0.886171281337738,6000,1,0,10.0,100.0,15.0,0,1,1,resampled segment frame count
sub-3_,69,tx0_rx1__tx0_rx2,tx0_rx1,tx0_rx2,True,host_ms,nan,nan,0.6795638203620911,0.886171281337738,6000,0,1206,8.0,125.0,12.0,1207,0,,
sub-3_,69,tx0_rx1__tx0_rx3,tx0_rx1,tx0_rx3,True,device_ms,0.6178956988398823,0.9156583643298001,0.6230753064155579,0.9084492325782776,6000,1,0,10.0,100.0,15.0,0,1,1,resampled segment frame count
sub-3_,69,tx0_rx1__tx0_rx3,tx0_rx1,tx0_rx3,True,host_ms,nan,nan,0.6230753064155579,0.9084492325782776,6000,0,1206,8.0,125.0,12.0,1207,0,,
sub-3_,69,tx0_rx1__tx1_rx0,tx0_rx1,tx1_rx0,False,device_ms,0.7009823639682257,0.8901190501437337,0.7152605056762695,0.878399670124054,6000,1,0,10.0,100.0,15.0,0,1,1,resampled segment frame count
sub-3_,69,tx0_rx1__tx1_rx0,tx0_rx1,tx1_rx0,False,host_ms,nan,nan,0.7152605056762695,0.878399670124054,6000,0,1206,8.0,125.0,12.0,1207,0,,
sub-3_,69,tx0_rx1__tx1_rx1,tx0_rx1,tx1_rx1,False,device_ms,0.5507875803862134,0.8890594993690281,0.5553287863731384,0.8799589276313782,6000,1,0,10.0,100.0,15.0,0,1,1,resampled segment frame count
sub-3_,69,tx0_rx1__tx1_rx1,tx0_rx1,tx1_rx1,False,host_ms,nan,nan,0.5553287863731384,0.8799589276313782,6000,0,1206,8.0,125.0,12.0,1207,0,,
sub-3_,69,tx0_rx1__tx1_rx2,tx0_rx1,tx1_rx2,False,device_ms,0.626377721540248,0.9198371780513459,0.6451883912086487,0.9080421328544617,6000,1,0,10.0,100.0,15.0,0,1,1,resampled segment frame count
sub-3_,69,tx0_rx1__tx1_rx2,tx0_rx1,tx1_rx2,False,host_ms,nan,nan,0.6451883912086487,0.9080421328544617,6000,0,1206,8.0,125.0,12.0,1207,0,,
sub-3_,69,tx0_rx1__tx1_rx3,tx0_rx1,tx1_rx3,False,device_ms,0.7563134440331593,0.8851784583271805,0.767519474029541,0.873583197593689,6000,1,0,10.0,100.0,15.0,0,1,1,resampled segment frame count
sub-3_,69,tx0_rx1__tx1_rx3,tx0_rx1,tx1_rx3,False,host_ms,nan,nan,0.767519474029541,0.873583197593689,6000,0,1206,8.0,125.0,12.0,1207,0,,
sub-3_,69,tx0_rx2__tx0_rx3,tx0_rx2,tx0_rx3,True,device_ms,0.7100262583621668,0.9606497900604153,0.7241151332855225,0.9577307105064392,6000,1,0,10.0,100.0,15.0,0,1,1,resampled segment frame count
sub-3_,69,tx0_rx2__tx0_rx3,tx0_rx2,tx0_rx3,True,host_ms,nan,nan,0.7241151332855225,0.9577307105064392,6000,0,1206,8.0,125.0,12.0,1207,0,,
sub-3_,69,tx0_rx2__tx1_rx0,tx0_rx2,tx1_rx0,False,device_ms,0.6177303117477114,0.9159477400262809,0.6372587084770203,0.9042555093765259,6000,1,0,10.0,100.0,15.0,0,1,1,resampled segment frame count
sub-3_,69,tx0_rx2__tx1_rx0,tx0_rx2,tx1_rx0,False,host_ms,nan,nan,0.6372587084770203,0.9042555093765259,6000,0,1206,8.0,125.0,12.0,1207,0,,
sub-3_,69,tx0_rx2__tx1_rx1,tx0_rx2,tx1_rx1,False,device_ms,0.6642652316263272,0.9355859904015753,0.6758192181587219,0.9314610958099365,6000,1,0,10.0,100.0,15.0,0,1,1,resampled segment frame count
sub-3_,69,tx0_rx2__tx1_rx1,tx0_rx2,tx1_rx1,False,host_ms,nan,nan,0.6758192181587219,0.9314610958099365,6000,0,1206,8.0,125.0,12.0,1207,0,,
sub-3_,69,tx0_rx2__tx1_rx2,tx0_rx2,tx1_rx2,False,device_ms,0.6908175563968603,0.940153572931225,0.7091734409332275,0.9325067400932312,6000,1,0,10.0,100.0,15.0,0,1,1,resampled segment frame count
sub-3_,69,tx0_rx2__tx1_rx2,tx0_rx2,tx1_rx2,False,host_ms,nan,nan,0.7091734409332275,0.9325067400932312,6000,0,1206,8.0,125.0,12.0,1207,0,,
sub-3_,69,tx0_rx2__tx1_rx3,tx0_rx2,tx1_rx3,False,device_ms,0.6737720851224255,0.9199206596921898,0.6939918398857117,0.9111143350601196,6000,1,0,10.0,100.0,15.0,0,1,1,resampled segment frame count
sub-3_,69,tx0_rx2__tx1_rx3,tx0_rx2,tx1_rx3,False,host_ms,nan,nan,0.6939918398857117,0.9111143350601196,6000,0,1206,8.0,125.0,12.0,1207,0,,
sub-3_,69,tx0_rx3__tx1_rx0,tx0_rx3,tx1_rx0,False,device_ms,0.6145886492228922,0.9269302887876021,0.6336987614631653,0.9222595691680908,6000,1,0,10.0,100.0,15.0,0,1,1,resampled segment frame count
sub-3_,69,tx0_rx3__tx1_rx0,tx0_rx3,tx1_rx0,False,host_ms,nan,nan,0.6336987614631653,0.9222595691680908,6000,0,1206,8.0,125.0,12.0,1207,0,,
sub-3_,69,tx0_rx3__tx1_rx1,tx0_rx3,tx1_rx1,False,device_ms,0.6916295981236469,0.9369662720275422,0.7036967277526855,0.9353235363960266,6000,1,0,10.0,100.0,15.0,0,1,1,resampled segment frame count
sub-3_,69,tx0_rx3__tx1_rx1,tx0_rx3,tx1_rx1,False,host_ms,nan,nan,0.7036967277526855,0.9353235363960266,6000,0,1206,8.0,125.0,12.0,1207,0,,
sub-3_,69,tx0_rx3__tx1_rx2,tx0_rx3,tx1_rx2,False,device_ms,0.5294416132464599,0.9306016958275278,0.5385949611663818,0.9231379628181458,6000,1,0,10.0,100.0,15.0,0,1,1,resampled segment frame count
sub-3_,69,tx0_rx3__tx1_rx2,tx0_rx3,tx1_rx2,False,host_ms,nan,nan,0.5385949611663818,0.9231379628181458,6000,0,1206,8.0,125.0,12.0,1207,0,,
sub-3_,69,tx0_rx3__tx1_rx3,tx0_rx3,tx1_rx3,False,device_ms,0.6883911279166531,0.9185546296143099,0.6975361704826355,0.9109940528869629,6000,1,0,10.0,100.0,15.0,0,1,1,resampled segment frame count
sub-3_,69,tx0_rx3__tx1_rx3,tx0_rx3,tx1_rx3,False,host_ms,nan,nan,0.6975361704826355,0.9109940528869629,6000,0,1206,8.0,125.0,12.0,1207,0,,
sub-3_,69,tx1_rx0__tx1_rx1,tx1_rx0,tx1_rx1,True,device_ms,0.5812218280526442,0.9400539053959633,0.5945771336555481,0.9382175207138062,6000,1,0,10.0,100.0,15.0,0,1,1,resampled segment frame count
sub-3_,69,tx1_rx0__tx1_rx1,tx1_rx0,tx1_rx1,True,host_ms,nan,nan,0.5945771336555481,0.9382175207138062,6000,0,1206,8.0,125.0,12.0,1207,0,,
sub-3_,69,tx1_rx0__tx1_rx2,tx1_rx0,tx1_rx2,True,device_ms,0.7698620439827323,0.9489851195744585,0.7797908186912537,0.9425970315933228,6000,1,0,10.0,100.0,15.0,0,1,1,resampled segment frame count
sub-3_,69,tx1_rx0__tx1_rx2,tx1_rx0,tx1_rx2,True,host_ms,nan,nan,0.7797908186912537,0.9425970315933228,6000,0,1206,8.0,125.0,12.0,1207,0,,
sub-3_,69,tx1_rx0__tx1_rx3,tx1_rx0,tx1_rx3,True,device_ms,0.7054247880006662,0.9164672430126839,0.719447910785675,0.909692108631134,6000,1,0,10.0,100.0,15.0,0,1,1,resampled segment frame count
sub-3_,69,tx1_rx0__tx1_rx3,tx1_rx0,tx1_rx3,True,host_ms,nan,nan,0.719447910785675,0.909692108631134,6000,0,1206,8.0,125.0,12.0,1207,0,,
sub-3_,69,tx1_rx1__tx1_rx2,tx1_rx1,tx1_rx2,True,device_ms,0.5030288181803478,0.9234522775376501,0.5099740624427795,0.9199519753456116,6000,1,0,10.0,100.0,15.0,0,1,1,resampled segment frame count
sub-3_,69,tx1_rx1__tx1_rx2,tx1_rx1,tx1_rx2,True,host_ms,nan,nan,0.5099740624427795,0.9199519753456116,6000,0,1206,8.0,125.0,12.0,1207,0,,
sub-3_,69,tx1_rx1__tx1_rx3,tx1_rx1,tx1_rx3,True,device_ms,0.5949718119983484,0.8630925690726474,0.6044830679893494,0.8588130474090576,6000,1,0,10.0,100.0,15.0,0,1,1,resampled segment frame count
sub-3_,69,tx1_rx1__tx1_rx3,tx1_rx1,tx1_rx3,True,host_ms,nan,nan,0.6044830679893494,0.8588130474090576,6000,0,1206,8.0,125.0,12.0,1207,0,,
sub-3_,69,tx1_rx2__tx1_rx3,tx1_rx2,tx1_rx3,True,device_ms,0.6460136870081986,0.9308300339075216,0.6621491312980652,0.9194842576980591,6000,1,0,10.0,100.0,15.0,0,1,1,resampled segment frame count
sub-3_,69,tx1_rx2__tx1_rx3,tx1_rx2,tx1_rx3,True,host_ms,nan,nan,0.6621491312980652,0.9194842576980591,6000,0,1206,8.0,125.0,12.0,1207,0,,
sub-4_,12,tx0_rx0__tx0_rx1,tx0_rx0,tx0_rx1,True,device_ms,0.8377326240091049,0.9555451053072636,0.8428468704223633,0.9528932571411133,6000,1,0,10.0,100.0,15.0,0,1,1,resampled segment frame count
sub-4_,12,tx0_rx0__tx0_rx1,tx0_rx0,tx0_rx1,True,host_ms,nan,nan,0.8428468704223633,0.9528932571411133,6000,0,1687,7.0,142.85714285714286,10.5,1688,0,,
sub-4_,12,tx0_rx0__tx0_rx2,tx0_rx0,tx0_rx2,True,device_ms,0.7692062664755372,0.9429687816712525,0.7736985087394714,0.9432946443557739,6000,1,0,10.0,100.0,15.0,0,1,1,resampled segment frame count
sub-4_,12,tx0_rx0__tx0_rx2,tx0_rx0,tx0_rx2,True,host_ms,nan,nan,0.7736985087394714,0.9432946443557739,6000,0,1687,7.0,142.85714285714286,10.5,1688,0,,
sub-4_,12,tx0_rx0__tx0_rx3,tx0_rx0,tx0_rx3,True,device_ms,0.7363035004331162,0.9427805896232178,0.7272534966468811,0.9401507377624512,6000,1,0,10.0,100.0,15.0,0,1,1,resampled segment frame count
sub-4_,12,tx0_rx0__tx0_rx3,tx0_rx0,tx0_rx3,True,host_ms,nan,nan,0.7272534966468811,0.9401507377624512,6000,0,1687,7.0,142.85714285714286,10.5,1688,0,,
sub-4_,12,tx0_rx0__tx1_rx0,tx0_rx0,tx1_rx0,False,device_ms,0.8281053690479915,0.9706889516534265,0.8259895443916321,0.9703902006149292,6000,1,0,10.0,100.0,15.0,0,1,1,resampled segment frame count
sub-4_,12,tx0_rx0__tx1_rx0,tx0_rx0,tx1_rx0,False,host_ms,nan,nan,0.8259895443916321,0.9703902006149292,6000,0,1687,7.0,142.85714285714286,10.5,1688,0,,
sub-4_,12,tx0_rx0__tx1_rx1,tx0_rx0,tx1_rx1,False,device_ms,0.7194890567549584,0.9292371452308458,0.7286943793296814,0.927667498588562,6000,1,0,10.0,100.0,15.0,0,1,1,resampled segment frame count
sub-4_,12,tx0_rx0__tx1_rx1,tx0_rx0,tx1_rx1,False,host_ms,nan,nan,0.7286943793296814,0.927667498588562,6000,0,1687,7.0,142.85714285714286,10.5,1688,0,,
sub-4_,12,tx0_rx0__tx1_rx2,tx0_rx0,tx1_rx2,False,device_ms,0.7645398704262377,0.9457790318542096,0.770057201385498,0.9479002356529236,6000,1,0,10.0,100.0,15.0,0,1,1,resampled segment frame count
sub-4_,12,tx0_rx0__tx1_rx2,tx0_rx0,tx1_rx2,False,host_ms,nan,nan,0.770057201385498,0.9479002356529236,6000,0,1687,7.0,142.85714285714286,10.5,1688,0,,
sub-4_,12,tx0_rx0__tx1_rx3,tx0_rx0,tx1_rx3,False,device_ms,0.6388509784305583,0.9383400629089326,0.6415258049964905,0.935798168182373,6000,1,0,10.0,100.0,15.0,0,1,1,resampled segment frame count
sub-4_,12,tx0_rx0__tx1_rx3,tx0_rx0,tx1_rx3,False,host_ms,nan,nan,0.6415258049964905,0.935798168182373,6000,0,1687,7.0,142.85714285714286,10.5,1688,0,,
sub-4_,12,tx0_rx1__tx0_rx2,tx0_rx1,tx0_rx2,True,device_ms,0.7331458051647876,0.9514909860223434,0.7418089509010315,0.954239010810852,6000,1,0,10.0,100.0,15.0,0,1,1,resampled segment frame count
sub-4_,12,tx0_rx1__tx0_rx2,tx0_rx1,tx0_rx2,True,host_ms,nan,nan,0.7418089509010315,0.954239010810852,6000,0,1687,7.0,142.85714285714286,10.5,1688,0,,
sub-4_,12,tx0_rx1__tx0_rx3,tx0_rx1,tx0_rx3,True,device_ms,0.7370427603562081,0.9243987798572618,0.7326538562774658,0.9209198951721191,6000,1,0,10.0,100.0,15.0,0,1,1,resampled segment frame count
sub-4_,12,tx0_rx1__tx0_rx3,tx0_rx1,tx0_rx3,True,host_ms,nan,nan,0.7326538562774658,0.9209198951721191,6000,0,1687,7.0,142.85714285714286,10.5,1688,0,,
sub-4_,12,tx0_rx1__tx1_rx0,tx0_rx1,tx1_rx0,False,device_ms,0.7946703236547253,0.9575949524691998,0.7955646514892578,0.9544352889060974,6000,1,0,10.0,100.0,15.0,0,1,1,resampled segment frame count
sub-4_,12,tx0_rx1__tx1_rx0,tx0_rx1,tx1_rx0,False,host_ms,nan,nan,0.7955646514892578,0.9544352889060974,6000,0,1687,7.0,142.85714285714286,10.5,1688,0,,
sub-4_,12,tx0_rx1__tx1_rx1,tx0_rx1,tx1_rx1,False,device_ms,0.7408395679033939,0.938988238789784,0.7453106045722961,0.9316914081573486,6000,1,0,10.0,100.0,15.0,0,1,1,resampled segment frame count
sub-4_,12,tx0_rx1__tx1_rx1,tx0_rx1,tx1_rx1,False,host_ms,nan,nan,0.7453106045722961,0.9316914081573486,6000,0,1687,7.0,142.85714285714286,10.5,1688,0,,
sub-4_,12,tx0_rx1__tx1_rx2,tx0_rx1,tx1_rx2,False,device_ms,0.7096653493712487,0.9405999223162821,0.7133584022521973,0.9380625486373901,6000,1,0,10.0,100.0,15.0,0,1,1,resampled segment frame count
sub-4_,12,tx0_rx1__tx1_rx2,tx0_rx1,tx1_rx2,False,host_ms,nan,nan,0.7133584022521973,0.9380625486373901,6000,0,1687,7.0,142.85714285714286,10.5,1688,0,,
sub-4_,12,tx0_rx1__tx1_rx3,tx0_rx1,tx1_rx3,False,device_ms,0.6762917891297457,0.9536925673159328,0.6763989925384521,0.9506188631057739,6000,1,0,10.0,100.0,15.0,0,1,1,resampled segment frame count
sub-4_,12,tx0_rx1__tx1_rx3,tx0_rx1,tx1_rx3,False,host_ms,nan,nan,0.6763989925384521,0.9506188631057739,6000,0,1687,7.0,142.85714285714286,10.5,1688,0,,
sub-4_,12,tx0_rx2__tx0_rx3,tx0_rx2,tx0_rx3,True,device_ms,0.6883715876876241,0.9258230869058195,0.6828263401985168,0.92433762550354,6000,1,0,10.0,100.0,15.0,0,1,1,resampled segment frame count
sub-4_,12,tx0_rx2__tx0_rx3,tx0_rx2,tx0_rx3,True,host_ms,nan,nan,0.6828263401985168,0.92433762550354,6000,0,1687,7.0,142.85714285714286,10.5,1688,0,,
sub-4_,12,tx0_rx2__tx1_rx0,tx0_rx2,tx1_rx0,False,device_ms,0.7211767240308591,0.9159404394543325,0.7229480743408203,0.9163121581077576,6000,1,0,10.0,100.0,15.0,0,1,1,resampled segment frame count
sub-4_,12,tx0_rx2__tx1_rx0,tx0_rx2,tx1_rx0,False,host_ms,nan,nan,0.7229480743408203,0.9163121581077576,6000,0,1687,7.0,142.85714285714286,10.5,1688,0,,
sub-4_,12,tx0_rx2__tx1_rx1,tx0_rx2,tx1_rx1,False,device_ms,0.6735307472225802,0.9139165609832305,0.6755865216255188,0.9131647944450378,6000,1,0,10.0,100.0,15.0,0,1,1,resampled segment frame count
sub-4_,12,tx0_rx2__tx1_rx1,tx0_rx2,tx1_rx1,False,host_ms,nan,nan,0.6755865216255188,0.9131647944450378,6000,0,1687,7.0,142.85714285714286,10.5,1688,0,,
sub-4_,12,tx0_rx2__tx1_rx2,tx0_rx2,tx1_rx2,False,device_ms,0.7805542032902758,0.9341841651376864,0.7751068472862244,0.9349067211151123,6000,1,0,10.0,100.0,15.0,0,1,1,resampled segment frame count
sub-4_,12,tx0_rx2__tx1_rx2,tx0_rx2,tx1_rx2,False,host_ms,nan,nan,0.7751068472862244,0.9349067211151123,6000,0,1687,7.0,142.85714285714286,10.5,1688,0,,
sub-4_,12,tx0_rx2__tx1_rx3,tx0_rx2,tx1_rx3,False,device_ms,0.6599357823227976,0.9397582573623358,0.6636016964912415,0.937472939491272,6000,1,0,10.0,100.0,15.0,0,1,1,resampled segment frame count
sub-4_,12,tx0_rx2__tx1_rx3,tx0_rx2,tx1_rx3,False,host_ms,nan,nan,0.6636016964912415,0.937472939491272,6000,0,1687,7.0,142.85714285714286,10.5,1688,0,,
sub-4_,12,tx0_rx3__tx1_rx0,tx0_rx3,tx1_rx0,False,device_ms,0.7745125810726409,0.9265263898984418,0.7679853439331055,0.9231753945350647,6000,1,0,10.0,100.0,15.0,0,1,1,resampled segment frame count
sub-4_,12,tx0_rx3__tx1_rx0,tx0_rx3,tx1_rx0,False,host_ms,nan,nan,0.7679853439331055,0.9231753945350647,6000,0,1687,7.0,142.85714285714286,10.5,1688,0,,
sub-4_,12,tx0_rx3__tx1_rx1,tx0_rx3,tx1_rx1,False,device_ms,0.6965098469956077,0.8946896001439062,0.6840009093284607,0.8910890817642212,6000,1,0,10.0,100.0,15.0,0,1,1,resampled segment frame count
sub-4_,12,tx0_rx3__tx1_rx1,tx0_rx3,tx1_rx1,False,host_ms,nan,nan,0.6840009093284607,0.8910890817642212,6000,0,1687,7.0,142.85714285714286,10.5,1688,0,,
sub-4_,12,tx0_rx3__tx1_rx2,tx0_rx3,tx1_rx2,False,device_ms,0.7082096025009195,0.9111736817162603,0.700047492980957,0.9116458296775818,6000,1,0,10.0,100.0,15.0,0,1,1,resampled segment frame count
sub-4_,12,tx0_rx3__tx1_rx2,tx0_rx3,tx1_rx2,False,host_ms,nan,nan,0.700047492980957,0.9116458296775818,6000,0,1687,7.0,142.85714285714286,10.5,1688,0,,
sub-4_,12,tx0_rx3__tx1_rx3,tx0_rx3,tx1_rx3,False,device_ms,0.7352483473497704,0.9415647985098491,0.729783833026886,0.939059853553772,6000,1,0,10.0,100.0,15.0,0,1,1,resampled segment frame count
sub-4_,12,tx0_rx3__tx1_rx3,tx0_rx3,tx1_rx3,False,host_ms,nan,nan,0.729783833026886,0.939059853553772,6000,0,1687,7.0,142.85714285714286,10.5,1688,0,,
sub-4_,12,tx1_rx0__tx1_rx1,tx1_rx0,tx1_rx1,True,device_ms,0.7933581136655313,0.9440893362633268,0.7954037189483643,0.9433889389038086,6000,1,0,10.0,100.0,15.0,0,1,1,resampled segment frame count
sub-4_,12,tx1_rx0__tx1_rx1,tx1_rx0,tx1_rx1,True,host_ms,nan,nan,0.7954037189483643,0.9433889389038086,6000,0,1687,7.0,142.85714285714286,10.5,1688,0,,
sub-4_,12,tx1_rx0__tx1_rx2,tx1_rx0,tx1_rx2,True,device_ms,0.740633796696701,0.9469182255289892,0.7392824292182922,0.9453330039978027,6000,1,0,10.0,100.0,15.0,0,1,1,resampled segment frame count
sub-4_,12,tx1_rx0__tx1_rx2,tx1_rx0,tx1_rx2,True,host_ms,nan,nan,0.7392824292182922,0.9453330039978027,6000,0,1687,7.0,142.85714285714286,10.5,1688,0,,
sub-4_,12,tx1_rx0__tx1_rx3,tx1_rx0,tx1_rx3,True,device_ms,0.7199481027155342,0.9522527302124493,0.7218143939971924,0.9488467574119568,6000,1,0,10.0,100.0,15.0,0,1,1,resampled segment frame count
sub-4_,12,tx1_rx0__tx1_rx3,tx1_rx0,tx1_rx3,True,host_ms,nan,nan,0.7218143939971924,0.9488467574119568,6000,0,1687,7.0,142.85714285714286,10.5,1688,0,,
sub-4_,12,tx1_rx1__tx1_rx2,tx1_rx1,tx1_rx2,True,device_ms,0.8234955420758695,0.9491917278354947,0.8176240921020508,0.9474918842315674,6000,1,0,10.0,100.0,15.0,0,1,1,resampled segment frame count
sub-4_,12,tx1_rx1__tx1_rx2,tx1_rx1,tx1_rx2,True,host_ms,nan,nan,0.8176240921020508,0.9474918842315674,6000,0,1687,7.0,142.85714285714286,10.5,1688,0,,
sub-4_,12,tx1_rx1__tx1_rx3,tx1_rx1,tx1_rx3,True,device_ms,0.7227136023061439,0.9214611304636561,0.7220516800880432,0.9173630475997925,6000,1,0,10.0,100.0,15.0,0,1,1,resampled segment frame count
sub-4_,12,tx1_rx1__tx1_rx3,tx1_rx1,tx1_rx3,True,host_ms,nan,nan,0.7220516800880432,0.9173630475997925,6000,0,1687,7.0,142.85714285714286,10.5,1688,0,,
sub-4_,12,tx1_rx2__tx1_rx3,tx1_rx2,tx1_rx3,True,device_ms,0.7555554380797719,0.9426859406595425,0.7593702673912048,0.9400351643562317,6000,1,0,10.0,100.0,15.0,0,1,1,resampled segment frame count
sub-4_,12,tx1_rx2__tx1_rx3,tx1_rx2,tx1_rx3,True,host_ms,nan,nan,0.7593702673912048,0.9400351643562317,6000,0,1687,7.0,142.85714285714286,10.5,1688,0,,
sub-4_,15,tx0_rx0__tx0_rx1,tx0_rx0,tx0_rx1,True,device_ms,0.10898941557716552,0.25119978010309635,0.10611793398857117,0.2511054575443268,6000,1,0,10.0,100.0,15.0,0,1,1,resampled segment frame count
sub-4_,15,tx0_rx0__tx0_rx1,tx0_rx0,tx0_rx1,True,host_ms,nan,nan,0.10611793398857117,0.2511054575443268,6000,0,1687,7.0,142.85714285714286,10.5,1688,0,,
sub-4_,15,tx0_rx0__tx0_rx2,tx0_rx0,tx0_rx2,True,device_ms,0.12393454522435594,0.2641857068413244,0.1331862062215805,0.2565821707248688,6000,1,0,10.0,100.0,15.0,0,1,1,resampled segment frame count
sub-4_,15,tx0_rx0__tx0_rx2,tx0_rx0,tx0_rx2,True,host_ms,nan,nan,0.1331862062215805,0.2565821707248688,6000,0,1687,7.0,142.85714285714286,10.5,1688,0,,
sub-4_,15,tx0_rx0__tx0_rx3,tx0_rx0,tx0_rx3,True,device_ms,0.18874452826671764,0.6051080589695589,0.1938001662492752,0.6210840344429016,6000,1,0,10.0,100.0,15.0,0,1,1,resampled segment frame count
sub-4_,15,tx0_rx0__tx0_rx3,tx0_rx0,tx0_rx3,True,host_ms,nan,nan,0.1938001662492752,0.6210840344429016,6000,0,1687,7.0,142.85714285714286,10.5,1688,0,,
sub-4_,15,tx0_rx0__tx1_rx0,tx0_rx0,tx1_rx0,False,device_ms,0.1955141992824142,0.5535662100766114,0.1986030489206314,0.5416330695152283,6000,1,0,10.0,100.0,15.0,0,1,1,resampled segment frame count
sub-4_,15,tx0_rx0__tx1_rx0,tx0_rx0,tx1_rx0,False,host_ms,nan,nan,0.1986030489206314,0.5416330695152283,6000,0,1687,7.0,142.85714285714286,10.5,1688,0,,
sub-4_,15,tx0_rx0__tx1_rx1,tx0_rx0,tx1_rx1,False,device_ms,0.1528773090648954,0.2323851908911076,0.16008155047893524,0.22860288619995117,6000,1,0,10.0,100.0,15.0,0,1,1,resampled segment frame count
sub-4_,15,tx0_rx0__tx1_rx1,tx0_rx0,tx1_rx1,False,host_ms,nan,nan,0.16008155047893524,0.22860288619995117,6000,0,1687,7.0,142.85714285714286,10.5,1688,0,,
sub-4_,15,tx0_rx0__tx1_rx2,tx0_rx0,tx1_rx2,False,device_ms,0.23142972287152982,0.21101074785588872,0.23340052366256714,0.2312488555908203,6000,1,0,10.0,100.0,15.0,0,1,1,resampled segment frame count
sub-4_,15,tx0_rx0__tx1_rx2,tx0_rx0,tx1_rx2,False,host_ms,nan,nan,0.23340052366256714,0.2312488555908203,6000,0,1687,7.0,142.85714285714286,10.5,1688,0,,
sub-4_,15,tx0_rx0__tx1_rx3,tx0_rx0,tx1_rx3,False,device_ms,0.14319082561270982,0.5249551400991097,0.15231899917125702,0.5182422995567322,6000,1,0,10.0,100.0,15.0,0,1,1,resampled segment frame count
sub-4_,15,tx0_rx0__tx1_rx3,tx0_rx0,tx1_rx3,False,host_ms,nan,nan,0.15231899917125702,0.5182422995567322,6000,0,1687,7.0,142.85714285714286,10.5,1688,0,,
sub-4_,15,tx0_rx1__tx0_rx2,tx0_rx1,tx0_rx2,True,device_ms,0.08264689592123563,0.2124697915502211,0.07647892087697983,0.2122093290090561,6000,1,0,10.0,100.0,15.0,0,1,1,resampled segment frame count
sub-4_,15,tx0_rx1__tx0_rx2,tx0_rx1,tx0_rx2,True,host_ms,nan,nan,0.07647892087697983,0.2122093290090561,6000,0,1687,7.0,142.85714285714286,10.5,1688,0,,
sub-4_,15,tx0_rx1__tx0_rx3,tx0_rx1,tx0_rx3,True,device_ms,0.08628032935729207,0.2982415576772735,0.08349362015724182,0.30128535628318787,6000,1,0,10.0,100.0,15.0,0,1,1,resampled segment frame count
sub-4_,15,tx0_rx1__tx0_rx3,tx0_rx1,tx0_rx3,True,host_ms,nan,nan,0.08349362015724182,0.30128535628318787,6000,0,1687,7.0,142.85714285714286,10.5,1688,0,,
sub-4_,15,tx0_rx1__tx1_rx0,tx0_rx1,tx1_rx0,False,device_ms,0.06843632025360853,0.27820254322834675,0.07365214079618454,0.27783170342445374,6000,1,0,10.0,100.0,15.0,0,1,1,resampled segment frame count
sub-4_,15,tx0_rx1__tx1_rx0,tx0_rx1,tx1_rx0,False,host_ms,nan,nan,0.07365214079618454,0.27783170342445374,6000,0,1687,7.0,142.85714285714286,10.5,1688,0,,
sub-4_,15,tx0_rx1__tx1_rx1,tx0_rx1,tx1_rx1,False,device_ms,0.16413299751268326,0.26619434561445543,0.16613763570785522,0.2809167206287384,6000,1,0,10.0,100.0,15.0,0,1,1,resampled segment frame count
sub-4_,15,tx0_rx1__tx1_rx1,tx0_rx1,tx1_rx1,False,host_ms,nan,nan,0.16613763570785522,0.2809167206287384,6000,0,1687,7.0,142.85714285714286,10.5,1688,0,,
sub-4_,15,tx0_rx1__tx1_rx2,tx0_rx1,tx1_rx2,False,device_ms,0.10849894298149945,0.17801807308800535,0.10129603743553162,0.18303397297859192,6000,1,0,10.0,100.0,15.0,0,1,1,resampled segment frame count
sub-4_,15,tx0_rx1__tx1_rx2,tx0_rx1,tx1_rx2,False,host_ms,nan,nan,0.10129603743553162,0.18303397297859192,6000,0,1687,7.0,142.85714285714286,10.5,1688,0,,
sub-4_,15,tx0_rx1__tx1_rx3,tx0_rx1,tx1_rx3,False,device_ms,0.10258496597641477,0.1413128510304928,0.09742455929517746,0.14878657460212708,6000,1,0,10.0,100.0,15.0,0,1,1,resampled segment frame count
sub-4_,15,tx0_rx1__tx1_rx3,tx0_rx1,tx1_rx3,False,host_ms,nan,nan,0.09742455929517746,0.14878657460212708,6000,0,1687,7.0,142.85714285714286,10.5,1688,0,,
sub-4_,15,tx0_rx2__tx0_rx3,tx0_rx2,tx0_rx3,True,device_ms,0.1422423790840827,0.34869007340602204,0.14044597744941711,0.3447430431842804,6000,1,0,10.0,100.0,15.0,0,1,1,resampled segment frame count
sub-4_,15,tx0_rx2__tx0_rx3,tx0_rx2,tx0_rx3,True,host_ms,nan,nan,0.14044597744941711,0.3447430431842804,6000,0,1687,7.0,142.85714285714286,10.5,1688,0,,
sub-4_,15,tx0_rx2__tx1_rx0,tx0_rx2,tx1_rx0,False,device_ms,0.1320268501443109,0.3496571370186846,0.14249832928180695,0.3565796911716461,6000,1,0,10.0,100.0,15.0,0,1,1,resampled segment frame count
sub-4_,15,tx0_rx2__tx1_rx0,tx0_rx2,tx1_rx0,False,host_ms,nan,nan,0.14249832928180695,0.3565796911716461,6000,0,1687,7.0,142.85714285714286,10.5,1688,0,,
sub-4_,15,tx0_rx2__tx1_rx1,tx0_rx2,tx1_rx1,False,device_ms,0.15871890418594584,0.23509395313673517,0.1545468419790268,0.2365507185459137,6000,1,0,10.0,100.0,15.0,0,1,1,resampled segment frame count
sub-4_,15,tx0_rx2__tx1_rx1,tx0_rx2,tx1_rx1,False,host_ms,nan,nan,0.1545468419790268,0.2365507185459137,6000,0,1687,7.0,142.85714285714286,10.5,1688,0,,
sub-4_,15,tx0_rx2__tx1_rx2,tx0_rx2,tx1_rx2,False,device_ms,0.20280655613040868,0.480333557357261,0.22639258205890656,0.4677257537841797,6000,1,0,10.0,100.0,15.0,0,1,1,resampled segment frame count
sub-4_,15,tx0_rx2__tx1_rx2,tx0_rx2,tx1_rx2,False,host_ms,nan,nan,0.22639258205890656,0.4677257537841797,6000,0,1687,7.0,142.85714285714286,10.5,1688,0,,
sub-4_,15,tx0_rx2__tx1_rx3,tx0_rx2,tx1_rx3,False,device_ms,0.17969040165470657,0.32767591022668263,0.18898630142211914,0.3421781659126282,6000,1,0,10.0,100.0,15.0,0,1,1,resampled segment frame count
sub-4_,15,tx0_rx2__tx1_rx3,tx0_rx2,tx1_rx3,False,host_ms,nan,nan,0.18898630142211914,0.3421781659126282,6000,0,1687,7.0,142.85714285714286,10.5,1688,0,,
sub-4_,15,tx0_rx3__tx1_rx0,tx0_rx3,tx1_rx0,False,device_ms,0.37337839911698567,0.5660270139962127,0.3617289960384369,0.5429642200469971,6000,1,0,10.0,100.0,15.0,0,1,1,resampled segment frame count
sub-4_,15,tx0_rx3__tx1_rx0,tx0_rx3,tx1_rx0,False,host_ms,nan,nan,0.3617289960384369,0.5429642200469971,6000,0,1687,7.0,142.85714285714286,10.5,1688,0,,
sub-4_,15,tx0_rx3__tx1_rx1,tx0_rx3,tx1_rx1,False,device_ms,0.1938335874067091,0.20360538893817845,0.17962931096553802,0.2051817923784256,6000,1,0,10.0,100.0,15.0,0,1,1,resampled segment frame count
sub-4_,15,tx0_rx3__tx1_rx1,tx0_rx3,tx1_rx1,False,host_ms,nan,nan,0.17962931096553802,0.2051817923784256,6000,0,1687,7.0,142.85714285714286,10.5,1688,0,,
sub-4_,15,tx0_rx3__tx1_rx2,tx0_rx3,tx1_rx2,False,device_ms,0.07690779751971083,0.22336563527379327,0.09231609106063843,0.23222942650318146,6000,1,0,10.0,100.0,15.0,0,1,1,resampled segment frame count
sub-4_,15,tx0_rx3__tx1_rx2,tx0_rx3,tx1_rx2,False,host_ms,nan,nan,0.09231609106063843,0.23222942650318146,6000,0,1687,7.0,142.85714285714286,10.5,1688,0,,
sub-4_,15,tx0_rx3__tx1_rx3,tx0_rx3,tx1_rx3,False,device_ms,0.22212633148223787,0.5292030270503202,0.2135692685842514,0.5358662009239197,6000,1,0,10.0,100.0,15.0,0,1,1,resampled segment frame count
sub-4_,15,tx0_rx3__tx1_rx3,tx0_rx3,tx1_rx3,False,host_ms,nan,nan,0.2135692685842514,0.5358662009239197,6000,0,1687,7.0,142.85714285714286,10.5,1688,0,,
sub-4_,15,tx1_rx0__tx1_rx1,tx1_rx0,tx1_rx1,True,device_ms,0.15734745775820627,0.2935041739637216,0.16045524179935455,0.2710024118423462,6000,1,0,10.0,100.0,15.0,0,1,1,resampled segment frame count
sub-4_,15,tx1_rx0__tx1_rx1,tx1_rx0,tx1_rx1,True,host_ms,nan,nan,0.16045524179935455,0.2710024118423462,6000,0,1687,7.0,142.85714285714286,10.5,1688,0,,
sub-4_,15,tx1_rx0__tx1_rx2,tx1_rx0,tx1_rx2,True,device_ms,0.18044516223711668,0.393175699278876,0.18741343915462494,0.43104034662246704,6000,1,0,10.0,100.0,15.0,0,1,1,resampled segment frame count
sub-4_,15,tx1_rx0__tx1_rx2,tx1_rx0,tx1_rx2,True,host_ms,nan,nan,0.18741343915462494,0.43104034662246704,6000,0,1687,7.0,142.85714285714286,10.5,1688,0,,
sub-4_,15,tx1_rx0__tx1_rx3,tx1_rx0,tx1_rx3,True,device_ms,0.4327249959471309,0.6359594022591406,0.42199841141700745,0.6457227468490601,6000,1,0,10.0,100.0,15.0,0,1,1,resampled segment frame count
sub-4_,15,tx1_rx0__tx1_rx3,tx1_rx0,tx1_rx3,True,host_ms,nan,nan,0.42199841141700745,0.6457227468490601,6000,0,1687,7.0,142.85714285714286,10.5,1688,0,,
sub-4_,15,tx1_rx1__tx1_rx2,tx1_rx1,tx1_rx2,True,device_ms,0.21059274281693527,0.371111922590641,0.22541554272174835,0.36465805768966675,6000,1,0,10.0,100.0,15.0,0,1,1,resampled segment frame count
sub-4_,15,tx1_rx1__tx1_rx2,tx1_rx1,tx1_rx2,True,host_ms,nan,nan,0.22541554272174835,0.36465805768966675,6000,0,1687,7.0,142.85714285714286,10.5,1688,0,,
sub-4_,15,tx1_rx1__tx1_rx3,tx1_rx1,tx1_rx3,True,device_ms,0.08725377704845251,0.31630426909600606,0.08207917213439941,0.2870376408100128,6000,1,0,10.0,100.0,15.0,0,1,1,resampled segment frame count
sub-4_,15,tx1_rx1__tx1_rx3,tx1_rx1,tx1_rx3,True,host_ms,nan,nan,0.08207917213439941,0.2870376408100128,6000,0,1687,7.0,142.85714285714286,10.5,1688,0,,
sub-4_,15,tx1_rx2__tx1_rx3,tx1_rx2,tx1_rx3,True,device_ms,0.15788846082069866,0.44817430748589293,0.15793226659297943,0.47089558839797974,6000,1,0,10.0,100.0,15.0,0,1,1,resampled segment frame count
sub-4_,15,tx1_rx2__tx1_rx3,tx1_rx2,tx1_rx3,True,host_ms,nan,nan,0.15793226659297943,0.47089558839797974,6000,0,1687,7.0,142.85714285714286,10.5,1688,0,,
sub-4_,4,tx0_rx0__tx0_rx1,tx0_rx0,tx0_rx1,True,device_ms,0.8019851933919204,0.9269091925701558,0.8087181448936462,0.932045578956604,6000,1,0,10.0,100.0,15.0,0,1,1,resampled segment frame count
sub-4_,4,tx0_rx0__tx0_rx1,tx0_rx0,tx0_rx1,True,host_ms,nan,nan,0.8087181448936462,0.932045578956604,6000,0,1687,7.0,142.85714285714286,10.5,1688,0,,
sub-4_,4,tx0_rx0__tx0_rx2,tx0_rx0,tx0_rx2,True,device_ms,0.7238567616007533,0.7119008335642021,0.7197486758232117,0.7129151225090027,6000,1,0,10.0,100.0,15.0,0,1,1,resampled segment frame count
sub-4_,4,tx0_rx0__tx0_rx2,tx0_rx0,tx0_rx2,True,host_ms,nan,nan,0.7197486758232117,0.7129151225090027,6000,0,1687,7.0,142.85714285714286,10.5,1688,0,,
sub-4_,4,tx0_rx0__tx0_rx3,tx0_rx0,tx0_rx3,True,device_ms,0.09041913986310073,0.03663641390474806,0.08604714274406433,0.0548553392291069,6000,1,0,10.0,100.0,15.0,0,1,1,resampled segment frame count
sub-4_,4,tx0_rx0__tx0_rx3,tx0_rx0,tx0_rx3,True,host_ms,nan,nan,0.08604714274406433,0.0548553392291069,6000,0,1687,7.0,142.85714285714286,10.5,1688,0,,
sub-4_,4,tx0_rx0__tx1_rx0,tx0_rx0,tx1_rx0,False,device_ms,0.9898283403055915,0.9901164922880905,0.989823043346405,0.9897768497467041,6000,1,0,10.0,100.0,15.0,0,1,1,resampled segment frame count
sub-4_,4,tx0_rx0__tx1_rx0,tx0_rx0,tx1_rx0,False,host_ms,nan,nan,0.989823043346405,0.9897768497467041,6000,0,1687,7.0,142.85714285714286,10.5,1688,0,,
sub-4_,4,tx0_rx0__tx1_rx1,tx0_rx0,tx1_rx1,False,device_ms,0.6504275483482335,0.6823480435195376,0.6482908725738525,0.6800943613052368,6000,1,0,10.0,100.0,15.0,0,1,1,resampled segment frame count
sub-4_,4,tx0_rx0__tx1_rx1,tx0_rx0,tx1_rx1,False,host_ms,nan,nan,0.6482908725738525,0.6800943613052368,6000,0,1687,7.0,142.85714285714286,10.5,1688,0,,
sub-4_,4,tx0_rx0__tx1_rx2,tx0_rx0,tx1_rx2,False,device_ms,0.6443838978216496,0.7281923124141787,0.6516605615615845,0.7322512865066528,6000,1,0,10.0,100.0,15.0,0,1,1,resampled segment frame count
sub-4_,4,tx0_rx0__tx1_rx2,tx0_rx0,tx1_rx2,False,host_ms,nan,nan,0.6516605615615845,0.7322512865066528,6000,0,1687,7.0,142.85714285714286,10.5,1688,0,,
sub-4_,4,tx0_rx0__tx1_rx3,tx0_rx0,tx1_rx3,False,device_ms,0.12651333512166943,0.05797572708432254,0.1253150999546051,0.08673496544361115,6000,1,0,10.0,100.0,15.0,0,1,1,resampled segment frame count
sub-4_,4,tx0_rx0__tx1_rx3,tx0_rx0,tx1_rx3,False,host_ms,nan,nan,0.1253150999546051,0.08673496544361115,6000,0,1687,7.0,142.85714285714286,10.5,1688,0,,
sub-4_,4,tx0_rx1__tx0_rx2,tx0_rx1,tx0_rx2,True,device_ms,0.7090136951408857,0.7695992016161449,0.7040970921516418,0.7727877497673035,6000,1,0,10.0,100.0,15.0,0,1,1,resampled segment frame count
sub-4_,4,tx0_rx1__tx0_rx2,tx0_rx1,tx0_rx2,True,host_ms,nan,nan,0.7040970921516418,0.7727877497673035,6000,0,1687,7.0,142.85714285714286,10.5,1688,0,,
sub-4_,4,tx0_rx1__tx0_rx3,tx0_rx1,tx0_rx3,True,device_ms,0.17076072486532445,0.027777859416698088,0.15913811326026917,0.03139233589172363,6000,1,0,10.0,100.0,15.0,0,1,1,resampled segment frame count
sub-4_,4,tx0_rx1__tx0_rx3,tx0_rx1,tx0_rx3,True,host_ms,nan,nan,0.15913811326026917,0.03139233589172363,6000,0,1687,7.0,142.85714285714286,10.5,1688,0,,
sub-4_,4,tx0_rx1__tx1_rx0,tx0_rx1,tx1_rx0,False,device_ms,0.8393084088393091,0.9455372629468786,0.8434057831764221,0.9504732489585876,6000,1,0,10.0,100.0,15.0,0,1,1,resampled segment frame count
sub-4_,4,tx0_rx1__tx1_rx0,tx0_rx1,tx1_rx0,False,host_ms,nan,nan,0.8434057831764221,0.9504732489585876,6000,0,1687,7.0,142.85714285714286,10.5,1688,0,,
sub-4_,4,tx0_rx1__tx1_rx1,tx0_rx1,tx1_rx1,False,device_ms,0.6410859981973244,0.7606917100750976,0.6373380422592163,0.759597659111023,6000,1,0,10.0,100.0,15.0,0,1,1,resampled segment frame count
sub-4_,4,tx0_rx1__tx1_rx1,tx0_rx1,tx1_rx1,False,host_ms,nan,nan,0.6373380422592163,0.759597659111023,6000,0,1687,7.0,142.85714285714286,10.5,1688,0,,
sub-4_,4,tx0_rx1__tx1_rx2,tx0_rx1,tx1_rx2,False,device_ms,0.5242761431515343,0.7088033365388859,0.5446341037750244,0.7214217185974121,6000,1,0,10.0,100.0,15.0,0,1,1,resampled segment frame count
sub-4_,4,tx0_rx1__tx1_rx2,tx0_rx1,tx1_rx2,False,host_ms,nan,nan,0.5446341037750244,0.7214217185974121,6000,0,1687,7.0,142.85714285714286,10.5,1688,0,,
sub-4_,4,tx0_rx1__tx1_rx3,tx0_rx1,tx1_rx3,False,device_ms,0.1825616033563113,0.023774153955670636,0.1755351424217224,0.037033624947071075,6000,1,0,10.0,100.0,15.0,0,1,1,resampled segment frame count
sub-4_,4,tx0_rx1__tx1_rx3,tx0_rx1,tx1_rx3,False,host_ms,nan,nan,0.1755351424217224,0.037033624947071075,6000,0,1687,7.0,142.85714285714286,10.5,1688,0,,
sub-4_,4,tx0_rx2__tx0_rx3,tx0_rx2,tx0_rx3,True,device_ms,0.33050163310093195,0.18281400936570594,0.3314076364040375,0.15476016700267792,6000,1,0,10.0,100.0,15.0,0,1,1,resampled segment frame count
sub-4_,4,tx0_rx2__tx0_rx3,tx0_rx2,tx0_rx3,True,host_ms,nan,nan,0.3314076364040375,0.15476016700267792,6000,0,1687,7.0,142.85714285714286,10.5,1688,0,,
sub-4_,4,tx0_rx2__tx1_rx0,tx0_rx2,tx1_rx0,False,device_ms,0.7397683613213215,0.7091818968331559,0.7318925857543945,0.7114301323890686,6000,1,0,10.0,100.0,15.0,0,1,1,resampled segment frame count
sub-4_,4,tx0_rx2__tx1_rx0,tx0_rx2,tx1_rx0,False,host_ms,nan,nan,0.7318925857543945,0.7114301323890686,6000,0,1687,7.0,142.85714285714286,10.5,1688,0,,
sub-4_,4,tx0_rx2__tx1_rx1,tx0_rx2,tx1_rx1,False,device_ms,0.9751544625113229,0.9792056519238961,0.9763477444648743,0.9797898530960083,6000,1,0,10.0,100.0,15.0,0,1,1,resampled segment frame count
sub-4_,4,tx0_rx2__tx1_rx1,tx0_rx2,tx1_rx1,False,host_ms,nan,nan,0.9763477444648743,0.9797898530960083,6000,0,1687,7.0,142.85714285714286,10.5,1688,0,,
sub-4_,4,tx0_rx2__tx1_rx2,tx0_rx2,tx1_rx2,False,device_ms,0.6776309242254498,0.7777236780812571,0.6940340995788574,0.7741113305091858,6000,1,0,10.0,100.0,15.0,0,1,1,resampled segment frame count
sub-4_,4,tx0_rx2__tx1_rx2,tx0_rx2,tx1_rx2,False,host_ms,nan,nan,0.6940340995788574,0.7741113305091858,6000,0,1687,7.0,142.85714285714286,10.5,1688,0,,
sub-4_,4,tx0_rx2__tx1_rx3,tx0_rx2,tx1_rx3,False,device_ms,0.35771956179097975,0.14157635621479814,0.359548419713974,0.11511123180389404,6000,1,0,10.0,100.0,15.0,0,1,1,resampled segment frame count
sub-4_,4,tx0_rx2__tx1_rx3,tx0_rx2,tx1_rx3,False,host_ms,nan,nan,0.359548419713974,0.11511123180389404,6000,0,1687,7.0,142.85714285714286,10.5,1688,0,,
sub-4_,4,tx0_rx3__tx1_rx0,tx0_rx3,tx1_rx0,False,device_ms,0.10082624074711774,0.034187064861219287,0.09418835490942001,0.05147384852170944,6000,1,0,10.0,100.0,15.0,0,1,1,resampled segment frame count
sub-4_,4,tx0_rx3__tx1_rx0,tx0_rx3,tx1_rx0,False,host_ms,nan,nan,0.09418835490942001,0.05147384852170944,6000,0,1687,7.0,142.85714285714286,10.5,1688,0,,
sub-4_,4,tx0_rx3__tx1_rx1,tx0_rx3,tx1_rx1,False,device_ms,0.3586089191454001,0.20754239984117615,0.35910046100616455,0.18336457014083862,6000,1,0,10.0,100.0,15.0,0,1,1,resampled segment frame count
sub-4_,4,tx0_rx3__tx1_rx1,tx0_rx3,tx1_rx1,False,host_ms,nan,nan,0.35910046100616455,0.18336457014083862,6000,0,1687,7.0,142.85714285714286,10.5,1688,0,,
sub-4_,4,tx0_rx3__tx1_rx2,tx0_rx3,tx1_rx2,False,device_ms,0.1616790657237111,0.07252492296874972,0.17840658128261566,0.09023568034172058,6000,1,0,10.0,100.0,15.0,0,1,1,resampled segment frame count
sub-4_,4,tx0_rx3__tx1_rx2,tx0_rx3,tx1_rx2,False,host_ms,nan,nan,0.17840658128261566,0.09023568034172058,6000,0,1687,7.0,142.85714285714286,10.5,1688,0,,
sub-4_,4,tx0_rx3__tx1_rx3,tx0_rx3,tx1_rx3,False,device_ms,0.8543174516570163,0.9032707693560337,0.8602538704872131,0.9022589325904846,6000,1,0,10.0,100.0,15.0,0,1,1,resampled segment frame count
sub-4_,4,tx0_rx3__tx1_rx3,tx0_rx3,tx1_rx3,False,host_ms,nan,nan,0.8602538704872131,0.9022589325904846,6000,0,1687,7.0,142.85714285714286,10.5,1688,0,,
sub-4_,4,tx1_rx0__tx1_rx1,tx1_rx0,tx1_rx1,True,device_ms,0.6709312365577335,0.6923925829154008,0.6652613282203674,0.6913272738456726,6000,1,0,10.0,100.0,15.0,0,1,1,resampled segment frame count
sub-4_,4,tx1_rx0__tx1_rx1,tx1_rx0,tx1_rx1,True,host_ms,nan,nan,0.6652613282203674,0.6913272738456726,6000,0,1687,7.0,142.85714285714286,10.5,1688,0,,
sub-4_,4,tx1_rx0__tx1_rx2,tx1_rx0,tx1_rx2,True,device_ms,0.6402092429220418,0.7289464991927875,0.6468059420585632,0.7337960004806519,6000,1,0,10.0,100.0,15.0,0,1,1,resampled segment frame count
sub-4_,4,tx1_rx0__tx1_rx2,tx1_rx0,tx1_rx2,True,host_ms,nan,nan,0.6468059420585632,0.7337960004806519,6000,0,1687,7.0,142.85714285714286,10.5,1688,0,,
sub-4_,4,tx1_rx0__tx1_rx3,tx1_rx0,tx1_rx3,True,device_ms,0.13526238129535192,0.05371400437814583,0.13159507513046265,0.08131952583789825,6000,1,0,10.0,100.0,15.0,0,1,1,resampled segment frame count
sub-4_,4,tx1_rx0__tx1_rx3,tx1_rx0,tx1_rx3,True,host_ms,nan,nan,0.13159507513046265,0.08131952583789825,6000,0,1687,7.0,142.85714285714286,10.5,1688,0,,
sub-4_,4,tx1_rx1__tx1_rx2,tx1_rx1,tx1_rx2,True,device_ms,0.6307321584745106,0.7854562619126827,0.6504426002502441,0.7811766862869263,6000,1,0,10.0,100.0,15.0,0,1,1,resampled segment frame count
sub-4_,4,tx1_rx1__tx1_rx2,tx1_rx1,tx1_rx2,True,host_ms,nan,nan,0.6504426002502441,0.7811766862869263,6000,0,1687,7.0,142.85714285714286,10.5,1688,0,,
sub-4_,4,tx1_rx1__tx1_rx3,tx1_rx1,tx1_rx3,True,device_ms,0.3731078529212078,0.15704719470965772,0.37327244877815247,0.13318192958831787,6000,1,0,10.0,100.0,15.0,0,1,1,resampled segment frame count
sub-4_,4,tx1_rx1__tx1_rx3,tx1_rx1,tx1_rx3,True,host_ms,nan,nan,0.37327244877815247,0.13318192958831787,6000,0,1687,7.0,142.85714285714286,10.5,1688,0,,
sub-4_,4,tx1_rx2__tx1_rx3,tx1_rx2,tx1_rx3,True,device_ms,0.20808227838595342,0.06816560458618043,0.23667268455028534,0.08177077770233154,6000,1,0,10.0,100.0,15.0,0,1,1,resampled segment frame count
sub-4_,4,tx1_rx2__tx1_rx3,tx1_rx2,tx1_rx3,True,host_ms,nan,nan,0.23667268455028534,0.08177077770233154,6000,0,1687,7.0,142.85714285714286,10.5,1688,0,,
sub-4_,20,tx0_rx0__tx0_rx1,tx0_rx0,tx0_rx1,True,device_ms,0.6415478860806944,0.8804276881942092,0.6323211193084717,0.8787429332733154,6000,1,0,10.0,100.0,15.0,0,1,1,resampled segment frame count
sub-4_,20,tx0_rx0__tx0_rx1,tx0_rx0,tx0_rx1,True,host_ms,nan,nan,0.6323211193084717,0.8787429332733154,6000,0,1687,7.0,142.85714285714286,10.5,1688,0,,
sub-4_,20,tx0_rx0__tx0_rx2,tx0_rx0,tx0_rx2,True,device_ms,0.5387994270442126,0.8920992673735721,0.5560961365699768,0.8927323818206787,6000,1,0,10.0,100.0,15.0,0,1,1,resampled segment frame count
sub-4_,20,tx0_rx0__tx0_rx2,tx0_rx0,tx0_rx2,True,host_ms,nan,nan,0.5560961365699768,0.8927323818206787,6000,0,1687,7.0,142.85714285714286,10.5,1688,0,,
sub-4_,20,tx0_rx0__tx0_rx3,tx0_rx0,tx0_rx3,True,device_ms,0.6046005781377731,0.9070837324667257,0.5954098105430603,0.9099311232566833,6000,1,0,10.0,100.0,15.0,0,1,1,resampled segment frame count
sub-4_,20,tx0_rx0__tx0_rx3,tx0_rx0,tx0_rx3,True,host_ms,nan,nan,0.5954098105430603,0.9099311232566833,6000,0,1687,7.0,142.85714285714286,10.5,1688,0,,
sub-4_,20,tx0_rx0__tx1_rx0,tx0_rx0,tx1_rx0,False,device_ms,0.6375588870684722,0.9359568240149494,0.6367257237434387,0.9367724061012268,6000,1,0,10.0,100.0,15.0,0,1,1,resampled segment frame count
sub-4_,20,tx0_rx0__tx1_rx0,tx0_rx0,tx1_rx0,False,host_ms,nan,nan,0.6367257237434387,0.9367724061012268,6000,0,1687,7.0,142.85714285714286,10.5,1688,0,,
sub-4_,20,tx0_rx0__tx1_rx1,tx0_rx0,tx1_rx1,False,device_ms,0.6734048080827378,0.877895371347645,0.6763325333595276,0.8840413093566895,6000,1,0,10.0,100.0,15.0,0,1,1,resampled segment frame count
sub-4_,20,tx0_rx0__tx1_rx1,tx0_rx0,tx1_rx1,False,host_ms,nan,nan,0.6763325333595276,0.8840413093566895,6000,0,1687,7.0,142.85714285714286,10.5,1688,0,,
sub-4_,20,tx0_rx0__tx1_rx2,tx0_rx0,tx1_rx2,False,device_ms,0.5381378691107906,0.8832382701052712,0.5459825992584229,0.8841425776481628,6000,1,0,10.0,100.0,15.0,0,1,1,resampled segment frame count
sub-4_,20,tx0_rx0__tx1_rx2,tx0_rx0,tx1_rx2,False,host_ms,nan,nan,0.5459825992584229,0.8841425776481628,6000,0,1687,7.0,142.85714285714286,10.5,1688,0,,
sub-4_,20,tx0_rx0__tx1_rx3,tx0_rx0,tx1_rx3,False,device_ms,0.516450452616527,0.8941195707182896,0.513868510723114,0.8998061418533325,6000,1,0,10.0,100.0,15.0,0,1,1,resampled segment frame count
sub-4_,20,tx0_rx0__tx1_rx3,tx0_rx0,tx1_rx3,False,host_ms,nan,nan,0.513868510723114,0.8998061418533325,6000,0,1687,7.0,142.85714285714286,10.5,1688,0,,
sub-4_,20,tx0_rx1__tx0_rx2,tx0_rx1,tx0_rx2,True,device_ms,0.5548011734214182,0.8668455546528877,0.5580065846443176,0.8680514097213745,6000,1,0,10.0,100.0,15.0,0,1,1,resampled segment frame count
sub-4_,20,tx0_rx1__tx0_rx2,tx0_rx1,tx0_rx2,True,host_ms,nan,nan,0.5580065846443176,0.8680514097213745,6000,0,1687,7.0,142.85714285714286,10.5,1688,0,,
sub-4_,20,tx0_rx1__tx0_rx3,tx0_rx1,tx0_rx3,True,device_ms,0.6130120312215278,0.8161277544194799,0.6070351004600525,0.8195421695709229,6000,1,0,10.0,100.0,15.0,0,1,1,resampled segment frame count
sub-4_,20,tx0_rx1__tx0_rx3,tx0_rx1,tx0_rx3,True,host_ms,nan,nan,0.6070351004600525,0.8195421695709229,6000,0,1687,7.0,142.85714285714286,10.5,1688,0,,
sub-4_,20,tx0_rx1__tx1_rx0,tx0_rx1,tx1_rx0,False,device_ms,0.48056596183081957,0.8290828122258241,0.474475622177124,0.8290048241615295,6000,1,0,10.0,100.0,15.0,0,1,1,resampled segment frame count
sub-4_,20,tx0_rx1__tx1_rx0,tx0_rx1,tx1_rx0,False,host_ms,nan,nan,0.474475622177124,0.8290048241615295,6000,0,1687,7.0,142.85714285714286,10.5,1688,0,,
sub-4_,20,tx0_rx1__tx1_rx1,tx0_rx1,tx1_rx1,False,device_ms,0.6655311238528966,0.8193107452410295,0.6778972744941711,0.8282173871994019,6000,1,0,10.0,100.0,15.0,0,1,1,resampled segment frame count
sub-4_,20,tx0_rx1__tx1_rx1,tx0_rx1,tx1_rx1,False,host_ms,nan,nan,0.6778972744941711,0.8282173871994019,6000,0,1687,7.0,142.85714285714286,10.5,1688,0,,
sub-4_,20,tx0_rx1__tx1_rx2,tx0_rx1,tx1_rx2,False,device_ms,0.5052136738124693,0.7792065809978126,0.5129972696304321,0.7759095430374146,6000,1,0,10.0,100.0,15.0,0,1,1,resampled segment frame count
sub-4_,20,tx0_rx1__tx1_rx2,tx0_rx1,tx1_rx2,False,host_ms,nan,nan,0.5129972696304321,0.7759095430374146,6000,0,1687,7.0,142.85714285714286,10.5,1688,0,,
sub-4_,20,tx0_rx1__tx1_rx3,tx0_rx1,tx1_rx3,False,device_ms,0.5161439986382532,0.7936984488401948,0.5179154276847839,0.8033339977264404,6000,1,0,10.0,100.0,15.0,0,1,1,resampled segment frame count
sub-4_,20,tx0_rx1__tx1_rx3,tx0_rx1,tx1_rx3,False,host_ms,nan,nan,0.5179154276847839,0.8033339977264404,6000,0,1687,7.0,142.85714285714286,10.5,1688,0,,
sub-4_,20,tx0_rx2__tx0_rx3,tx0_rx2,tx0_rx3,True,device_ms,0.6165754550417121,0.9105009782704855,0.6266271471977234,0.9093422889709473,6000,1,0,10.0,100.0,15.0,0,1,1,resampled segment frame count
sub-4_,20,tx0_rx2__tx0_rx3,tx0_rx2,tx0_rx3,True,host_ms,nan,nan,0.6266271471977234,0.9093422889709473,6000,0,1687,7.0,142.85714285714286,10.5,1688,0,,
sub-4_,20,tx0_rx2__tx1_rx0,tx0_rx2,tx1_rx0,False,device_ms,0.5267433211972193,0.8918282971676544,0.5375962853431702,0.8960433602333069,6000,1,0,10.0,100.0,15.0,0,1,1,resampled segment frame count
sub-4_,20,tx0_rx2__tx1_rx0,tx0_rx2,tx1_rx0,False,host_ms,nan,nan,0.5375962853431702,0.8960433602333069,6000,0,1687,7.0,142.85714285714286,10.5,1688,0,,
sub-4_,20,tx0_rx2__tx1_rx1,tx0_rx2,tx1_rx1,False,device_ms,0.5434468238719458,0.8442051462518141,0.5474506616592407,0.8448256254196167,6000,1,0,10.0,100.0,15.0,0,1,1,resampled segment frame count
sub-4_,20,tx0_rx2__tx1_rx1,tx0_rx2,tx1_rx1,False,host_ms,nan,nan,0.5474506616592407,0.8448256254196167,6000,0,1687,7.0,142.85714285714286,10.5,1688,0,,
sub-4_,20,tx0_rx2__tx1_rx2,tx0_rx2,tx1_rx2,False,device_ms,0.6436425116385055,0.8458987750420263,0.6545963287353516,0.8462277054786682,6000,1,0,10.0,100.0,15.0,0,1,1,resampled segment frame count
sub-4_,20,tx0_rx2__tx1_rx2,tx0_rx2,tx1_rx2,False,host_ms,nan,nan,0.6545963287353516,0.8462277054786682,6000,0,1687,7.0,142.85714285714286,10.5,1688,0,,
sub-4_,20,tx0_rx2__tx1_rx3,tx0_rx2,tx1_rx3,False,device_ms,0.6104195299788648,0.8763409097919198,0.6086950898170471,0.8756177425384521,6000,1,0,10.0,100.0,15.0,0,1,1,resampled segment frame count
sub-4_,20,tx0_rx2__tx1_rx3,tx0_rx2,tx1_rx3,False,host_ms,nan,nan,0.6086950898170471,0.8756177425384521,6000,0,1687,7.0,142.85714285714286,10.5,1688,0,,
sub-4_,20,tx0_rx3__tx1_rx0,tx0_rx3,tx1_rx0,False,device_ms,0.46255108994425803,0.8736271785653109,0.46690115332603455,0.8745664358139038,6000,1,0,10.0,100.0,15.0,0,1,1,resampled segment frame count
sub-4_,20,tx0_rx3__tx1_rx0,tx0_rx3,tx1_rx0,False,host_ms,nan,nan,0.46690115332603455,0.8745664358139038,6000,0,1687,7.0,142.85714285714286,10.5,1688,0,,
sub-4_,20,tx0_rx3__tx1_rx1,tx0_rx3,tx1_rx1,False,device_ms,0.5953046463292614,0.9164711973214579,0.592048704624176,0.914525032043457,6000,1,0,10.0,100.0,15.0,0,1,1,resampled segment frame count
sub-4_,20,tx0_rx3__tx1_rx1,tx0_rx3,tx1_rx1,False,host_ms,nan,nan,0.592048704624176,0.914525032043457,6000,0,1687,7.0,142.85714285714286,10.5,1688,0,,
sub-4_,20,tx0_rx3__tx1_rx2,tx0_rx3,tx1_rx2,False,device_ms,0.5592977155177922,0.8098882724247749,0.5708768963813782,0.8128481507301331,6000,1,0,10.0,100.0,15.0,0,1,1,resampled segment frame count
sub-4_,20,tx0_rx3__tx1_rx2,tx0_rx3,tx1_rx2,False,host_ms,nan,nan,0.5708768963813782,0.8128481507301331,6000,0,1687,7.0,142.85714285714286,10.5,1688,0,,
sub-4_,20,tx0_rx3__tx1_rx3,tx0_rx3,tx1_rx3,False,device_ms,0.712954288331582,0.9268583205370882,0.7252140641212463,0.9291314482688904,6000,1,0,10.0,100.0,15.0,0,1,1,resampled segment frame count
sub-4_,20,tx0_rx3__tx1_rx3,tx0_rx3,tx1_rx3,False,host_ms,nan,nan,0.7252140641212463,0.9291314482688904,6000,0,1687,7.0,142.85714285714286,10.5,1688,0,,
sub-4_,20,tx1_rx0__tx1_rx1,tx1_rx0,tx1_rx1,True,device_ms,0.5261991785187053,0.889009328658915,0.5240675806999207,0.8894932866096497,6000,1,0,10.0,100.0,15.0,0,1,1,resampled segment frame count
sub-4_,20,tx1_rx0__tx1_rx1,tx1_rx0,tx1_rx1,True,host_ms,nan,nan,0.5240675806999207,0.8894932866096497,6000,0,1687,7.0,142.85714285714286,10.5,1688,0,,
sub-4_,20,tx1_rx0__tx1_rx2,tx1_rx0,tx1_rx2,True,device_ms,0.5581805051713417,0.9002934160576908,0.5646503567695618,0.9015703797340393,6000,1,0,10.0,100.0,15.0,0,1,1,resampled segment frame count
sub-4_,20,tx1_rx0__tx1_rx2,tx1_rx0,tx1_rx2,True,host_ms,nan,nan,0.5646503567695618,0.9015703797340393,6000,0,1687,7.0,142.85714285714286,10.5,1688,0,,
sub-4_,20,tx1_rx0__tx1_rx3,tx1_rx0,tx1_rx3,True,device_ms,0.5524843241136427,0.8950472922126785,0.5396357178688049,0.8946347236633301,6000,1,0,10.0,100.0,15.0,0,1,1,resampled segment frame count
sub-4_,20,tx1_rx0__tx1_rx3,tx1_rx0,tx1_rx3,True,host_ms,nan,nan,0.5396357178688049,0.8946347236633301,6000,0,1687,7.0,142.85714285714286,10.5,1688,0,,
sub-4_,20,tx1_rx1__tx1_rx2,tx1_rx1,tx1_rx2,True,device_ms,0.5307879265869783,0.8300739432692325,0.5399883389472961,0.836802065372467,6000,1,0,10.0,100.0,15.0,0,1,1,resampled segment frame count
sub-4_,20,tx1_rx1__tx1_rx2,tx1_rx1,tx1_rx2,True,host_ms,nan,nan,0.5399883389472961,0.836802065372467,6000,0,1687,7.0,142.85714285714286,10.5,1688,0,,
sub-4_,20,tx1_rx1__tx1_rx3,tx1_rx1,tx1_rx3,True,device_ms,0.5144135560608251,0.8912526021645104,0.5088531374931335,0.8935380578041077,6000,1,0,10.0,100.0,15.0,0,1,1,resampled segment frame count
sub-4_,20,tx1_rx1__tx1_rx3,tx1_rx1,tx1_rx3,True,host_ms,nan,nan,0.5088531374931335,0.8935380578041077,6000,0,1687,7.0,142.85714285714286,10.5,1688,0,,
sub-4_,20,tx1_rx2__tx1_rx3,tx1_rx2,tx1_rx3,True,device_ms,0.6116591974239557,0.8511042239755073,0.6163466572761536,0.8531288504600525,6000,1,0,10.0,100.0,15.0,0,1,1,resampled segment frame count
sub-4_,20,tx1_rx2__tx1_rx3,tx1_rx2,tx1_rx3,True,host_ms,nan,nan,0.6163466572761536,0.8531288504600525,6000,0,1687,7.0,142.85714285714286,10.5,1688,0,,
sub-4_,69,tx0_rx0__tx0_rx1,tx0_rx0,tx0_rx1,True,device_ms,0.4829738120810822,0.47530495260613187,0.4712861478328705,0.5027779340744019,6000,1,0,10.0,100.0,15.0,0,1,1,resampled segment frame count
sub-4_,69,tx0_rx0__tx0_rx1,tx0_rx0,tx0_rx1,True,host_ms,nan,nan,0.4712861478328705,0.5027779340744019,6000,0,1687,7.0,142.85714285714286,10.5,1688,0,,
sub-4_,69,tx0_rx0__tx0_rx2,tx0_rx0,tx0_rx2,True,device_ms,0.28593337309788297,0.7591641827637838,0.290292888879776,0.7489519715309143,6000,1,0,10.0,100.0,15.0,0,1,1,resampled segment frame count
sub-4_,69,tx0_rx0__tx0_rx2,tx0_rx0,tx0_rx2,True,host_ms,nan,nan,0.290292888879776,0.7489519715309143,6000,0,1687,7.0,142.85714285714286,10.5,1688,0,,
sub-4_,69,tx0_rx0__tx0_rx3,tx0_rx0,tx0_rx3,True,device_ms,0.4757068228002866,0.6796609118378275,0.5096686482429504,0.7082265615463257,6000,1,0,10.0,100.0,15.0,0,1,1,resampled segment frame count
sub-4_,69,tx0_rx0__tx0_rx3,tx0_rx0,tx0_rx3,True,host_ms,nan,nan,0.5096686482429504,0.7082265615463257,6000,0,1687,7.0,142.85714285714286,10.5,1688,0,,
sub-4_,69,tx0_rx0__tx1_rx0,tx0_rx0,tx1_rx0,False,device_ms,0.36137232423217547,0.4502610632159798,0.34489718079566956,0.49079176783561707,6000,1,0,10.0,100.0,15.0,0,1,1,resampled segment frame count
sub-4_,69,tx0_rx0__tx1_rx0,tx0_rx0,tx1_rx0,False,host_ms,nan,nan,0.34489718079566956,0.49079176783561707,6000,0,1687,7.0,142.85714285714286,10.5,1688,0,,
sub-4_,69,tx0_rx0__tx1_rx1,tx0_rx0,tx1_rx1,False,device_ms,0.2512662562746768,0.3572308386439902,0.24920906126499176,0.390675812959671,6000,1,0,10.0,100.0,15.0,0,1,1,resampled segment frame count
sub-4_,69,tx0_rx0__tx1_rx1,tx0_rx0,tx1_rx1,False,host_ms,nan,nan,0.24920906126499176,0.390675812959671,6000,0,1687,7.0,142.85714285714286,10.5,1688,0,,
sub-4_,69,tx0_rx0__tx1_rx2,tx0_rx0,tx1_rx2,False,device_ms,0.39758118930300007,0.5981643301290304,0.40690210461616516,0.567658007144928,6000,1,0,10.0,100.0,15.0,0,1,1,resampled segment frame count
sub-4_,69,tx0_rx0__tx1_rx2,tx0_rx0,tx1_rx2,False,host_ms,nan,nan,0.40690210461616516,0.567658007144928,6000,0,1687,7.0,142.85714285714286,10.5,1688,0,,
sub-4_,69,tx0_rx0__tx1_rx3,tx0_rx0,tx1_rx3,False,device_ms,0.5687729813128449,0.6345188832748632,0.5872281789779663,0.6397198438644409,6000,1,0,10.0,100.0,15.0,0,1,1,resampled segment frame count
sub-4_,69,tx0_rx0__tx1_rx3,tx0_rx0,tx1_rx3,False,host_ms,nan,nan,0.5872281789779663,0.6397198438644409,6000,0,1687,7.0,142.85714285714286,10.5,1688,0,,
sub-4_,69,tx0_rx1__tx0_rx2,tx0_rx1,tx0_rx2,True,device_ms,0.4914059511512419,0.3401935246883218,0.45982256531715393,0.37860220670700073,6000,1,0,10.0,100.0,15.0,0,1,1,resampled segment frame count
sub-4_,69,tx0_rx1__tx0_rx2,tx0_rx1,tx0_rx2,True,host_ms,nan,nan,0.45982256531715393,0.37860220670700073,6000,0,1687,7.0,142.85714285714286,10.5,1688,0,,
sub-4_,69,tx0_rx1__tx0_rx3,tx0_rx1,tx0_rx3,True,device_ms,0.25727419504325977,0.2545682630280231,0.22719943523406982,0.2957468628883362,6000,1,0,10.0,100.0,15.0,0,1,1,resampled segment frame count
sub-4_,69,tx0_rx1__tx0_rx3,tx0_rx1,tx0_rx3,True,host_ms,nan,nan,0.22719943523406982,0.2957468628883362,6000,0,1687,7.0,142.85714285714286,10.5,1688,0,,
sub-4_,69,tx0_rx1__tx1_rx0,tx0_rx1,tx1_rx0,False,device_ms,0.4745779955373979,0.4838593209342381,0.47338083386421204,0.4860287308692932,6000,1,0,10.0,100.0,15.0,0,1,1,resampled segment frame count
sub-4_,69,tx0_rx1__tx1_rx0,tx0_rx1,tx1_rx0,False,host_ms,nan,nan,0.47338083386421204,0.4860287308692932,6000,0,1687,7.0,142.85714285714286,10.5,1688,0,,
sub-4_,69,tx0_rx1__tx1_rx1,tx0_rx1,tx1_rx1,False,device_ms,0.4575107184309424,0.05086874867814454,0.4429776966571808,0.033649370074272156,6000,1,0,10.0,100.0,15.0,0,1,1,resampled segment frame count
sub-4_,69,tx0_rx1__tx1_rx1,tx0_rx1,tx1_rx1,False,host_ms,nan,nan,0.4429776966571808,0.033649370074272156,6000,0,1687,7.0,142.85714285714286,10.5,1688,0,,
sub-4_,69,tx0_rx1__tx1_rx2,tx0_rx1,tx1_rx2,False,device_ms,0.3967475110390801,0.7692431206673965,0.37843847274780273,0.7382748126983643,6000,1,0,10.0,100.0,15.0,0,1,1,resampled segment frame count
sub-4_,69,tx0_rx1__tx1_rx2,tx0_rx1,tx1_rx2,False,host_ms,nan,nan,0.37843847274780273,0.7382748126983643,6000,0,1687,7.0,142.85714285714286,10.5,1688,0,,
sub-4_,69,tx0_rx1__tx1_rx3,tx0_rx1,tx1_rx3,False,device_ms,0.25908202053617485,0.5444783508373221,0.29349735379219055,0.5479187369346619,6000,1,0,10.0,100.0,15.0,0,1,1,resampled segment frame count
sub-4_,69,tx0_rx1__tx1_rx3,tx0_rx1,tx1_rx3,False,host_ms,nan,nan,0.29349735379219055,0.5479187369346619,6000,0,1687,7.0,142.85714285714286,10.5,1688,0,,
sub-4_,69,tx0_rx2__tx0_rx3,tx0_rx2,tx0_rx3,True,device_ms,0.3298558444601783,0.7048766599263422,0.3252677917480469,0.7045865058898926,6000,1,0,10.0,100.0,15.0,0,1,1,resampled segment frame count
sub-4_,69,tx0_rx2__tx0_rx3,tx0_rx2,tx0_rx3,True,host_ms,nan,nan,0.3252677917480469,0.7045865058898926,6000,0,1687,7.0,142.85714285714286,10.5,1688,0,,
sub-4_,69,tx0_rx2__tx1_rx0,tx0_rx2,tx1_rx0,False,device_ms,0.627564674446668,0.4957255799959593,0.6264110207557678,0.5105738639831543,6000,1,0,10.0,100.0,15.0,0,1,1,resampled segment frame count
sub-4_,69,tx0_rx2__tx1_rx0,tx0_rx2,tx1_rx0,False,host_ms,nan,nan,0.6264110207557678,0.5105738639831543,6000,0,1687,7.0,142.85714285714286,10.5,1688,0,,
sub-4_,69,tx0_rx2__tx1_rx1,tx0_rx2,tx1_rx1,False,device_ms,0.4772518262385384,0.49482785593708567,0.481246680021286,0.5153416395187378,6000,1,0,10.0,100.0,15.0,0,1,1,resampled segment frame count
sub-4_,69,tx0_rx2__tx1_rx1,tx0_rx2,tx1_rx1,False,host_ms,nan,nan,0.481246680021286,0.5153416395187378,6000,0,1687,7.0,142.85714285714286,10.5,1688,0,,
sub-4_,69,tx0_rx2__tx1_rx2,tx0_rx2,tx1_rx2,False,device_ms,0.3690323145905696,0.4642050441297925,0.3626163899898529,0.49972808361053467,6000,1,0,10.0,100.0,15.0,0,1,1,resampled segment frame count
sub-4_,69,tx0_rx2__tx1_rx2,tx0_rx2,tx1_rx2,False,host_ms,nan,nan,0.3626163899898529,0.49972808361053467,6000,0,1687,7.0,142.85714285714286,10.5,1688,0,,
sub-4_,69,tx0_rx2__tx1_rx3,tx0_rx2,tx1_rx3,False,device_ms,0.30454949671933496,0.6030874350224278,0.3103705644607544,0.595507800579071,6000,1,0,10.0,100.0,15.0,0,1,1,resampled segment frame count
sub-4_,69,tx0_rx2__tx1_rx3,tx0_rx2,tx1_rx3,False,host_ms,nan,nan,0.3103705644607544,0.595507800579071,6000,0,1687,7.0,142.85714285714286,10.5,1688,0,,
sub-4_,69,tx0_rx3__tx1_rx0,tx0_rx3,tx1_rx0,False,device_ms,0.2665880536947765,0.36841472735012737,0.2877787947654724,0.40072664618492126,6000,1,0,10.0,100.0,15.0,0,1,1,resampled segment frame count
sub-4_,69,tx0_rx3__tx1_rx0,tx0_rx3,tx1_rx0,False,host_ms,nan,nan,0.2877787947654724,0.40072664618492126,6000,0,1687,7.0,142.85714285714286,10.5,1688,0,,
sub-4_,69,tx0_rx3__tx1_rx1,tx0_rx3,tx1_rx1,False,device_ms,0.3541278445482022,0.5143382545412372,0.29737618565559387,0.5110538005828857,6000,1,0,10.0,100.0,15.0,0,1,1,resampled segment frame count
sub-4_,69,tx0_rx3__tx1_rx1,tx0_rx3,tx1_rx1,False,host_ms,nan,nan,0.29737618565559387,0.5110538005828857,6000,0,1687,7.0,142.85714285714286,10.5,1688,0,,
sub-4_,69,tx0_rx3__tx1_rx2,tx0_rx3,tx1_rx2,False,device_ms,0.5104224580435165,0.4601893907272926,0.5072712302207947,0.49162593483924866,6000,1,0,10.0,100.0,15.0,0,1,1,resampled segment frame count
sub-4_,69,tx0_rx3__tx1_rx2,tx0_rx3,tx1_rx2,False,host_ms,nan,nan,0.5072712302207947,0.49162593483924866,6000,0,1687,7.0,142.85714285714286,10.5,1688,0,,
sub-4_,69,tx0_rx3__tx1_rx3,tx0_rx3,tx1_rx3,False,device_ms,0.5670447589845483,0.5664584625378523,0.5986492037773132,0.5886456966400146,6000,1,0,10.0,100.0,15.0,0,1,1,resampled segment frame count
sub-4_,69,tx0_rx3__tx1_rx3,tx0_rx3,tx1_rx3,False,host_ms,nan,nan,0.5986492037773132,0.5886456966400146,6000,0,1687,7.0,142.85714285714286,10.5,1688,0,,
sub-4_,69,tx1_rx0__tx1_rx1,tx1_rx0,tx1_rx1,True,device_ms,0.33647093437836784,0.2802792590664797,0.35510018467903137,0.30549973249435425,6000,1,0,10.0,100.0,15.0,0,1,1,resampled segment frame count
sub-4_,69,tx1_rx0__tx1_rx1,tx1_rx0,tx1_rx1,True,host_ms,nan,nan,0.35510018467903137,0.30549973249435425,6000,0,1687,7.0,142.85714285714286,10.5,1688,0,,
sub-4_,69,tx1_rx0__tx1_rx2,tx1_rx0,tx1_rx2,True,device_ms,0.3650116452722507,0.5325333711537413,0.3787129819393158,0.5151121616363525,6000,1,0,10.0,100.0,15.0,0,1,1,resampled segment frame count
sub-4_,69,tx1_rx0__tx1_rx2,tx1_rx0,tx1_rx2,True,host_ms,nan,nan,0.3787129819393158,0.5151121616363525,6000,0,1687,7.0,142.85714285714286,10.5,1688,0,,
sub-4_,69,tx1_rx0__tx1_rx3,tx1_rx0,tx1_rx3,True,device_ms,0.3013688369454652,0.5054483694370238,0.30557796359062195,0.49773991107940674,6000,1,0,10.0,100.0,15.0,0,1,1,resampled segment frame count
sub-4_,69,tx1_rx0__tx1_rx3,tx1_rx0,tx1_rx3,True,host_ms,nan,nan,0.30557796359062195,0.49773991107940674,6000,0,1687,7.0,142.85714285714286,10.5,1688,0,,
sub-4_,69,tx1_rx1__tx1_rx2,tx1_rx1,tx1_rx2,True,device_ms,0.3204387403662185,0.11949435431326257,0.27273163199424744,0.16367016732692719,6000,1,0,10.0,100.0,15.0,0,1,1,resampled segment frame count
sub-4_,69,tx1_rx1__tx1_rx2,tx1_rx1,tx1_rx2,True,host_ms,nan,nan,0.27273163199424744,0.16367016732692719,6000,0,1687,7.0,142.85714285714286,10.5,1688,0,,
sub-4_,69,tx1_rx1__tx1_rx3,tx1_rx1,tx1_rx3,True,device_ms,0.29495541141136616,0.17202376359752505,0.3059636652469635,0.22858811914920807,6000,1,0,10.0,100.0,15.0,0,1,1,resampled segment frame count
sub-4_,69,tx1_rx1__tx1_rx3,tx1_rx1,tx1_rx3,True,host_ms,nan,nan,0.3059636652469635,0.22858811914920807,6000,0,1687,7.0,142.85714285714286,10.5,1688,0,,
sub-4_,69,tx1_rx2__tx1_rx3,tx1_rx2,tx1_rx3,True,device_ms,0.2686633204595962,0.7617876822740265,0.3064936101436615,0.7114604115486145,6000,1,0,10.0,100.0,15.0,0,1,1,resampled segment frame count
sub-4_,69,tx1_rx2__tx1_rx3,tx1_rx2,tx1_rx3,True,host_ms,nan,nan,0.3064936101436615,0.7114604115486145,6000,0,1687,7.0,142.85714285714286,10.5,1688,0,,
sub-97793_,10,tx0_rx0__tx0_rx1,tx0_rx0,tx0_rx1,True,device_ms,0.40456617575895065,0.7148150196231448,0.42205286026000977,0.7175977230072021,6000,1,0,10.0,100.0,15.0,0,1,1,resampled segment frame count
sub-97793_,10,tx0_rx0__tx0_rx1,tx0_rx0,tx0_rx1,True,host_ms,nan,nan,0.42205286026000977,0.7175977230072021,6000,0,1954,7.0,142.85714285714286,10.5,1955,0,,
sub-97793_,10,tx0_rx0__tx0_rx2,tx0_rx0,tx0_rx2,True,device_ms,0.2333567354127258,0.4201628320385411,0.23017404973506927,0.4386206567287445,6000,1,0,10.0,100.0,15.0,0,1,1,resampled segment frame count
sub-97793_,10,tx0_rx0__tx0_rx2,tx0_rx0,tx0_rx2,True,host_ms,nan,nan,0.23017404973506927,0.4386206567287445,6000,0,1954,7.0,142.85714285714286,10.5,1955,0,,
sub-97793_,10,tx0_rx0__tx0_rx3,tx0_rx0,tx0_rx3,True,device_ms,0.2923838602390049,0.6569622166937267,0.30157285928726196,0.665830671787262,6000,1,0,10.0,100.0,15.0,0,1,1,resampled segment frame count
sub-97793_,10,tx0_rx0__tx0_rx3,tx0_rx0,tx0_rx3,True,host_ms,nan,nan,0.30157285928726196,0.665830671787262,6000,0,1954,7.0,142.85714285714286,10.5,1955,0,,
sub-97793_,10,tx0_rx0__tx1_rx0,tx0_rx0,tx1_rx0,False,device_ms,0.6010517222199582,0.8527342133274498,0.6094207763671875,0.8612440824508667,6000,1,0,10.0,100.0,15.0,0,1,1,resampled segment frame count
sub-97793_,10,tx0_rx0__tx1_rx0,tx0_rx0,tx1_rx0,False,host_ms,nan,nan,0.6094207763671875,0.8612440824508667,6000,0,1954,7.0,142.85714285714286,10.5,1955,0,,
sub-97793_,10,tx0_rx0__tx1_rx1,tx0_rx0,tx1_rx1,False,device_ms,0.38633013720797976,0.5831857271671068,0.4005753695964813,0.6013543605804443,6000,1,0,10.0,100.0,15.0,0,1,1,resampled segment frame count
sub-97793_,10,tx0_rx0__tx1_rx1,tx0_rx0,tx1_rx1,False,host_ms,nan,nan,0.4005753695964813,0.6013543605804443,6000,0,1954,7.0,142.85714285714286,10.5,1955,0,,
sub-97793_,10,tx0_rx0__tx1_rx2,tx0_rx0,tx1_rx2,False,device_ms,0.1299871673392061,0.2806410933184975,0.14489193260669708,0.2691311240196228,6000,1,0,10.0,100.0,15.0,0,1,1,resampled segment frame count
sub-97793_,10,tx0_rx0__tx1_rx2,tx0_rx0,tx1_rx2,False,host_ms,nan,nan,0.14489193260669708,0.2691311240196228,6000,0,1954,7.0,142.85714285714286,10.5,1955,0,,
sub-97793_,10,tx0_rx0__tx1_rx3,tx0_rx0,tx1_rx3,False,device_ms,0.34700317007630743,0.813695787893693,0.3659611940383911,0.8074604868888855,6000,1,0,10.0,100.0,15.0,0,1,1,resampled segment frame count
sub-97793_,10,tx0_rx0__tx1_rx3,tx0_rx0,tx1_rx3,False,host_ms,nan,nan,0.3659611940383911,0.8074604868888855,6000,0,1954,7.0,142.85714285714286,10.5,1955,0,,
sub-97793_,10,tx0_rx1__tx0_rx2,tx0_rx1,tx0_rx2,True,device_ms,0.23559022150341621,0.42825901423251156,0.2460552304983139,0.4422440528869629,6000,1,0,10.0,100.0,15.0,0,1,1,resampled segment frame count
sub-97793_,10,tx0_rx1__tx0_rx2,tx0_rx1,tx0_rx2,True,host_ms,nan,nan,0.2460552304983139,0.4422440528869629,6000,0,1954,7.0,142.85714285714286,10.5,1955,0,,
sub-97793_,10,tx0_rx1__tx0_rx3,tx0_rx1,tx0_rx3,True,device_ms,0.23795365522535483,0.5300587555394422,0.23226423561573029,0.5260718464851379,6000,1,0,10.0,100.0,15.0,0,1,1,resampled segment frame count
sub-97793_,10,tx0_rx1__tx0_rx3,tx0_rx1,tx0_rx3,True,host_ms,nan,nan,0.23226423561573029,0.5260718464851379,6000,0,1954,7.0,142.85714285714286,10.5,1955,0,,
sub-97793_,10,tx0_rx1__tx1_rx0,tx0_rx1,tx1_rx0,False,device_ms,0.4163954200894829,0.6749587862020245,0.42321741580963135,0.6873914003372192,6000,1,0,10.0,100.0,15.0,0,1,1,resampled segment frame count
sub-97793_,10,tx0_rx1__tx1_rx0,tx0_rx1,tx1_rx0,False,host_ms,nan,nan,0.42321741580963135,0.6873914003372192,6000,0,1954,7.0,142.85714285714286,10.5,1955,0,,
sub-97793_,10,tx0_rx1__tx1_rx1,tx0_rx1,tx1_rx1,False,device_ms,0.30533728800171145,0.4879492615739575,0.30894985795021057,0.49599820375442505,6000,1,0,10.0,100.0,15.0,0,1,1,resampled segment frame count
sub-97793_,10,tx0_rx1__tx1_rx1,tx0_rx1,tx1_rx1,False,host_ms,nan,nan,0.30894985795021057,0.49599820375442505,6000,0,1954,7.0,142.85714285714286,10.5,1955,0,,
sub-97793_,10,tx0_rx1__tx1_rx2,tx0_rx1,tx1_rx2,False,device_ms,0.15687844920143287,0.1852900392105136,0.1646985113620758,0.17926537990570068,6000,1,0,10.0,100.0,15.0,0,1,1,resampled segment frame count
sub-97793_,10,tx0_rx1__tx1_rx2,tx0_rx1,tx1_rx2,False,host_ms,nan,nan,0.1646985113620758,0.17926537990570068,6000,0,1954,7.0,142.85714285714286,10.5,1955,0,,
sub-97793_,10,tx0_rx1__tx1_rx3,tx0_rx1,tx1_rx3,False,device_ms,0.291019508075606,0.598460834677174,0.29066482186317444,0.5988495349884033,6000,1,0,10.0,100.0,15.0,0,1,1,resampled segment frame count
sub-97793_,10,tx0_rx1__tx1_rx3,tx0_rx1,tx1_rx3,False,host_ms,nan,nan,0.29066482186317444,0.5988495349884033,6000,0,1954,7.0,142.85714285714286,10.5,1955,0,,
sub-97793_,10,tx0_rx2__tx0_rx3,tx0_rx2,tx0_rx3,True,device_ms,0.16964690324097803,0.2567016271853624,0.18070201575756073,0.2724860608577728,6000,1,0,10.0,100.0,15.0,0,1,1,resampled segment frame count
sub-97793_,10,tx0_rx2__tx0_rx3,tx0_rx2,tx0_rx3,True,host_ms,nan,nan,0.18070201575756073,0.2724860608577728,6000,0,1954,7.0,142.85714285714286,10.5,1955,0,,
sub-97793_,10,tx0_rx2__tx1_rx0,tx0_rx2,tx1_rx0,False,device_ms,0.3176382482451103,0.3653351568744618,0.33341658115386963,0.382195383310318,6000,1,0,10.0,100.0,15.0,0,1,1,resampled segment frame count
sub-97793_,10,tx0_rx2__tx1_rx0,tx0_rx2,tx1_rx0,False,host_ms,nan,nan,0.33341658115386963,0.382195383310318,6000,0,1954,7.0,142.85714285714286,10.5,1955,0,,
sub-97793_,10,tx0_rx2__tx1_rx1,tx0_rx2,tx1_rx1,False,device_ms,0.23543600520556096,0.2830957944623216,0.2381325513124466,0.2911835312843323,6000,1,0,10.0,100.0,15.0,0,1,1,resampled segment frame count
sub-97793_,10,tx0_rx2__tx1_rx1,tx0_rx2,tx1_rx1,False,host_ms,nan,nan,0.2381325513124466,0.2911835312843323,6000,0,1954,7.0,142.85714285714286,10.5,1955,0,,
sub-97793_,10,tx0_rx2__tx1_rx2,tx0_rx2,tx1_rx2,False,device_ms,0.24859377443785577,0.18564827923898392,0.2509020268917084,0.1652352213859558,6000,1,0,10.0,100.0,15.0,0,1,1,resampled segment frame count
sub-97793_,10,tx0_rx2__tx1_rx2,tx0_rx2,tx1_rx2,False,host_ms,nan,nan,0.2509020268917084,0.1652352213859558,6000,0,1954,7.0,142.85714285714286,10.5,1955,0,,
sub-97793_,10,tx0_rx2__tx1_rx3,tx0_rx2,tx1_rx3,False,device_ms,0.22572454760425756,0.3696553374773332,0.22658412158489227,0.38312214612960815,6000,1,0,10.0,100.0,15.0,0,1,1,resampled segment frame count
sub-97793_,10,tx0_rx2__tx1_rx3,tx0_rx2,tx1_rx3,False,host_ms,nan,nan,0.22658412158489227,0.38312214612960815,6000,0,1954,7.0,142.85714285714286,10.5,1955,0,,
sub-97793_,10,tx0_rx3__tx1_rx0,tx0_rx3,tx1_rx0,False,device_ms,0.2573500049355868,0.6188401245083108,0.2587066888809204,0.6258111000061035,6000,1,0,10.0,100.0,15.0,0,1,1,resampled segment frame count
sub-97793_,10,tx0_rx3__tx1_rx0,tx0_rx3,tx1_rx0,False,host_ms,nan,nan,0.2587066888809204,0.6258111000061035,6000,0,1954,7.0,142.85714285714286,10.5,1955,0,,
sub-97793_,10,tx0_rx3__tx1_rx1,tx0_rx3,tx1_rx1,False,device_ms,0.20066399338158494,0.4508076606126961,0.19996277987957,0.46559906005859375,6000,1,0,10.0,100.0,15.0,0,1,1,resampled segment frame count
sub-97793_,10,tx0_rx3__tx1_rx1,tx0_rx3,tx1_rx1,False,host_ms,nan,nan,0.19996277987957,0.46559906005859375,6000,0,1954,7.0,142.85714285714286,10.5,1955,0,,
sub-97793_,10,tx0_rx3__tx1_rx2,tx0_rx3,tx1_rx2,False,device_ms,0.11948353632751818,0.08398531390750807,0.11480250954627991,0.0810229480266571,6000,1,0,10.0,100.0,15.0,0,1,1,resampled segment frame count
sub-97793_,10,tx0_rx3__tx1_rx2,tx0_rx3,tx1_rx2,False,host_ms,nan,nan,0.11480250954627991,0.0810229480266571,6000,0,1954,7.0,142.85714285714286,10.5,1955,0,,
sub-97793_,10,tx0_rx3__tx1_rx3,tx0_rx3,tx1_rx3,False,device_ms,0.2601862391935747,0.6139428948735604,0.25987228751182556,0.6360739469528198,6000,1,0,10.0,100.0,15.0,0,1,1,resampled segment frame count
sub-97793_,10,tx0_rx3__tx1_rx3,tx0_rx3,tx1_rx3,False,host_ms,nan,nan,0.25987228751182556,0.6360739469528198,6000,0,1954,7.0,142.85714285714286,10.5,1955,0,,
sub-97793_,10,tx1_rx0__tx1_rx1,tx1_rx0,tx1_rx1,True,device_ms,0.4748798690133085,0.5948472254322739,0.4740702211856842,0.6100820302963257,6000,1,0,10.0,100.0,15.0,0,1,1,resampled segment frame count
sub-97793_,10,tx1_rx0__tx1_rx1,tx1_rx0,tx1_rx1,True,host_ms,nan,nan,0.4740702211856842,0.6100820302963257,6000,0,1954,7.0,142.85714285714286,10.5,1955,0,,
sub-97793_,10,tx1_rx0__tx1_rx2,tx1_rx0,tx1_rx2,True,device_ms,0.21147074739515812,0.22096582666191666,0.219171404838562,0.21032163500785828,6000,1,0,10.0,100.0,15.0,0,1,1,resampled segment frame count
sub-97793_,10,tx1_rx0__tx1_rx2,tx1_rx0,tx1_rx2,True,host_ms,nan,nan,0.219171404838562,0.21032163500785828,6000,0,1954,7.0,142.85714285714286,10.5,1955,0,,
sub-97793_,10,tx1_rx0__tx1_rx3,tx1_rx0,tx1_rx3,True,device_ms,0.3819581033021305,0.763203840373199,0.38580596446990967,0.7626750469207764,6000,1,0,10.0,100.0,15.0,0,1,1,resampled segment frame count
sub-97793_,10,tx1_rx0__tx1_rx3,tx1_rx0,tx1_rx3,True,host_ms,nan,nan,0.38580596446990967,0.7626750469207764,6000,0,1954,7.0,142.85714285714286,10.5,1955,0,,
sub-97793_,10,tx1_rx1__tx1_rx2,tx1_rx1,tx1_rx2,True,device_ms,0.22926575355400866,0.12094062296061099,0.24495160579681396,0.1285107433795929,6000,1,0,10.0,100.0,15.0,0,1,1,resampled segment frame count
sub-97793_,10,tx1_rx1__tx1_rx2,tx1_rx1,tx1_rx2,True,host_ms,nan,nan,0.24495160579681396,0.1285107433795929,6000,0,1954,7.0,142.85714285714286,10.5,1955,0,,
sub-97793_,10,tx1_rx1__tx1_rx3,tx1_rx1,tx1_rx3,True,device_ms,0.3092594575886787,0.5490327485156206,0.31641390919685364,0.5530085563659668,6000,1,0,10.0,100.0,15.0,0,1,1,resampled segment frame count
sub-97793_,10,tx1_rx1__tx1_rx3,tx1_rx1,tx1_rx3,True,host_ms,nan,nan,0.31641390919685364,0.5530085563659668,6000,0,1954,7.0,142.85714285714286,10.5,1955,0,,
sub-97793_,10,tx1_rx2__tx1_rx3,tx1_rx2,tx1_rx3,True,device_ms,0.20246058882093437,0.22460890989014287,0.1997738480567932,0.21799103915691376,6000,1,0,10.0,100.0,15.0,0,1,1,resampled segment frame count
sub-97793_,10,tx1_rx2__tx1_rx3,tx1_rx2,tx1_rx3,True,host_ms,nan,nan,0.1997738480567932,0.21799103915691376,6000,0,1954,7.0,142.85714285714286,10.5,1955,0,,
sub-97793_,20,tx0_rx0__tx0_rx1,tx0_rx0,tx0_rx1,True,device_ms,0.4089244465988398,0.6057311469865787,0.4103336036205292,0.5975196361541748,6000,1,0,10.0,100.0,15.0,0,1,1,resampled segment frame count
sub-97793_,20,tx0_rx0__tx0_rx1,tx0_rx0,tx0_rx1,True,host_ms,nan,nan,0.4103336036205292,0.5975196361541748,6000,0,1954,7.0,142.85714285714286,10.5,1955,0,,
sub-97793_,20,tx0_rx0__tx0_rx2,tx0_rx0,tx0_rx2,True,device_ms,0.10930302053338503,0.20840183553527322,0.11191148310899734,0.2158229500055313,6000,1,0,10.0,100.0,15.0,0,1,1,resampled segment frame count
sub-97793_,20,tx0_rx0__tx0_rx2,tx0_rx0,tx0_rx2,True,host_ms,nan,nan,0.11191148310899734,0.2158229500055313,6000,0,1954,7.0,142.85714285714286,10.5,1955,0,,
sub-97793_,20,tx0_rx0__tx0_rx3,tx0_rx0,tx0_rx3,True,device_ms,0.12164440768215574,0.13817696962665868,0.12232830375432968,0.13338050246238708,6000,1,0,10.0,100.0,15.0,0,1,1,resampled segment frame count
sub-97793_,20,tx0_rx0__tx0_rx3,tx0_rx0,tx0_rx3,True,host_ms,nan,nan,0.12232830375432968,0.13338050246238708,6000,0,1954,7.0,142.85714285714286,10.5,1955,0,,
sub-97793_,20,tx0_rx0__tx1_rx0,tx0_rx0,tx1_rx0,False,device_ms,0.5897302527646929,0.4356764474959129,0.5888462662696838,0.4256982207298279,6000,1,0,10.0,100.0,15.0,0,1,1,resampled segment frame count
sub-97793_,20,tx0_rx0__tx1_rx0,tx0_rx0,tx1_rx0,False,host_ms,nan,nan,0.5888462662696838,0.4256982207298279,6000,0,1954,7.0,142.85714285714286,10.5,1955,0,,
sub-97793_,20,tx0_rx0__tx1_rx1,tx0_rx0,tx1_rx1,False,device_ms,0.3159260546305876,0.49796228686373833,0.31145748496055603,0.48410338163375854,6000,1,0,10.0,100.0,15.0,0,1,1,resampled segment frame count
sub-97793_,20,tx0_rx0__tx1_rx1,tx0_rx0,tx1_rx1,False,host_ms,nan,nan,0.31145748496055603,0.48410338163375854,6000,0,1954,7.0,142.85714285714286,10.5,1955,0,,
sub-97793_,20,tx0_rx0__tx1_rx2,tx0_rx0,tx1_rx2,False,device_ms,0.08147470137662255,0.35357225682968585,0.08624092489480972,0.36294156312942505,6000,1,0,10.0,100.0,15.0,0,1,1,resampled segment frame count
sub-97793_,20,tx0_rx0__tx1_rx2,tx0_rx0,tx1_rx2,False,host_ms,nan,nan,0.08624092489480972,0.36294156312942505,6000,0,1954,7.0,142.85714285714286,10.5,1955,0,,
sub-97793_,20,tx0_rx0__tx1_rx3,tx0_rx0,tx1_rx3,False,device_ms,0.1022564373465454,0.2250844474953579,0.1033870205283165,0.21321889758110046,6000,1,0,10.0,100.0,15.0,0,1,1,resampled segment frame count
sub-97793_,20,tx0_rx0__tx1_rx3,tx0_rx0,tx1_rx3,False,host_ms,nan,nan,0.1033870205283165,0.21321889758110046,6000,0,1954,7.0,142.85714285714286,10.5,1955,0,,
sub-97793_,20,tx0_rx1__tx0_rx2,tx0_rx1,tx0_rx2,True,device_ms,0.33232459291173067,0.3941190840947716,0.3271205425262451,0.41164976358413696,6000,1,0,10.0,100.0,15.0,0,1,1,resampled segment frame count
sub-97793_,20,tx0_rx1__tx0_rx2,tx0_rx1,tx0_rx2,True,host_ms,nan,nan,0.3271205425262451,0.41164976358413696,6000,0,1954,7.0,142.85714285714286,10.5,1955,0,,
sub-97793_,20,tx0_rx1__tx0_rx3,tx0_rx1,tx0_rx3,True,device_ms,0.1329485753219081,0.16008159140010778,0.13506273925304413,0.15901483595371246,6000,1,0,10.0,100.0,15.0,0,1,1,resampled segment frame count
sub-97793_,20,tx0_rx1__tx0_rx3,tx0_rx1,tx0_rx3,True,host_ms,nan,nan,0.13506273925304413,0.15901483595371246,6000,0,1954,7.0,142.85714285714286,10.5,1955,0,,
sub-97793_,20,tx0_rx1__tx1_rx0,tx0_rx1,tx1_rx0,False,device_ms,0.3151225389153581,0.22471695351907678,0.3163062632083893,0.2193910926580429,6000,1,0,10.0,100.0,15.0,0,1,1,resampled segment frame count
sub-97793_,20,tx0_rx1__tx1_rx0,tx0_rx1,tx1_rx0,False,host_ms,nan,nan,0.3163062632083893,0.2193910926580429,6000,0,1954,7.0,142.85714285714286,10.5,1955,0,,
sub-97793_,20,tx0_rx1__tx1_rx1,tx0_rx1,tx1_rx1,False,device_ms,0.7013006909551035,0.6505660386185855,0.7074148058891296,0.6377619504928589,6000,1,0,10.0,100.0,15.0,0,1,1,resampled segment frame count
sub-97793_,20,tx0_rx1__tx1_rx1,tx0_rx1,tx1_rx1,False,host_ms,nan,nan,0.7074148058891296,0.6377619504928589,6000,0,1954,7.0,142.85714285714286,10.5,1955,0,,
sub-97793_,20,tx0_rx1__tx1_rx2,tx0_rx1,tx1_rx2,False,device_ms,0.2590583119148184,0.39111617152833894,0.257289320230484,0.40647196769714355,6000,1,0,10.0,100.0,15.0,0,1,1,resampled segment frame count
sub-97793_,20,tx0_rx1__tx1_rx2,tx0_rx1,tx1_rx2,False,host_ms,nan,nan,0.257289320230484,0.40647196769714355,6000,0,1954,7.0,142.85714285714286,10.5,1955,0,,
sub-97793_,20,tx0_rx1__tx1_rx3,tx0_rx1,tx1_rx3,False,device_ms,0.08834302676771093,0.1190598004209939,0.09693783521652222,0.12498869001865387,6000,1,0,10.0,100.0,15.0,0,1,1,resampled segment frame count
sub-97793_,20,tx0_rx1__tx1_rx3,tx0_rx1,tx1_rx3,False,host_ms,nan,nan,0.09693783521652222,0.12498869001865387,6000,0,1954,7.0,142.85714285714286,10.5,1955,0,,
sub-97793_,20,tx0_rx2__tx0_rx3,tx0_rx2,tx0_rx3,True,device_ms,0.2254460361973856,0.14669506622265455,0.23117713630199432,0.14285966753959656,6000,1,0,10.0,100.0,15.0,0,1,1,resampled segment frame count
sub-97793_,20,tx0_rx2__tx0_rx3,tx0_rx2,tx0_rx3,True,host_ms,nan,nan,0.23117713630199432,0.14285966753959656,6000,0,1954,7.0,142.85714285714286,10.5,1955,0,,
sub-97793_,20,tx0_rx2__tx1_rx0,tx0_rx2,tx1_rx0,False,device_ms,0.09553010681033577,0.04402587122169608,0.09793146699666977,0.039471182972192764,6000,1,0,10.0,100.0,15.0,0,1,1,resampled segment frame count
sub-97793_,20,tx0_rx2__tx1_rx0,tx0_rx2,tx1_rx0,False,host_ms,nan,nan,0.09793146699666977,0.039471182972192764,6000,0,1954,7.0,142.85714285714286,10.5,1955,0,,
sub-97793_,20,tx0_rx2__tx1_rx1,tx0_rx2,tx1_rx1,False,device_ms,0.30663487934905015,0.21190584251624034,0.3059268891811371,0.20941181480884552,6000,1,0,10.0,100.0,15.0,0,1,1,resampled segment frame count
sub-97793_,20,tx0_rx2__tx1_rx1,tx0_rx2,tx1_rx1,False,host_ms,nan,nan,0.3059268891811371,0.20941181480884552,6000,0,1954,7.0,142.85714285714286,10.5,1955,0,,
sub-97793_,20,tx0_rx2__tx1_rx2,tx0_rx2,tx1_rx2,False,device_ms,0.7276140790976817,0.820319575889593,0.7314503192901611,0.8209580779075623,6000,1,0,10.0,100.0,15.0,0,1,1,resampled segment frame count
sub-97793_,20,tx0_rx2__tx1_rx2,tx0_rx2,tx1_rx2,False,host_ms,nan,nan,0.7314503192901611,0.8209580779075623,6000,0,1954,7.0,142.85714285714286,10.5,1955,0,,
sub-97793_,20,tx0_rx2__tx1_rx3,tx0_rx2,tx1_rx3,False,device_ms,0.13872278936225588,0.07646833637472093,0.13950780034065247,0.08041535317897797,6000,1,0,10.0,100.0,15.0,0,1,1,resampled segment frame count
sub-97793_,20,tx0_rx2__tx1_rx3,tx0_rx2,tx1_rx3,False,host_ms,nan,nan,0.13950780034065247,0.08041535317897797,6000,0,1954,7.0,142.85714285714286,10.5,1955,0,,
sub-97793_,20,tx0_rx3__tx1_rx0,tx0_rx3,tx1_rx0,False,device_ms,0.17181122266144727,0.014886242016508063,0.17969058454036713,0.016956189647316933,6000,1,0,10.0,100.0,15.0,0,1,1,resampled segment frame count
sub-97793_,20,tx0_rx3__tx1_rx0,tx0_rx3,tx1_rx0,False,host_ms,nan,nan,0.17969058454036713,0.016956189647316933,6000,0,1954,7.0,142.85714285714286,10.5,1955,0,,
sub-97793_,20,tx0_rx3__tx1_rx1,tx0_rx3,tx1_rx1,False,device_ms,0.15003228202519656,0.18053244553671882,0.1597181111574173,0.17953932285308838,6000,1,0,10.0,100.0,15.0,0,1,1,resampled segment frame count
sub-97793_,20,tx0_rx3__tx1_rx1,tx0_rx3,tx1_rx1,False,host_ms,nan,nan,0.1597181111574173,0.17953932285308838,6000,0,1954,7.0,142.85714285714286,10.5,1955,0,,
sub-97793_,20,tx0_rx3__tx1_rx2,tx0_rx3,tx1_rx2,False,device_ms,0.18788366227970835,0.16345245093363034,0.19236208498477936,0.15759806334972382,6000,1,0,10.0,100.0,15.0,0,1,1,resampled segment frame count
sub-97793_,20,tx0_rx3__tx1_rx2,tx0_rx3,tx1_rx2,False,host_ms,nan,nan,0.19236208498477936,0.15759806334972382,6000,0,1954,7.0,142.85714285714286,10.5,1955,0,,
sub-97793_,20,tx0_rx3__tx1_rx3,tx0_rx3,tx1_rx3,False,device_ms,0.24488374046046393,0.5058443306047536,0.24871057271957397,0.5251749157905579,6000,1,0,10.0,100.0,15.0,0,1,1,resampled segment frame count
sub-97793_,20,tx0_rx3__tx1_rx3,tx0_rx3,tx1_rx3,False,host_ms,nan,nan,0.24871057271957397,0.5251749157905579,6000,0,1954,7.0,142.85714285714286,10.5,1955,0,,
sub-97793_,20,tx1_rx0__tx1_rx1,tx1_rx0,tx1_rx1,True,device_ms,0.3398738336930794,0.3953460171766262,0.3356083929538727,0.3835548162460327,6000,1,0,10.0,100.0,15.0,0,1,1,resampled segment frame count
sub-97793_,20,tx1_rx0__tx1_rx1,tx1_rx0,tx1_rx1,True,host_ms,nan,nan,0.3356083929538727,0.3835548162460327,6000,0,1954,7.0,142.85714285714286,10.5,1955,0,,
sub-97793_,20,tx1_rx0__tx1_rx2,tx1_rx0,tx1_rx2,True,device_ms,0.10628367148342692,0.15146327672087878,0.104460209608078,0.14236216247081757,6000,1,0,10.0,100.0,15.0,0,1,1,resampled segment frame count
sub-97793_,20,tx1_rx0__tx1_rx2,tx1_rx0,tx1_rx2,True,host_ms,nan,nan,0.104460209608078,0.14236216247081757,6000,0,1954,7.0,142.85714285714286,10.5,1955,0,,
sub-97793_,20,tx1_rx0__tx1_rx3,tx1_rx0,tx1_rx3,True,device_ms,0.19244007703563204,0.04496347214201262,0.20593692362308502,0.04105238988995552,6000,1,0,10.0,100.0,15.0,0,1,1,resampled segment frame count
sub-97793_,20,tx1_rx0__tx1_rx3,tx1_rx0,tx1_rx3,True,host_ms,nan,nan,0.20593692362308502,0.04105238988995552,6000,0,1954,7.0,142.85714285714286,10.5,1955,0,,
sub-97793_,20,tx1_rx1__tx1_rx2,tx1_rx1,tx1_rx2,True,device_ms,0.35428258334073,0.30607605567851615,0.3504188060760498,0.29938939213752747,6000,1,0,10.0,100.0,15.0,0,1,1,resampled segment frame count
sub-97793_,20,tx1_rx1__tx1_rx2,tx1_rx1,tx1_rx2,True,host_ms,nan,nan,0.3504188060760498,0.29938939213752747,6000,0,1954,7.0,142.85714285714286,10.5,1955,0,,
sub-97793_,20,tx1_rx1__tx1_rx3,tx1_rx1,tx1_rx3,True,device_ms,0.10925435577194387,0.1566469145323172,0.10493403673171997,0.15797819197177887,6000,1,0,10.0,100.0,15.0,0,1,1,resampled segment frame count
sub-97793_,20,tx1_rx1__tx1_rx3,tx1_rx1,tx1_rx3,True,host_ms,nan,nan,0.10493403673171997,0.15797819197177887,6000,0,1954,7.0,142.85714285714286,10.5,1955,0,,
sub-97793_,20,tx1_rx2__tx1_rx3,tx1_rx2,tx1_rx3,True,device_ms,0.14065830243294178,0.10706741466381885,0.1361006498336792,0.10508926957845688,6000,1,0,10.0,100.0,15.0,0,1,1,resampled segment frame count
sub-97793_,20,tx1_rx2__tx1_rx3,tx1_rx2,tx1_rx3,True,host_ms,nan,nan,0.1361006498336792,0.10508926957845688,6000,0,1954,7.0,142.85714285714286,10.5,1955,0,,
sub-97793_,70,tx0_rx0__tx0_rx1,tx0_rx0,tx0_rx1,True,device_ms,0.28107217172343346,0.20376337478992024,0.2736710011959076,0.190346360206604,6000,1,0,10.0,100.0,15.0,0,1,1,resampled segment frame count
sub-97793_,70,tx0_rx0__tx0_rx1,tx0_rx0,tx0_rx1,True,host_ms,nan,nan,0.2736710011959076,0.190346360206604,6000,0,1954,7.0,142.85714285714286,10.5,1955,0,,
sub-97793_,70,tx0_rx0__tx0_rx2,tx0_rx0,tx0_rx2,True,device_ms,0.20586143126705275,0.2408890751920761,0.1916724592447281,0.23719137907028198,6000,1,0,10.0,100.0,15.0,0,1,1,resampled segment frame count
sub-97793_,70,tx0_rx0__tx0_rx2,tx0_rx0,tx0_rx2,True,host_ms,nan,nan,0.1916724592447281,0.23719137907028198,6000,0,1954,7.0,142.85714285714286,10.5,1955,0,,
sub-97793_,70,tx0_rx0__tx0_rx3,tx0_rx0,tx0_rx3,True,device_ms,0.11423997868966307,0.1323866124221816,0.1041533574461937,0.11906994879245758,6000,1,0,10.0,100.0,15.0,0,1,1,resampled segment frame count
sub-97793_,70,tx0_rx0__tx0_rx3,tx0_rx0,tx0_rx3,True,host_ms,nan,nan,0.1041533574461937,0.11906994879245758,6000,0,1954,7.0,142.85714285714286,10.5,1955,0,,
sub-97793_,70,tx0_rx0__tx1_rx0,tx0_rx0,tx1_rx0,False,device_ms,0.13884710601930408,0.3374550035213476,0.1487918645143509,0.3410477638244629,6000,1,0,10.0,100.0,15.0,0,1,1,resampled segment frame count
sub-97793_,70,tx0_rx0__tx1_rx0,tx0_rx0,tx1_rx0,False,host_ms,nan,nan,0.1487918645143509,0.3410477638244629,6000,0,1954,7.0,142.85714285714286,10.5,1955,0,,
sub-97793_,70,tx0_rx0__tx1_rx1,tx0_rx0,tx1_rx1,False,device_ms,0.26582868900408035,0.07659167268387379,0.2652665376663208,0.0642668679356575,6000,1,0,10.0,100.0,15.0,0,1,1,resampled segment frame count
sub-97793_,70,tx0_rx0__tx1_rx1,tx0_rx0,tx1_rx1,False,host_ms,nan,nan,0.2652665376663208,0.0642668679356575,6000,0,1954,7.0,142.85714285714286,10.5,1955,0,,
sub-97793_,70,tx0_rx0__tx1_rx2,tx0_rx0,tx1_rx2,False,device_ms,0.18292842434002352,0.23794893656164148,0.15237905085086823,0.24179086089134216,6000,1,0,10.0,100.0,15.0,0,1,1,resampled segment frame count
sub-97793_,70,tx0_rx0__tx1_rx2,tx0_rx0,tx1_rx2,False,host_ms,nan,nan,0.15237905085086823,0.24179086089134216,6000,0,1954,7.0,142.85714285714286,10.5,1955,0,,
sub-97793_,70,tx0_rx0__tx1_rx3,tx0_rx0,tx1_rx3,False,device_ms,0.1588184427585256,0.19788679080469396,0.1553816944360733,0.19747579097747803,6000,1,0,10.0,100.0,15.0,0,1,1,resampled segment frame count
sub-97793_,70,tx0_rx0__tx1_rx3,tx0_rx0,tx1_rx3,False,host_ms,nan,nan,0.1553816944360733,0.19747579097747803,6000,0,1954,7.0,142.85714285714286,10.5,1955,0,,
sub-97793_,70,tx0_rx1__tx0_rx2,tx0_rx1,tx0_rx2,True,device_ms,0.26634858732429423,0.2810495193061865,0.26718172430992126,0.28064078092575073,6000,1,0,10.0,100.0,15.0,0,1,1,resampled segment frame count
sub-97793_,70,tx0_rx1__tx0_rx2,tx0_rx1,tx0_rx2,True,host_ms,nan,nan,0.26718172430992126,0.28064078092575073,6000,0,1954,7.0,142.85714285714286,10.5,1955,0,,
sub-97793_,70,tx0_rx1__tx0_rx3,tx0_rx1,tx0_rx3,True,device_ms,0.15770814994228696,0.31144299621255556,0.15113148093223572,0.32856500148773193,6000,1,0,10.0,100.0,15.0,0,1,1,resampled segment frame count
sub-97793_,70,tx0_rx1__tx0_rx3,tx0_rx1,tx0_rx3,True,host_ms,nan,nan,0.15113148093223572,0.32856500148773193,6000,0,1954,7.0,142.85714285714286,10.5,1955,0,,
sub-97793_,70,tx0_rx1__tx1_rx0,tx0_rx1,tx1_rx0,False,device_ms,0.17819550458234198,0.14095522511010364,0.18434728682041168,0.1469217836856842,6000,1,0,10.0,100.0,15.0,0,1,1,resampled segment frame count
sub-97793_,70,tx0_rx1__tx1_rx0,tx0_rx1,tx1_rx0,False,host_ms,nan,nan,0.18434728682041168,0.1469217836856842,6000,0,1954,7.0,142.85714285714286,10.5,1955,0,,
sub-97793_,70,tx0_rx1__tx1_rx1,tx0_rx1,tx1_rx1,False,device_ms,0.2523612871761894,0.27179445504194444,0.2622685730457306,0.2607499957084656,6000,1,0,10.0,100.0,15.0,0,1,1,resampled segment frame count
sub-97793_,70,tx0_rx1__tx1_rx1,tx0_rx1,tx1_rx1,False,host_ms,nan,nan,0.2622685730457306,0.2607499957084656,6000,0,1954,7.0,142.85714285714286,10.5,1955,0,,
sub-97793_,70,tx0_rx1__tx1_rx2,tx0_rx1,tx1_rx2,False,device_ms,0.20352359339746035,0.08673465413478346,0.19445312023162842,0.09328488260507584,6000,1,0,10.0,100.0,15.0,0,1,1,resampled segment frame count
sub-97793_,70,tx0_rx1__tx1_rx2,tx0_rx1,tx1_rx2,False,host_ms,nan,nan,0.19445312023162842,0.09328488260507584,6000,0,1954,7.0,142.85714285714286,10.5,1955,0,,
sub-97793_,70,tx0_rx1__tx1_rx3,tx0_rx1,tx1_rx3,False,device_ms,0.15956789748733105,0.2077861924766709,0.15970279276371002,0.19610589742660522,6000,1,0,10.0,100.0,15.0,0,1,1,resampled segment frame count
sub-97793_,70,tx0_rx1__tx1_rx3,tx0_rx1,tx1_rx3,False,host_ms,nan,nan,0.15970279276371002,0.19610589742660522,6000,0,1954,7.0,142.85714285714286,10.5,1955,0,,
sub-97793_,70,tx0_rx2__tx0_rx3,tx0_rx2,tx0_rx3,True,device_ms,0.17391872604241654,0.06366160740137156,0.17355753481388092,0.07047193497419357,6000,1,0,10.0,100.0,15.0,0,1,1,resampled segment frame count
sub-97793_,70,tx0_rx2__tx0_rx3,tx0_rx2,tx0_rx3,True,host_ms,nan,nan,0.17355753481388092,0.07047193497419357,6000,0,1954,7.0,142.85714285714286,10.5,1955,0,,
sub-97793_,70,tx0_rx2__tx1_rx0,tx0_rx2,tx1_rx0,False,device_ms,0.1058982338680038,0.15397084881627265,0.12180989980697632,0.1484132707118988,6000,1,0,10.0,100.0,15.0,0,1,1,resampled segment frame count
sub-97793_,70,tx0_rx2__tx1_rx0,tx0_rx2,tx1_rx0,False,host_ms,nan,nan,0.12180989980697632,0.1484132707118988,6000,0,1954,7.0,142.85714285714286,10.5,1955,0,,
sub-97793_,70,tx0_rx2__tx1_rx1,tx0_rx2,tx1_rx1,False,device_ms,0.30892625853138783,0.22348116981259705,0.3242541253566742,0.20848619937896729,6000,1,0,10.0,100.0,15.0,0,1,1,resampled segment frame count
sub-97793_,70,tx0_rx2__tx1_rx1,tx0_rx2,tx1_rx1,False,host_ms,nan,nan,0.3242541253566742,0.20848619937896729,6000,0,1954,7.0,142.85714285714286,10.5,1955,0,,
sub-97793_,70,tx0_rx2__tx1_rx2,tx0_rx2,tx1_rx2,False,device_ms,0.2998092980219982,0.24941268531850125,0.30360502004623413,0.2534317672252655,6000,1,0,10.0,100.0,15.0,0,1,1,resampled segment frame count
sub-97793_,70,tx0_rx2__tx1_rx2,tx0_rx2,tx1_rx2,False,host_ms,nan,nan,0.30360502004623413,0.2534317672252655,6000,0,1954,7.0,142.85714285714286,10.5,1955,0,,
sub-97793_,70,tx0_rx2__tx1_rx3,tx0_rx2,tx1_rx3,False,device_ms,0.18589498426952958,0.1764657301053051,0.1921004205942154,0.17295892536640167,6000,1,0,10.0,100.0,15.0,0,1,1,resampled segment frame count
sub-97793_,70,tx0_rx2__tx1_rx3,tx0_rx2,tx1_rx3,False,host_ms,nan,nan,0.1921004205942154,0.17295892536640167,6000,0,1954,7.0,142.85714285714286,10.5,1955,0,,
sub-97793_,70,tx0_rx3__tx1_rx0,tx0_rx3,tx1_rx0,False,device_ms,0.17066540945377162,0.18779717311282593,0.19306255877017975,0.17854353785514832,6000,1,0,10.0,100.0,15.0,0,1,1,resampled segment frame count
sub-97793_,70,tx0_rx3__tx1_rx0,tx0_rx3,tx1_rx0,False,host_ms,nan,nan,0.19306255877017975,0.17854353785514832,6000,0,1954,7.0,142.85714285714286,10.5,1955,0,,
sub-97793_,70,tx0_rx3__tx1_rx1,tx0_rx3,tx1_rx1,False,device_ms,0.12201537639370942,0.3182470512802522,0.11704904586076736,0.3509063124656677,6000,1,0,10.0,100.0,15.0,0,1,1,resampled segment frame count
sub-97793_,70,tx0_rx3__tx1_rx1,tx0_rx3,tx1_rx1,False,host_ms,nan,nan,0.11704904586076736,0.3509063124656677,6000,0,1954,7.0,142.85714285714286,10.5,1955,0,,
sub-97793_,70,tx0_rx3__tx1_rx2,tx0_rx3,tx1_rx2,False,device_ms,0.16196530462515488,0.15413280837440024,0.1571463942527771,0.1399822235107422,6000,1,0,10.0,100.0,15.0,0,1,1,resampled segment frame count
sub-97793_,70,tx0_rx3__tx1_rx2,tx0_rx3,tx1_rx2,False,host_ms,nan,nan,0.1571463942527771,0.1399822235107422,6000,0,1954,7.0,142.85714285714286,10.5,1955,0,,
sub-97793_,70,tx0_rx3__tx1_rx3,tx0_rx3,tx1_rx3,False,device_ms,0.1905499951343288,0.09178235138380184,0.19671009480953217,0.08496148884296417,6000,1,0,10.0,100.0,15.0,0,1,1,resampled segment frame count
sub-97793_,70,tx0_rx3__tx1_rx3,tx0_rx3,tx1_rx3,False,host_ms,nan,nan,0.19671009480953217,0.08496148884296417,6000,0,1954,7.0,142.85714285714286,10.5,1955,0,,
sub-97793_,70,tx1_rx0__tx1_rx1,tx1_rx0,tx1_rx1,True,device_ms,0.16973658065136274,0.06592968049735036,0.17329911887645721,0.0755426362156868,6000,1,0,10.0,100.0,15.0,0,1,1,resampled segment frame count
sub-97793_,70,tx1_rx0__tx1_rx1,tx1_rx0,tx1_rx1,True,host_ms,nan,nan,0.17329911887645721,0.0755426362156868,6000,0,1954,7.0,142.85714285714286,10.5,1955,0,,
sub-97793_,70,tx1_rx0__tx1_rx2,tx1_rx0,tx1_rx2,True,device_ms,0.2664225101941176,0.3587952629727714,0.259966105222702,0.3482043743133545,6000,1,0,10.0,100.0,15.0,0,1,1,resampled segment frame count
sub-97793_,70,tx1_rx0__tx1_rx2,tx1_rx0,tx1_rx2,True,host_ms,nan,nan,0.259966105222702,0.3482043743133545,6000,0,1954,7.0,142.85714285714286,10.5,1955,0,,
sub-97793_,70,tx1_rx0__tx1_rx3,tx1_rx0,tx1_rx3,True,device_ms,0.17111579293989998,0.1920188474748776,0.16696035861968994,0.18011021614074707,6000,1,0,10.0,100.0,15.0,0,1,1,resampled segment frame count
sub-97793_,70,tx1_rx0__tx1_rx3,tx1_rx0,tx1_rx3,True,host_ms,nan,nan,0.16696035861968994,0.18011021614074707,6000,0,1954,7.0,142.85714285714286,10.5,1955,0,,
sub-97793_,70,tx1_rx1__tx1_rx2,tx1_rx1,tx1_rx2,True,device_ms,0.23507251523507341,0.1268964452987739,0.24744677543640137,0.13036108016967773,6000,1,0,10.0,100.0,15.0,0,1,1,resampled segment frame count
sub-97793_,70,tx1_rx1__tx1_rx2,tx1_rx1,tx1_rx2,True,host_ms,nan,nan,0.24744677543640137,0.13036108016967773,6000,0,1954,7.0,142.85714285714286,10.5,1955,0,,
sub-97793_,70,tx1_rx1__tx1_rx3,tx1_rx1,tx1_rx3,True,device_ms,0.16367120377252695,0.2959220083122225,0.15953457355499268,0.29529720544815063,6000,1,0,10.0,100.0,15.0,0,1,1,resampled segment frame count
sub-97793_,70,tx1_rx1__tx1_rx3,tx1_rx1,tx1_rx3,True,host_ms,nan,nan,0.15953457355499268,0.29529720544815063,6000,0,1954,7.0,142.85714285714286,10.5,1955,0,,
sub-97793_,70,tx1_rx2__tx1_rx3,tx1_rx2,tx1_rx3,True,device_ms,0.19577883447522684,0.12545498155564722,0.21314258873462677,0.11228523403406143,6000,1,0,10.0,100.0,15.0,0,1,1,resampled segment frame count
sub-97793_,70,tx1_rx2__tx1_rx3,tx1_rx2,tx1_rx3,True,host_ms,nan,nan,0.21314258873462677,0.11228523403406143,6000,0,1954,7.0,142.85714285714286,10.5,1955,0,,
sub-97793_,247,tx0_rx0__tx0_rx1,tx0_rx0,tx0_rx1,True,device_ms,0.41254771159293646,0.8316798562353119,0.4318632185459137,0.8385101556777954,6000,1,0,10.0,100.0,15.0,0,1,1,resampled segment frame count
sub-97793_,247,tx0_rx0__tx0_rx1,tx0_rx0,tx0_rx1,True,host_ms,nan,nan,0.4318632185459137,0.8385101556777954,6000,0,1954,7.0,142.85714285714286,10.5,1955,0,,
sub-97793_,247,tx0_rx0__tx0_rx2,tx0_rx0,tx0_rx2,True,device_ms,0.45383240966832555,0.8961743679570178,0.46623221039772034,0.8994726538658142,6000,1,0,10.0,100.0,15.0,0,1,1,resampled segment frame count
sub-97793_,247,tx0_rx0__tx0_rx2,tx0_rx0,tx0_rx2,True,host_ms,nan,nan,0.46623221039772034,0.8994726538658142,6000,0,1954,7.0,142.85714285714286,10.5,1955,0,,
sub-97793_,247,tx0_rx0__tx0_rx3,tx0_rx0,tx0_rx3,True,device_ms,0.4382211833687802,0.8870297242078795,0.4493826627731323,0.8993178606033325,6000,1,0,10.0,100.0,15.0,0,1,1,resampled segment frame count
sub-97793_,247,tx0_rx0__tx0_rx3,tx0_rx0,tx0_rx3,True,host_ms,nan,nan,0.4493826627731323,0.8993178606033325,6000,0,1954,7.0,142.85714285714286,10.5,1955,0,,
sub-97793_,247,tx0_rx0__tx1_rx0,tx0_rx0,tx1_rx0,False,device_ms,0.5792320243100857,0.9849408275720817,0.588265597820282,0.9857637286186218,6000,1,0,10.0,100.0,15.0,0,1,1,resampled segment frame count
sub-97793_,247,tx0_rx0__tx1_rx0,tx0_rx0,tx1_rx0,False,host_ms,nan,nan,0.588265597820282,0.9857637286186218,6000,0,1954,7.0,142.85714285714286,10.5,1955,0,,
sub-97793_,247,tx0_rx0__tx1_rx1,tx0_rx0,tx1_rx1,False,device_ms,0.6802497302593059,0.8867531675648825,0.6675328612327576,0.8852077722549438,6000,1,0,10.0,100.0,15.0,0,1,1,resampled segment frame count
sub-97793_,247,tx0_rx0__tx1_rx1,tx0_rx0,tx1_rx1,False,host_ms,nan,nan,0.6675328612327576,0.8852077722549438,6000,0,1954,7.0,142.85714285714286,10.5,1955,0,,
sub-97793_,247,tx0_rx0__tx1_rx2,tx0_rx0,tx1_rx2,False,device_ms,0.689967805490197,0.8929367604298115,0.7011013031005859,0.8908716440200806,6000,1,0,10.0,100.0,15.0,0,1,1,resampled segment frame count
sub-97793_,247,tx0_rx0__tx1_rx2,tx0_rx0,tx1_rx2,False,host_ms,nan,nan,0.7011013031005859,0.8908716440200806,6000,0,1954,7.0,142.85714285714286,10.5,1955,0,,
sub-97793_,247,tx0_rx0__tx1_rx3,tx0_rx0,tx1_rx3,False,device_ms,0.5565167318955303,0.9792806636283713,0.5706542730331421,0.9811004400253296,6000,1,0,10.0,100.0,15.0,0,1,1,resampled segment frame count
sub-97793_,247,tx0_rx0__tx1_rx3,tx0_rx0,tx1_rx3,False,host_ms,nan,nan,0.5706542730331421,0.9811004400253296,6000,0,1954,7.0,142.85714285714286,10.5,1955,0,,
sub-97793_,247,tx0_rx1__tx0_rx2,tx0_rx1,tx0_rx2,True,device_ms,0.49548434556209203,0.8457655754070702,0.5087051391601562,0.8470425605773926,6000,1,0,10.0,100.0,15.0,0,1,1,resampled segment frame count
sub-97793_,247,tx0_rx1__tx0_rx2,tx0_rx1,tx0_rx2,True,host_ms,nan,nan,0.5087051391601562,0.8470425605773926,6000,0,1954,7.0,142.85714285714286,10.5,1955,0,,
sub-97793_,247,tx0_rx1__tx0_rx3,tx0_rx1,tx0_rx3,True,device_ms,0.41698816427683866,0.744305325718631,0.4329580068588257,0.7610571980476379,6000,1,0,10.0,100.0,15.0,0,1,1,resampled segment frame count
sub-97793_,247,tx0_rx1__tx0_rx3,tx0_rx1,tx0_rx3,True,host_ms,nan,nan,0.4329580068588257,0.7610571980476379,6000,0,1954,7.0,142.85714285714286,10.5,1955,0,,
sub-97793_,247,tx0_rx1__tx1_rx0,tx0_rx1,tx1_rx0,False,device_ms,0.4603495934889818,0.8223246396576314,0.48533037304878235,0.8311261534690857,6000,1,0,10.0,100.0,15.0,0,1,1,resampled segment frame count
sub-97793_,247,tx0_rx1__tx1_rx0,tx0_rx1,tx1_rx0,False,host_ms,nan,nan,0.48533037304878235,0.8311261534690857,6000,0,1954,7.0,142.85714285714286,10.5,1955,0,,
sub-97793_,247,tx0_rx1__tx1_rx1,tx0_rx1,tx1_rx1,False,device_ms,0.3133143414193928,0.8647800788359143,0.3266732394695282,0.8726256489753723,6000,1,0,10.0,100.0,15.0,0,1,1,resampled segment frame count
sub-97793_,247,tx0_rx1__tx1_rx1,tx0_rx1,tx1_rx1,False,host_ms,nan,nan,0.3266732394695282,0.8726256489753723,6000,0,1954,7.0,142.85714285714286,10.5,1955,0,,
sub-97793_,247,tx0_rx1__tx1_rx2,tx0_rx1,tx1_rx2,False,device_ms,0.3579661261875425,0.9151177899183432,0.3726672828197479,0.9171895980834961,6000,1,0,10.0,100.0,15.0,0,1,1,resampled segment frame count
sub-97793_,247,tx0_rx1__tx1_rx2,tx0_rx1,tx1_rx2,False,host_ms,nan,nan,0.3726672828197479,0.9171895980834961,6000,0,1954,7.0,142.85714285714286,10.5,1955,0,,
sub-97793_,247,tx0_rx1__tx1_rx3,tx0_rx1,tx1_rx3,False,device_ms,0.431924979575859,0.8611855229876458,0.46263980865478516,0.8675572872161865,6000,1,0,10.0,100.0,15.0,0,1,1,resampled segment frame count
sub-97793_,247,tx0_rx1__tx1_rx3,tx0_rx1,tx1_rx3,False,host_ms,nan,nan,0.46263980865478516,0.8675572872161865,6000,0,1954,7.0,142.85714285714286,10.5,1955,0,,
sub-97793_,247,tx0_rx2__tx0_rx3,tx0_rx2,tx0_rx3,True,device_ms,0.47386580996559746,0.8181912735078246,0.49558427929878235,0.8383200168609619,6000,1,0,10.0,100.0,15.0,0,1,1,resampled segment frame count
sub-97793_,247,tx0_rx2__tx0_rx3,tx0_rx2,tx0_rx3,True,host_ms,nan,nan,0.49558427929878235,0.8383200168609619,6000,0,1954,7.0,142.85714285714286,10.5,1955,0,,
sub-97793_,247,tx0_rx2__tx1_rx0,tx0_rx2,tx1_rx0,False,device_ms,0.5676983735681519,0.8966044499969724,0.5879840850830078,0.903076708316803,6000,1,0,10.0,100.0,15.0,0,1,1,resampled segment frame count
sub-97793_,247,tx0_rx2__tx1_rx0,tx0_rx2,tx1_rx0,False,host_ms,nan,nan,0.5879840850830078,0.903076708316803,6000,0,1954,7.0,142.85714285714286,10.5,1955,0,,
sub-97793_,247,tx0_rx2__tx1_rx1,tx0_rx2,tx1_rx1,False,device_ms,0.37837099614696035,0.8057891321743496,0.3884674608707428,0.8070903420448303,6000,1,0,10.0,100.0,15.0,0,1,1,resampled segment frame count
sub-97793_,247,tx0_rx2__tx1_rx1,tx0_rx2,tx1_rx1,False,host_ms,nan,nan,0.3884674608707428,0.8070903420448303,6000,0,1954,7.0,142.85714285714286,10.5,1955,0,,
sub-97793_,247,tx0_rx2__tx1_rx2,tx0_rx2,tx1_rx2,False,device_ms,0.3938330241218597,0.8331484651690628,0.40686821937561035,0.832423210144043,6000,1,0,10.0,100.0,15.0,0,1,1,resampled segment frame count
sub-97793_,247,tx0_rx2__tx1_rx2,tx0_rx2,tx1_rx2,False,host_ms,nan,nan,0.40686821937561035,0.832423210144043,6000,0,1954,7.0,142.85714285714286,10.5,1955,0,,
sub-97793_,247,tx0_rx2__tx1_rx3,tx0_rx2,tx1_rx3,False,device_ms,0.4723898899769541,0.9000630425215319,0.4877915680408478,0.9069766998291016,6000,1,0,10.0,100.0,15.0,0,1,1,resampled segment frame count
sub-97793_,247,tx0_rx2__tx1_rx3,tx0_rx2,tx1_rx3,False,host_ms,nan,nan,0.4877915680408478,0.9069766998291016,6000,0,1954,7.0,142.85714285714286,10.5,1955,0,,
sub-97793_,247,tx0_rx3__tx1_rx0,tx0_rx3,tx1_rx0,False,device_ms,0.5959573619101382,0.9032502630077194,0.6235364079475403,0.9159466028213501,6000,1,0,10.0,100.0,15.0,0,1,1,resampled segment frame count
sub-97793_,247,tx0_rx3__tx1_rx0,tx0_rx3,tx1_rx0,False,host_ms,nan,nan,0.6235364079475403,0.9159466028213501,6000,0,1954,7.0,142.85714285714286,10.5,1955,0,,
sub-97793_,247,tx0_rx3__tx1_rx1,tx0_rx3,tx1_rx1,False,device_ms,0.4090509795035984,0.7982459545977957,0.41724714636802673,0.7980138063430786,6000,1,0,10.0,100.0,15.0,0,1,1,resampled segment frame count
sub-97793_,247,tx0_rx3__tx1_rx1,tx0_rx3,tx1_rx1,False,host_ms,nan,nan,0.41724714636802673,0.7980138063430786,6000,0,1954,7.0,142.85714285714286,10.5,1955,0,,
sub-97793_,247,tx0_rx3__tx1_rx2,tx0_rx3,tx1_rx2,False,device_ms,0.3902551536847606,0.7885773791171968,0.394844651222229,0.791052520275116,6000,1,0,10.0,100.0,15.0,0,1,1,resampled segment frame count
sub-97793_,247,tx0_rx3__tx1_rx2,tx0_rx3,tx1_rx2,False,host_ms,nan,nan,0.394844651222229,0.791052520275116,6000,0,1954,7.0,142.85714285714286,10.5,1955,0,,
sub-97793_,247,tx0_rx3__tx1_rx3,tx0_rx3,tx1_rx3,False,device_ms,0.47113314051023064,0.8731920445767181,0.4861025810241699,0.8873516917228699,6000,1,0,10.0,100.0,15.0,0,1,1,resampled segment frame count
sub-97793_,247,tx0_rx3__tx1_rx3,tx0_rx3,tx1_rx3,False,host_ms,nan,nan,0.4861025810241699,0.8873516917228699,6000,0,1954,7.0,142.85714285714286,10.5,1955,0,,
sub-97793_,247,tx1_rx0__tx1_rx1,tx1_rx0,tx1_rx1,True,device_ms,0.46852191373821056,0.8717586020466259,0.47950100898742676,0.8712084889411926,6000,1,0,10.0,100.0,15.0,0,1,1,resampled segment frame count
sub-97793_,247,tx1_rx0__tx1_rx1,tx1_rx0,tx1_rx1,True,host_ms,nan,nan,0.47950100898742676,0.8712084889411926,6000,0,1954,7.0,142.85714285714286,10.5,1955,0,,
sub-97793_,247,tx1_rx0__tx1_rx2,tx1_rx0,tx1_rx2,True,device_ms,0.47224384608096576,0.8747094132659822,0.4852423369884491,0.8730099201202393,6000,1,0,10.0,100.0,15.0,0,1,1,resampled segment frame count
sub-97793_,247,tx1_rx0__tx1_rx2,tx1_rx0,tx1_rx2,True,host_ms,nan,nan,0.4852423369884491,0.8730099201202393,6000,0,1954,7.0,142.85714285714286,10.5,1955,0,,
sub-97793_,247,tx1_rx0__tx1_rx3,tx1_rx0,tx1_rx3,True,device_ms,0.5683013077900884,0.9809953533554455,0.5818905830383301,0.9813487529754639,6000,1,0,10.0,100.0,15.0,0,1,1,resampled segment frame count
sub-97793_,247,tx1_rx0__tx1_rx3,tx1_rx0,tx1_rx3,True,host_ms,nan,nan,0.5818905830383301,0.9813487529754639,6000,0,1954,7.0,142.85714285714286,10.5,1955,0,,
sub-97793_,247,tx1_rx1__tx1_rx2,tx1_rx1,tx1_rx2,True,device_ms,0.6504738389544372,0.9662163662960366,0.6570553183555603,0.9679062366485596,6000,1,0,10.0,100.0,15.0,0,1,1,resampled segment frame count
sub-97793_,247,tx1_rx1__tx1_rx2,tx1_rx1,tx1_rx2,True,host_ms,nan,nan,0.6570553183555603,0.9679062366485596,6000,0,1954,7.0,142.85714285714286,10.5,1955,0,,
sub-97793_,247,tx1_rx1__tx1_rx3,tx1_rx1,tx1_rx3,True,device_ms,0.37011675459770116,0.8647310758963848,0.36919811367988586,0.864654541015625,6000,1,0,10.0,100.0,15.0,0,1,1,resampled segment frame count
sub-97793_,247,tx1_rx1__tx1_rx3,tx1_rx1,tx1_rx3,True,host_ms,nan,nan,0.36919811367988586,0.864654541015625,6000,0,1954,7.0,142.85714285714286,10.5,1955,0,,
sub-97793_,247,tx1_rx2__tx1_rx3,tx1_rx2,tx1_rx3,True,device_ms,0.5143508590618564,0.898869505215939,0.5167048573493958,0.8968451023101807,6000,1,0,10.0,100.0,15.0,0,1,1,resampled segment frame count
sub-97793_,247,tx1_rx2__tx1_rx3,tx1_rx2,tx1_rx3,True,host_ms,nan,nan,0.5167048573493958,0.8968451023101807,6000,0,1954,7.0,142.85714285714286,10.5,1955,0,,
sub-97793_,13,tx0_rx0__tx0_rx1,tx0_rx0,tx0_rx1,True,device_ms,0.2446453201865599,0.189926219469239,0.2545613646507263,0.1914578080177307,6000,1,0,10.0,100.0,15.0,0,1,1,resampled segment frame count
sub-97793_,13,tx0_rx0__tx0_rx1,tx0_rx0,tx0_rx1,True,host_ms,nan,nan,0.2545613646507263,0.1914578080177307,6000,0,1954,7.0,142.85714285714286,10.5,1955,0,,
sub-97793_,13,tx0_rx0__tx0_rx2,tx0_rx0,tx0_rx2,True,device_ms,0.1804300107977681,0.10334505524232093,0.18868263065814972,0.09585374593734741,6000,1,0,10.0,100.0,15.0,0,1,1,resampled segment frame count
sub-97793_,13,tx0_rx0__tx0_rx2,tx0_rx0,tx0_rx2,True,host_ms,nan,nan,0.18868263065814972,0.09585374593734741,6000,0,1954,7.0,142.85714285714286,10.5,1955,0,,
sub-97793_,13,tx0_rx0__tx0_rx3,tx0_rx0,tx0_rx3,True,device_ms,0.1288546090167438,0.13786030891004925,0.1284416913986206,0.153173565864563,6000,1,0,10.0,100.0,15.0,0,1,1,resampled segment frame count
sub-97793_,13,tx0_rx0__tx0_rx3,tx0_rx0,tx0_rx3,True,host_ms,nan,nan,0.1284416913986206,0.153173565864563,6000,0,1954,7.0,142.85714285714286,10.5,1955,0,,
sub-97793_,13,tx0_rx0__tx1_rx0,tx0_rx0,tx1_rx0,False,device_ms,0.18857449061640388,0.09232330420685969,0.19730424880981445,0.09442566335201263,6000,1,0,10.0,100.0,15.0,0,1,1,resampled segment frame count
sub-97793_,13,tx0_rx0__tx1_rx0,tx0_rx0,tx1_rx0,False,host_ms,nan,nan,0.19730424880981445,0.09442566335201263,6000,0,1954,7.0,142.85714285714286,10.5,1955,0,,
sub-97793_,13,tx0_rx0__tx1_rx1,tx0_rx0,tx1_rx1,False,device_ms,0.1334643882829328,0.1998575422556184,0.13086624443531036,0.19181275367736816,6000,1,0,10.0,100.0,15.0,0,1,1,resampled segment frame count
sub-97793_,13,tx0_rx0__tx1_rx1,tx0_rx0,tx1_rx1,False,host_ms,nan,nan,0.13086624443531036,0.19181275367736816,6000,0,1954,7.0,142.85714285714286,10.5,1955,0,,
sub-97793_,13,tx0_rx0__tx1_rx2,tx0_rx0,tx1_rx2,False,device_ms,0.12497191921866187,0.052344993253037826,0.1377120018005371,0.05407044291496277,6000,1,0,10.0,100.0,15.0,0,1,1,resampled segment frame count
sub-97793_,13,tx0_rx0__tx1_rx2,tx0_rx0,tx1_rx2,False,host_ms,nan,nan,0.1377120018005371,0.05407044291496277,6000,0,1954,7.0,142.85714285714286,10.5,1955,0,,
sub-97793_,13,tx0_rx0__tx1_rx3,tx0_rx0,tx1_rx3,False,device_ms,0.1270629693600848,0.21798665096424089,0.1295362263917923,0.2097044736146927,6000,1,0,10.0,100.0,15.0,0,1,1,resampled segment frame count
sub-97793_,13,tx0_rx0__tx1_rx3,tx0_rx0,tx1_rx3,False,host_ms,nan,nan,0.1295362263917923,0.2097044736146927,6000,0,1954,7.0,142.85714285714286,10.5,1955,0,,
sub-97793_,13,tx0_rx1__tx0_rx2,tx0_rx1,tx0_rx2,True,device_ms,0.1235126594901827,0.14165474012769322,0.1376400738954544,0.12995219230651855,6000,1,0,10.0,100.0,15.0,0,1,1,resampled segment frame count
sub-97793_,13,tx0_rx1__tx0_rx2,tx0_rx1,tx0_rx2,True,host_ms,nan,nan,0.1376400738954544,0.12995219230651855,6000,0,1954,7.0,142.85714285714286,10.5,1955,0,,
sub-97793_,13,tx0_rx1__tx0_rx3,tx0_rx1,tx0_rx3,True,device_ms,0.08329358207091976,0.10221116557143427,0.08630195260047913,0.12394510209560394,6000,1,0,10.0,100.0,15.0,0,1,1,resampled segment frame count
sub-97793_,13,tx0_rx1__tx0_rx3,tx0_rx1,tx0_rx3,True,host_ms,nan,nan,0.08630195260047913,0.12394510209560394,6000,0,1954,7.0,142.85714285714286,10.5,1955,0,,
sub-97793_,13,tx0_rx1__tx1_rx0,tx0_rx1,tx1_rx0,False,device_ms,0.1743282443283455,0.10285556606940946,0.17211954295635223,0.09718333184719086,6000,1,0,10.0,100.0,15.0,0,1,1,resampled segment frame count
sub-97793_,13,tx0_rx1__tx1_rx0,tx0_rx1,tx1_rx0,False,host_ms,nan,nan,0.17211954295635223,0.09718333184719086,6000,0,1954,7.0,142.85714285714286,10.5,1955,0,,
sub-97793_,13,tx0_rx1__tx1_rx1,tx0_rx1,tx1_rx1,False,device_ms,0.12888774773813505,0.1684403782063263,0.1296791434288025,0.1727963387966156,6000,1,0,10.0,100.0,15.0,0,1,1,resampled segment frame count
sub-97793_,13,tx0_rx1__tx1_rx1,tx0_rx1,tx1_rx1,False,host_ms,nan,nan,0.1296791434288025,0.1727963387966156,6000,0,1954,7.0,142.85714285714286,10.5,1955,0,,
sub-97793_,13,tx0_rx1__tx1_rx2,tx0_rx1,tx1_rx2,False,device_ms,0.17134959228750196,0.19545635963650562,0.17139069736003876,0.18629470467567444,6000,1,0,10.0,100.0,15.0,0,1,1,resampled segment frame count
sub-97793_,13,tx0_rx1__tx1_rx2,tx0_rx1,tx1_rx2,False,host_ms,nan,nan,0.17139069736003876,0.18629470467567444,6000,0,1954,7.0,142.85714285714286,10.5,1955,0,,
sub-97793_,13,tx0_rx1__tx1_rx3,tx0_rx1,tx1_rx3,False,device_ms,0.20804930253824225,0.08701239450408321,0.20687367022037506,0.10231310874223709,6000,1,0,10.0,100.0,15.0,0,1,1,resampled segment frame count
sub-97793_,13,tx0_rx1__tx1_rx3,tx0_rx1,tx1_rx3,False,host_ms,nan,nan,0.20687367022037506,0.10231310874223709,6000,0,1954,7.0,142.85714285714286,10.5,1955,0,,
sub-97793_,13,tx0_rx2__tx0_rx3,tx0_rx2,tx0_rx3,True,device_ms,0.10827056849456565,0.08405388460297995,0.10787620395421982,0.07856347411870956,6000,1,0,10.0,100.0,15.0,0,1,1,resampled segment frame count
sub-97793_,13,tx0_rx2__tx0_rx3,tx0_rx2,tx0_rx3,True,host_ms,nan,nan,0.10787620395421982,0.07856347411870956,6000,0,1954,7.0,142.85714285714286,10.5,1955,0,,
sub-97793_,13,tx0_rx2__tx1_rx0,tx0_rx2,tx1_rx0,False,device_ms,0.132170715637558,0.10077432845161538,0.12992443144321442,0.10807035863399506,6000,1,0,10.0,100.0,15.0,0,1,1,resampled segment frame count
sub-97793_,13,tx0_rx2__tx1_rx0,tx0_rx2,tx1_rx0,False,host_ms,nan,nan,0.12992443144321442,0.10807035863399506,6000,0,1954,7.0,142.85714285714286,10.5,1955,0,,
sub-97793_,13,tx0_rx2__tx1_rx1,tx0_rx2,tx1_rx1,False,device_ms,0.1196856124045759,0.10966034641364228,0.11761364340782166,0.11487381160259247,6000,1,0,10.0,100.0,15.0,0,1,1,resampled segment frame count
sub-97793_,13,tx0_rx2__tx1_rx1,tx0_rx2,tx1_rx1,False,host_ms,nan,nan,0.11761364340782166,0.11487381160259247,6000,0,1954,7.0,142.85714285714286,10.5,1955,0,,
sub-97793_,13,tx0_rx2__tx1_rx2,tx0_rx2,tx1_rx2,False,device_ms,0.08657498135685904,0.10543693430008891,0.093141108751297,0.10497663915157318,6000,1,0,10.0,100.0,15.0,0,1,1,resampled segment frame count
sub-97793_,13,tx0_rx2__tx1_rx2,tx0_rx2,tx1_rx2,False,host_ms,nan,nan,0.093141108751297,0.10497663915157318,6000,0,1954,7.0,142.85714285714286,10.5,1955,0,,
sub-97793_,13,tx0_rx2__tx1_rx3,tx0_rx2,tx1_rx3,False,device_ms,0.08706235354386876,0.039808210767517685,0.09116306155920029,0.053849246352910995,6000,1,0,10.0,100.0,15.0,0,1,1,resampled segment frame count
sub-97793_,13,tx0_rx2__tx1_rx3,tx0_rx2,tx1_rx3,False,host_ms,nan,nan,0.09116306155920029,0.053849246352910995,6000,0,1954,7.0,142.85714285714286,10.5,1955,0,,
sub-97793_,13,tx0_rx3__tx1_rx0,tx0_rx3,tx1_rx0,False,device_ms,0.14099152829771489,0.04894114675274146,0.12574711441993713,0.0531766377389431,6000,1,0,10.0,100.0,15.0,0,1,1,resampled segment frame count
sub-97793_,13,tx0_rx3__tx1_rx0,tx0_rx3,tx1_rx0,False,host_ms,nan,nan,0.12574711441993713,0.0531766377389431,6000,0,1954,7.0,142.85714285714286,10.5,1955,0,,
sub-97793_,13,tx0_rx3__tx1_rx1,tx0_rx3,tx1_rx1,False,device_ms,0.07402933838154731,0.2576609850409438,0.08178365975618362,0.24029244482517242,6000,1,0,10.0,100.0,15.0,0,1,1,resampled segment frame count
sub-97793_,13,tx0_rx3__tx1_rx1,tx0_rx3,tx1_rx1,False,host_ms,nan,nan,0.08178365975618362,0.24029244482517242,6000,0,1954,7.0,142.85714285714286,10.5,1955,0,,
sub-97793_,13,tx0_rx3__tx1_rx2,tx0_rx3,tx1_rx2,False,device_ms,0.07137135590683615,0.0771336125340668,0.07610870152711868,0.0928264632821083,6000,1,0,10.0,100.0,15.0,0,1,1,resampled segment frame count
sub-97793_,13,tx0_rx3__tx1_rx2,tx0_rx3,tx1_rx2,False,host_ms,nan,nan,0.07610870152711868,0.0928264632821083,6000,0,1954,7.0,142.85714285714286,10.5,1955,0,,
sub-97793_,13,tx0_rx3__tx1_rx3,tx0_rx3,tx1_rx3,False,device_ms,0.10960889693050818,0.11553383596262504,0.10544569045305252,0.11924593150615692,6000,1,0,10.0,100.0,15.0,0,1,1,resampled segment frame count
sub-97793_,13,tx0_rx3__tx1_rx3,tx0_rx3,tx1_rx3,False,host_ms,nan,nan,0.10544569045305252,0.11924593150615692,6000,0,1954,7.0,142.85714285714286,10.5,1955,0,,
sub-97793_,13,tx1_rx0__tx1_rx1,tx1_rx0,tx1_rx1,True,device_ms,0.10694931202707418,0.10982020948810035,0.11330738663673401,0.11421709507703781,6000,1,0,10.0,100.0,15.0,0,1,1,resampled segment frame count
sub-97793_,13,tx1_rx0__tx1_rx1,tx1_rx0,tx1_rx1,True,host_ms,nan,nan,0.11330738663673401,0.11421709507703781,6000,0,1954,7.0,142.85714285714286,10.5,1955,0,,
sub-97793_,13,tx1_rx0__tx1_rx2,tx1_rx0,tx1_rx2,True,device_ms,0.19877132967325462,0.19426417407313962,0.20532213151454926,0.1879204362630844,6000,1,0,10.0,100.0,15.0,0,1,1,resampled segment frame count
sub-97793_,13,tx1_rx0__tx1_rx2,tx1_rx0,tx1_rx2,True,host_ms,nan,nan,0.20532213151454926,0.1879204362630844,6000,0,1954,7.0,142.85714285714286,10.5,1955,0,,
sub-97793_,13,tx1_rx0__tx1_rx3,tx1_rx0,tx1_rx3,True,device_ms,0.12903531759004008,0.08665168569609882,0.11802312731742859,0.09422595798969269,6000,1,0,10.0,100.0,15.0,0,1,1,resampled segment frame count
sub-97793_,13,tx1_rx0__tx1_rx3,tx1_rx0,tx1_rx3,True,host_ms,nan,nan,0.11802312731742859,0.09422595798969269,6000,0,1954,7.0,142.85714285714286,10.5,1955,0,,
sub-97793_,13,tx1_rx1__tx1_rx2,tx1_rx1,tx1_rx2,True,device_ms,0.11194308703008743,0.1578963592475736,0.11361756175756454,0.1588732898235321,6000,1,0,10.0,100.0,15.0,0,1,1,resampled segment frame count
sub-97793_,13,tx1_rx1__tx1_rx2,tx1_rx1,tx1_rx2,True,host_ms,nan,nan,0.11361756175756454,0.1588732898235321,6000,0,1954,7.0,142.85714285714286,10.5,1955,0,,
sub-97793_,13,tx1_rx1__tx1_rx3,tx1_rx1,tx1_rx3,True,device_ms,0.07201713136455916,0.1662365001775799,0.0823812261223793,0.17641811072826385,6000,1,0,10.0,100.0,15.0,0,1,1,resampled segment frame count
sub-97793_,13,tx1_rx1__tx1_rx3,tx1_rx1,tx1_rx3,True,host_ms,nan,nan,0.0823812261223793,0.17641811072826385,6000,0,1954,7.0,142.85714285714286,10.5,1955,0,,
sub-97793_,13,tx1_rx2__tx1_rx3,tx1_rx2,tx1_rx3,True,device_ms,0.11441275289254571,0.10808970132073276,0.09100668877363205,0.11339384317398071,6000,1,0,10.0,100.0,15.0,0,1,1,resampled segment frame count
sub-97793_,13,tx1_rx2__tx1_rx3,tx1_rx2,tx1_rx3,True,host_ms,nan,nan,0.09100668877363205,0.11339384317398071,6000,0,1954,7.0,142.85714285714286,10.5,1955,0,,
